key	n_carriers	n_carriers_declaring_dps	working_precision_at_publication	guard_digits	knob_status	accuracy_at_publication	accuracy_status	example_carrier
1000000000	4	0	-	-	UNRESOLVED-BY-KNOB (carried only by artefacts that declare no dps)	-	UNMEASURED	data/m2_c37_published_constants_census.tsv
10000000000	2	0	-	-	UNRESOLVED-BY-KNOB (carried only by artefacts that declare no dps)	-	UNMEASURED	data/m2_c37_published_constants_census.tsv
100000000000	5	0	-	-	UNRESOLVED-BY-KNOB (carried only by artefacts that declare no dps)	-	UNMEASURED	data/m2_c37_published_constants_census.tsv
100000000499	2	0	-	-	UNRESOLVED-BY-KNOB (carried only by artefacts that declare no dps)	-	UNMEASURED	data/m2_c37_published_constants_census.tsv
100000000500	2	0	-	-	UNRESOLVED-BY-KNOB (carried only by artefacts that declare no dps)	-	UNMEASURED	data/m2_c37_published_constants_census.tsv
1000000006	1	0	-	-	UNRESOLVED-BY-KNOB (carried only by artefacts that declare no dps)	-	UNMEASURED	data/machine2_cycle20_gates.json
1000000012	1	0	-	-	UNRESOLVED-BY-KNOB (carried only by artefacts that declare no dps)	-	UNMEASURED	data/machine2_cycle20_gates.json
1000000041	1	0	-	-	UNRESOLVED-BY-KNOB (carried only by artefacts that declare no dps)	-	UNMEASURED	machine2-cycle8-oos-falsification-2026-09-03-RELAY-BY-astra-pa.md
1000000067	2	0	-	-	UNRESOLVED-BY-KNOB (carried only by artefacts that declare no dps)	-	UNMEASURED	machine2-cycle8-oos-falsification-2026-09-03-RELAY-BY-astra-pa.md
1000000082	1	0	-	-	UNRESOLVED-BY-KNOB (carried only by artefacts that declare no dps)	-	UNMEASURED	machine2-cycle8-oos-falsification-2026-09-03-RELAY-BY-astra-pa.md
1000000125	1	0	-	-	UNRESOLVED-BY-KNOB (carried only by artefacts that declare no dps)	-	UNMEASURED	machine2-cycle8-oos-falsification-2026-09-03-RELAY-BY-astra-pa.md
1000000811	1	0	-	-	UNRESOLVED-BY-KNOB (carried only by artefacts that declare no dps)	-	UNMEASURED	machine2-cycle8-oos-falsification-2026-09-03-RELAY-BY-astra-pa.md
100000311147	1	0	-	-	UNRESOLVED-BY-KNOB (carried only by artefacts that declare no dps)	-	UNMEASURED	data/machine2_cycle15_fold_results5.json
10000031115	2	0	-	-	UNRESOLVED-BY-KNOB (carried only by artefacts that declare no dps)	-	UNMEASURED	data/machine2_cycle15_stage5.out
10000031200	2	0	-	-	UNRESOLVED-BY-KNOB (carried only by artefacts that declare no dps)	-	UNMEASURED	data/machine2_cycle15_stage5.out
100000312001	1	0	-	-	UNRESOLVED-BY-KNOB (carried only by artefacts that declare no dps)	-	UNMEASURED	data/machine2_cycle15_fold_results5.json
1000342175	1	0	-	-	UNRESOLVED-BY-KNOB (carried only by artefacts that declare no dps)	-	UNMEASURED	machine2-two-channel-law-2026-09-02.md
100073700821	1	0	-	-	UNRESOLVED-BY-KNOB (carried only by artefacts that declare no dps)	-	UNMEASURED	data/machine2_cycle20_mainW2.json
100074025934	1	0	-	-	UNRESOLVED-BY-KNOB (carried only by artefacts that declare no dps)	-	UNMEASURED	data/machine2_cycle20_mainW2.json
100199048157	1	0	-	-	UNRESOLVED-BY-KNOB (carried only by artefacts that declare no dps)	-	UNMEASURED	data/machine2_cycle20_mainW2.json
100206332781	3	0	-	-	UNRESOLVED-BY-KNOB (carried only by artefacts that declare no dps)	-	UNMEASURED	data/machine2_cycle23_design_scan.json
1002291823	1	0	-	-	UNRESOLVED-BY-KNOB (carried only by artefacts that declare no dps)	-	UNMEASURED	data/machine2_cycle20_mainW2.json
100284994737	1	0	-	-	UNRESOLVED-BY-KNOB (carried only by artefacts that declare no dps)	-	UNMEASURED	data/machine2_cycle20_slide_K3_epstein_D7_T3.875_e0.15_T250.json
100397074957	1	0	-	-	UNRESOLVED-BY-KNOB (carried only by artefacts that declare no dps)	-	UNMEASURED	data/machine2_cycle25_design_scan_k0_4.json
1004419853	5	1	40	-	POINT	-	UNMEASURED	data/code/m2_c27_s3_prereg.py
100441985340	3	0	-	-	UNRESOLVED-BY-KNOB (carried only by artefacts that declare no dps)	-	UNMEASURED	data/machine2_cycle27_s3_prereg.json
100497402260	2	0	-	-	UNRESOLVED-BY-KNOB (carried only by artefacts that declare no dps)	-	UNMEASURED	data/machine2_cycle15_fold_results8.json
100551329285	1	0	-	-	UNRESOLVED-BY-KNOB (carried only by artefacts that declare no dps)	-	UNMEASURED	data/machine2_cycle23_selfconsistent.json
100598118039	1	0	-	-	UNRESOLVED-BY-KNOB (carried only by artefacts that declare no dps)	-	UNMEASURED	data/machine2_cycle25_design_scan_k0_4.json
100633217958	1	0	-	-	UNRESOLVED-BY-KNOB (carried only by artefacts that declare no dps)	-	UNMEASURED	data/machine2_cycle16_ext_results.json
100643578965	1	0	-	-	UNRESOLVED-BY-KNOB (carried only by artefacts that declare no dps)	-	UNMEASURED	data/machine2_cycle20_mainW2.json
100711196665	2	0	-	-	UNRESOLVED-BY-KNOB (carried only by artefacts that declare no dps)	-	UNMEASURED	machine2-rediscovery-rate-2026-09-03.md
100720857861	1	0	-	-	UNRESOLVED-BY-KNOB (carried only by artefacts that declare no dps)	-	UNMEASURED	data/machine2_cycle24_widthlaw.json
100746817243	1	0	-	-	UNRESOLVED-BY-KNOB (carried only by artefacts that declare no dps)	-	UNMEASURED	data/machine2_cycle23_selfconsistent.json
100750157045	1	1	50	-	POINT	-	UNMEASURED	data/machine2_dn_dps50_n30.json
1008040586	1	0	-	-	UNRESOLVED-BY-KNOB (carried only by artefacts that declare no dps)	-	UNMEASURED	data/machine2_cycle20_slide_K1_zeta_T0_e0.3_T600.json
100949254937	2	0	-	-	UNRESOLVED-BY-KNOB (carried only by artefacts that declare no dps)	-	UNMEASURED	data/m2_c37_published_constants_census.tsv
101040320104	1	0	-	-	UNRESOLVED-BY-KNOB (carried only by artefacts that declare no dps)	-	UNMEASURED	data/machine2_cycle25_design_scan_k0_4.json
10122439156	1	0	-	-	UNRESOLVED-BY-KNOB (carried only by artefacts that declare no dps)	-	UNMEASURED	data/machine2_cycle23_selfconsistent.json
101234466499	1	0	-	-	UNRESOLVED-BY-KNOB (carried only by artefacts that declare no dps)	-	UNMEASURED	data/machine2_c31_fitness_constants.json
1012612317	1	0	-	-	UNRESOLVED-BY-KNOB (carried only by artefacts that declare no dps)	-	UNMEASURED	data/machine2_cycle20_mainW2.json
101317851005	2	0	-	-	UNRESOLVED-BY-KNOB (carried only by artefacts that declare no dps)	-	UNMEASURED	data/machine2_cycle22_zeros210.json
101343346765	3	0	-	-	UNRESOLVED-BY-KNOB (carried only by artefacts that declare no dps)	-	UNMEASURED	data/m2_c37_published_constants_census.tsv
1013433468	1	0	-	-	UNRESOLVED-BY-KNOB (carried only by artefacts that declare no dps)	-	UNMEASURED	machine2-cycle23-REVEAL-and-letter-the-family-fires-my-prereg-falls-m1s-prediction-holds.md
101377780612	1	0	-	-	UNRESOLVED-BY-KNOB (carried only by artefacts that declare no dps)	-	UNMEASURED	data/machine2_cycle24_widthlaw.json
101383418083	1	0	-	-	UNRESOLVED-BY-KNOB (carried only by artefacts that declare no dps)	-	UNMEASURED	data/machine2_cycle16_scan_results.json
101466359307	1	0	-	-	UNRESOLVED-BY-KNOB (carried only by artefacts that declare no dps)	-	UNMEASURED	data/machine2_cycle19_nb_results.json
101539674703	5	0	-	-	UNRESOLVED-BY-KNOB (carried only by artefacts that declare no dps)	-	UNMEASURED	data/m2_c37_published_constants_census.tsv
1016135201	1	0	-	-	UNRESOLVED-BY-KNOB (carried only by artefacts that declare no dps)	-	UNMEASURED	data/machine2_cycle23_shifts.json
101692985373	1	0	-	-	UNRESOLVED-BY-KNOB (carried only by artefacts that declare no dps)	-	UNMEASURED	data/machine2_cycle20_mainW2.json
101700267587	1	0	-	-	UNRESOLVED-BY-KNOB (carried only by artefacts that declare no dps)	-	UNMEASURED	data/machine2_cycle25_design_scan_k2_4.json
101776347140	1	1	40	-	POINT	-	UNMEASURED	data/machine2_cycle28_cover_all.json
101798221186	1	0	-	-	UNRESOLVED-BY-KNOB (carried only by artefacts that declare no dps)	-	UNMEASURED	data/machine2_cycle23_shifts.json
102153231956	1	0	-	-	UNRESOLVED-BY-KNOB (carried only by artefacts that declare no dps)	-	UNMEASURED	data/machine2_cycle16_ext_results.json
102317100019	1	1	40	-	POINT	-	UNMEASURED	data/machine2_transfer_checks.out
102399696489	2	1	90	25	POINT	-	UNMEASURED	data/m2_c37_published_constants_census.tsv
102437703041	1	0	-	-	UNRESOLVED-BY-KNOB (carried only by artefacts that declare no dps)	-	UNMEASURED	machine2-response-to-m1L164-census-M-branch-amendment-v21-and-b-hypothesis-conceded-2026-09-05.md
102437703042	1	0	-	-	UNRESOLVED-BY-KNOB (carried only by artefacts that declare no dps)	-	UNMEASURED	machine2-response-to-m1L164-census-M-branch-amendment-v21-and-b-hypothesis-conceded-2026-09-05.md
102621003140	1	0	-	-	UNRESOLVED-BY-KNOB (carried only by artefacts that declare no dps)	-	UNMEASURED	data/machine2_cycle20_zerosum.json
102696010156	1	0	-	-	UNRESOLVED-BY-KNOB (carried only by artefacts that declare no dps)	-	UNMEASURED	data/machine2_cycle26_boundary.json
102705411588	1	0	-	-	UNRESOLVED-BY-KNOB (carried only by artefacts that declare no dps)	-	UNMEASURED	data/machine2_cycle16_low_results.json
102771618334	1	0	-	-	UNRESOLVED-BY-KNOB (carried only by artefacts that declare no dps)	-	UNMEASURED	data/machine2_cycle20_mainW2.json
102785835488	1	0	-	-	UNRESOLVED-BY-KNOB (carried only by artefacts that declare no dps)	-	UNMEASURED	data/machine2_cycle20_mainW2.json
102812476748	1	0	-	-	UNRESOLVED-BY-KNOB (carried only by artefacts that declare no dps)	-	UNMEASURED	data/machine2_cycle16_ext_results.json
102817529060	2	0	-	-	UNRESOLVED-BY-KNOB (carried only by artefacts that declare no dps)	-	UNMEASURED	data/m2_c37_published_constants_census.tsv
102846729502	1	0	-	-	UNRESOLVED-BY-KNOB (carried only by artefacts that declare no dps)	-	UNMEASURED	data/machine2_cycle23_selfconsistent.json
102851814149	2	0	-	-	UNRESOLVED-BY-KNOB (carried only by artefacts that declare no dps)	-	UNMEASURED	data/code/machine2_cycle21_four_basis_referee.py
102895649635	1	0	-	-	UNRESOLVED-BY-KNOB (carried only by artefacts that declare no dps)	-	UNMEASURED	data/machine2_cycle23_selfconsistent.json
103083910315	1	0	-	-	UNRESOLVED-BY-KNOB (carried only by artefacts that declare no dps)	-	UNMEASURED	data/machine2_cycle23_controls.json
103116143993	1	1	50	-	POINT	-	UNMEASURED	data/machine2_dn_dps50_n30.json
103132281583	1	0	-	-	UNRESOLVED-BY-KNOB (carried only by artefacts that declare no dps)	-	UNMEASURED	data/machine2_cycle23_selfconsistent.json
103206534313	1	0	-	-	UNRESOLVED-BY-KNOB (carried only by artefacts that declare no dps)	-	UNMEASURED	data/machine2_cycle23_selfconsistent.json
103430430278	1	0	-	-	UNRESOLVED-BY-KNOB (carried only by artefacts that declare no dps)	-	UNMEASURED	data/machine2_cycle29_s3_scored.json
103581902825	2	1	90	25	POINT	-	UNMEASURED	data/m2_c37_published_constants_census.tsv
103607018162	1	0	-	-	UNRESOLVED-BY-KNOB (carried only by artefacts that declare no dps)	-	UNMEASURED	data/machine2_cycle25_design_scan_k0_4.json
103627815727	1	1	90,110,125	25,30	RANGE	-	UNMEASURED	data/machine2_c34_refit.json
103627815728	1	1	90,110,125	25,30	RANGE	-	UNMEASURED	data/machine2_c34_refit_batch2.out
1036566595	2	0	-	-	UNRESOLVED-BY-KNOB (carried only by artefacts that declare no dps)	-	UNMEASURED	data/machine2_cycle27_s3_prereg.json
103700197053	1	0	-	-	UNRESOLVED-BY-KNOB (carried only by artefacts that declare no dps)	-	UNMEASURED	data/machine2_cycle26_boundary.json
103725538040	3	0	-	-	UNRESOLVED-BY-KNOB (carried only by artefacts that declare no dps)	-	UNMEASURED	data/machine2_cycle22_zeros210.json
103790052515	1	0	-	-	UNRESOLVED-BY-KNOB (carried only by artefacts that declare no dps)	-	UNMEASURED	data/machine2_cycle16_scan_results.json
1038395974	3	0	-	-	UNRESOLVED-BY-KNOB (carried only by artefacts that declare no dps)	-	UNMEASURED	data/machine2_cycle15_fold_results3.json
103975168608	1	0	-	-	UNRESOLVED-BY-KNOB (carried only by artefacts that declare no dps)	-	UNMEASURED	data/machine2_cycle23_selfconsistent.json
1041772541	2	0	-	-	UNRESOLVED-BY-KNOB (carried only by artefacts that declare no dps)	-	UNMEASURED	data/machine2_cycle29_s3_scored.json
104197476154	1	0	-	-	UNRESOLVED-BY-KNOB (carried only by artefacts that declare no dps)	-	UNMEASURED	data/machine2_cycle20_slide_K3_epstein_D7_T4.65_e0.15_T250.json
104259070455	1	0	-	-	UNRESOLVED-BY-KNOB (carried only by artefacts that declare no dps)	-	UNMEASURED	data/machine2_cycle29_s3_scored.json
104369512943	1	0	-	-	UNRESOLVED-BY-KNOB (carried only by artefacts that declare no dps)	-	UNMEASURED	data/machine2_cycle25_design_scan_k0_4.json
1044018166	2	0	-	-	UNRESOLVED-BY-KNOB (carried only by artefacts that declare no dps)	-	UNMEASURED	data/machine2_cycle25_scored.json
104429813955	1	0	-	-	UNRESOLVED-BY-KNOB (carried only by artefacts that declare no dps)	-	UNMEASURED	data/machine2_cycle20_slide_K1_zeta_T0_e0.3_T600.json
104510115062	1	0	-	-	UNRESOLVED-BY-KNOB (carried only by artefacts that declare no dps)	-	UNMEASURED	data/machine2_cycle25_design_scan_k0_4.json
104586080546	1	0	-	-	UNRESOLVED-BY-KNOB (carried only by artefacts that declare no dps)	-	UNMEASURED	data/machine2_cycle23_design_scan.json
1046115407	1	0	-	-	UNRESOLVED-BY-KNOB (carried only by artefacts that declare no dps)	-	UNMEASURED	data/machine2_cycle24_groundtruth.out
104611540716	1	0	-	-	UNRESOLVED-BY-KNOB (carried only by artefacts that declare no dps)	-	UNMEASURED	data/machine2_cycle24_gt_basis7.json
1046365797	1	0	-	-	UNRESOLVED-BY-KNOB (carried only by artefacts that declare no dps)	-	UNMEASURED	data/machine2_cycle23_design_scan.json
10466568125	1	0	-	-	UNRESOLVED-BY-KNOB (carried only by artefacts that declare no dps)	-	UNMEASURED	machine2-cycle16-void-wedge-census-and-seven-off-line-zeros.md
104665681251	2	0	-	-	UNRESOLVED-BY-KNOB (carried only by artefacts that declare no dps)	-	UNMEASURED	data/machine2_cycle16_zeros_verified.json
104786122662	1	0	-	-	UNRESOLVED-BY-KNOB (carried only by artefacts that declare no dps)	-	UNMEASURED	data/machine2_cycle20_instrumentB_K10W2.json
10480154732	1	0	-	-	UNRESOLVED-BY-KNOB (carried only by artefacts that declare no dps)	-	UNMEASURED	data/machine2_cycle25_design_scan_k0_4.json
104822264656	1	0	-	-	UNRESOLVED-BY-KNOB (carried only by artefacts that declare no dps)	-	UNMEASURED	data/machine2_cycle20_mainW2.json
104823353121	1	0	-	-	UNRESOLVED-BY-KNOB (carried only by artefacts that declare no dps)	-	UNMEASURED	data/machine2_cycle20_instrumentB_K10W2.json
1049028557	1	0	-	-	UNRESOLVED-BY-KNOB (carried only by artefacts that declare no dps)	-	UNMEASURED	data/machine2_cycle26_bandlaw.json
104904837352	1	0	-	-	UNRESOLVED-BY-KNOB (carried only by artefacts that declare no dps)	-	UNMEASURED	data/machine2_cycle25_design_scan_k0_6.json
104914894667	1	0	-	-	UNRESOLVED-BY-KNOB (carried only by artefacts that declare no dps)	-	UNMEASURED	data/machine2_cycle25_design_scan_k0_4.json
104935118191	1	0	-	-	UNRESOLVED-BY-KNOB (carried only by artefacts that declare no dps)	-	UNMEASURED	data/machine2_cycle23_selfconsistent.json
105008584876	1	0	-	-	UNRESOLVED-BY-KNOB (carried only by artefacts that declare no dps)	-	UNMEASURED	data/machine2_cycle25_design_scan_k0_6.json
105047976562	1	0	-	-	UNRESOLVED-BY-KNOB (carried only by artefacts that declare no dps)	-	UNMEASURED	data/machine2_cycle27_s3_prereg.json
105047976563	5	1	40	-	POINT	-	UNMEASURED	data/code/m2_c27_s3_prereg.py
1050479766	1	0	-	-	UNRESOLVED-BY-KNOB (carried only by artefacts that declare no dps)	-	UNMEASURED	data/machine2_cycle29_s3_scored.out
105097923063	1	0	-	-	UNRESOLVED-BY-KNOB (carried only by artefacts that declare no dps)	-	UNMEASURED	data/machine2_cycle16_low_results.json
105145971905	1	0	-	-	UNRESOLVED-BY-KNOB (carried only by artefacts that declare no dps)	-	UNMEASURED	data/machine2_cycle25_design_scan_k0_6.json
105146744082	1	0	-	-	UNRESOLVED-BY-KNOB (carried only by artefacts that declare no dps)	-	UNMEASURED	data/machine2_cycle20_mainW2.json
1052009211	1	0	-	-	UNRESOLVED-BY-KNOB (carried only by artefacts that declare no dps)	-	UNMEASURED	data/machine2_cycle20_mainW2.json
105204442307	1	0	-	-	UNRESOLVED-BY-KNOB (carried only by artefacts that declare no dps)	-	UNMEASURED	data/machine2_cycle20_slide_K3_epstein_D7_T4.65_e0.15_T250.json
105367363282	1	0	-	-	UNRESOLVED-BY-KNOB (carried only by artefacts that declare no dps)	-	UNMEASURED	data/machine2_cycle15_fold_results3.json
1053673633	1	0	-	-	UNRESOLVED-BY-KNOB (carried only by artefacts that declare no dps)	-	UNMEASURED	data/machine2_cycle15_stage3.out
105430710608	1	0	-	-	UNRESOLVED-BY-KNOB (carried only by artefacts that declare no dps)	-	UNMEASURED	data/machine2_cycle19_nb_results.json
105446623052	3	0	-	-	UNRESOLVED-BY-KNOB (carried only by artefacts that declare no dps)	-	UNMEASURED	data/machine2_cycle22_zeros210.json
1056157502	1	1	60	-	POINT	-	UNMEASURED	data/machine2_dn_n70_dps60.txt
105729862605	1	0	-	-	UNRESOLVED-BY-KNOB (carried only by artefacts that declare no dps)	-	UNMEASURED	data/machine2_cycle23_selfconsistent.json
105730340708	1	0	-	-	UNRESOLVED-BY-KNOB (carried only by artefacts that declare no dps)	-	UNMEASURED	data/machine2_cycle25_design_scan_k0_6.json
1058834034	1	1	60	-	POINT	-	UNMEASURED	data/machine2_dn_n70_dps60.txt
1058851886	1	1	60	-	POINT	-	UNMEASURED	data/machine2_dn_n70_dps60.txt
1058955724	1	1	60	-	POINT	-	UNMEASURED	data/machine2_dn_n70_dps60.txt
105901470034	2	0	-	-	UNRESOLVED-BY-KNOB (carried only by artefacts that declare no dps)	-	UNMEASURED	data/m2_c37_published_constants_census.tsv
105961854888	1	0	-	-	UNRESOLVED-BY-KNOB (carried only by artefacts that declare no dps)	-	UNMEASURED	data/machine2_cycle20_zerosum.json
1059989928	1	1	60	-	POINT	-	UNMEASURED	data/machine2_dn_n70_dps60.txt
106049963589	1	0	-	-	UNRESOLVED-BY-KNOB (carried only by artefacts that declare no dps)	-	UNMEASURED	data/machine2_cycle25_design_scan_k0_4.json
106281013775	1	0	-	-	UNRESOLVED-BY-KNOB (carried only by artefacts that declare no dps)	-	UNMEASURED	data/machine2_cycle16_scan_results.json
106497902912	1	0	-	-	UNRESOLVED-BY-KNOB (carried only by artefacts that declare no dps)	-	UNMEASURED	data/machine2_cycle16_low_results.json
1067276574	1	1	60	-	POINT	-	UNMEASURED	data/machine2_dn_n70_dps60.txt
1067355362	1	1	60	-	POINT	-	UNMEASURED	data/machine2_dn_n70_dps60.txt
10686796439	1	0	-	-	UNRESOLVED-BY-KNOB (carried only by artefacts that declare no dps)	-	UNMEASURED	data/machine2_cycle23_selfconsistent.json
106882601371	1	0	-	-	UNRESOLVED-BY-KNOB (carried only by artefacts that declare no dps)	-	UNMEASURED	data/machine2_cycle25_prereg.json
106882601372	4	0	-	-	UNRESOLVED-BY-KNOB (carried only by artefacts that declare no dps)	-	UNMEASURED	data/m2_c37_published_constants_census.tsv
1068919719	1	1	60	-	POINT	-	UNMEASURED	data/machine2_dn_n70_dps60.txt
106903162061	1	0	-	-	UNRESOLVED-BY-KNOB (carried only by artefacts that declare no dps)	-	UNMEASURED	data/machine2_cycle19_nb_results.json
1069134613	1	0	-	-	UNRESOLVED-BY-KNOB (carried only by artefacts that declare no dps)	-	UNMEASURED	data/machine2_cycle26_bandlaw.json
106917616233	1	0	-	-	UNRESOLVED-BY-KNOB (carried only by artefacts that declare no dps)	-	UNMEASURED	data/machine2_cycle23_ordcheck.json
106930147016	2	0	-	-	UNRESOLVED-BY-KNOB (carried only by artefacts that declare no dps)	-	UNMEASURED	data/machine2_cycle23_ordcheck.json
106939043774	1	0	-	-	UNRESOLVED-BY-KNOB (carried only by artefacts that declare no dps)	-	UNMEASURED	data/machine2_cycle23_selfconsistent.json
107000956072	1	0	-	-	UNRESOLVED-BY-KNOB (carried only by artefacts that declare no dps)	-	UNMEASURED	data/machine2_cycle20_slide_K3_epstein_D7_T4.65_e0.15_T250.json
1070106473	1	1	60	-	POINT	-	UNMEASURED	data/machine2_dn_n70_dps60.txt
107067039768	1	0	-	-	UNRESOLVED-BY-KNOB (carried only by artefacts that declare no dps)	-	UNMEASURED	data/machine2_cycle25_design_scan_k2_4.json
1070926447	1	1	60	-	POINT	-	UNMEASURED	data/machine2_dn_n70_dps60.txt
107115401683	1	0	-	-	UNRESOLVED-BY-KNOB (carried only by artefacts that declare no dps)	-	UNMEASURED	data/machine2_cycle23_selfconsistent.json
107157490637	2	0	-	-	UNRESOLVED-BY-KNOB (carried only by artefacts that declare no dps)	-	UNMEASURED	data/machine2_cycle15_fold_results8.json
107168611184	2	0	-	-	UNRESOLVED-BY-KNOB (carried only by artefacts that declare no dps)	-	UNMEASURED	data/machine2_cycle22_zeros210.json
1071794581	1	1	60	-	POINT	-	UNMEASURED	data/machine2_dn_n70_dps60.txt
107205333874	1	0	-	-	UNRESOLVED-BY-KNOB (carried only by artefacts that declare no dps)	-	UNMEASURED	data/machine2_cycle23_selfconsistent.json
107209299174	1	0	-	-	UNRESOLVED-BY-KNOB (carried only by artefacts that declare no dps)	-	UNMEASURED	data/machine2_cycle24_widthlaw.json
107210692927	1	0	-	-	UNRESOLVED-BY-KNOB (carried only by artefacts that declare no dps)	-	UNMEASURED	data/machine2_cycle25_design_scan_k0_4.json
107363881258	1	0	-	-	UNRESOLVED-BY-KNOB (carried only by artefacts that declare no dps)	-	UNMEASURED	data/machine2_cycle25_design_scan_k0_6.json
107367075499	1	0	-	-	UNRESOLVED-BY-KNOB (carried only by artefacts that declare no dps)	-	UNMEASURED	data/machine2_cycle20_slide_K1_zeta_T45.666_e0.3_T600.json
107446899016	1	0	-	-	UNRESOLVED-BY-KNOB (carried only by artefacts that declare no dps)	-	UNMEASURED	data/machine2_cycle24_widthlaw.json
107531652057	1	0	-	-	UNRESOLVED-BY-KNOB (carried only by artefacts that declare no dps)	-	UNMEASURED	data/machine2_cycle23_selfconsistent.json
107616636824	1	0	-	-	UNRESOLVED-BY-KNOB (carried only by artefacts that declare no dps)	-	UNMEASURED	data/machine2_cycle29_s3_scored.json
1076188816	1	1	60	-	POINT	-	UNMEASURED	data/machine2_dn_n70_dps60.txt
1076196016	1	1	60	-	POINT	-	UNMEASURED	data/machine2_dn_n70_dps60.txt
107746689144	1	0	-	-	UNRESOLVED-BY-KNOB (carried only by artefacts that declare no dps)	-	UNMEASURED	data/machine2_cycle24_widthlaw.json
1077883754	2	1	40	-	POINT	-	UNMEASURED	data/machine2_cycle27_anchorblind_c2.json
107830810285	2	2	40	-	POINT	-	UNMEASURED	data/machine2_cycle27_anchorblind_c2.json
1078373408	1	1	60	-	POINT	-	UNMEASURED	data/machine2_dn_n70_dps60.txt
1078888015	1	1	60	-	POINT	-	UNMEASURED	data/machine2_dn_n70_dps60.txt
108015810306	1	0	-	-	UNRESOLVED-BY-KNOB (carried only by artefacts that declare no dps)	-	UNMEASURED	data/machine2_cycle26_boundary.json
108035475236	1	0	-	-	UNRESOLVED-BY-KNOB (carried only by artefacts that declare no dps)	-	UNMEASURED	data/machine2_cycle25_design_scan_k2_4.json
1081642104	1	0	-	-	UNRESOLVED-BY-KNOB (carried only by artefacts that declare no dps)	-	UNMEASURED	data/machine2_cycle27_s3_prereg.out
108235783586	1	0	-	-	UNRESOLVED-BY-KNOB (carried only by artefacts that declare no dps)	-	UNMEASURED	data/machine2_cycle20_slide_K1_zeta_T45.666_e0.3_T600.json
1083249966	1	0	-	-	UNRESOLVED-BY-KNOB (carried only by artefacts that declare no dps)	-	UNMEASURED	data/machine2_cycle23_shifts.json
108375643272	1	0	-	-	UNRESOLVED-BY-KNOB (carried only by artefacts that declare no dps)	-	UNMEASURED	data/machine2_cycle19_nb_results.json
1084287658	1	1	60	-	POINT	-	UNMEASURED	data/machine2_dn_n70_dps60.txt
1084703191	1	0	-	-	UNRESOLVED-BY-KNOB (carried only by artefacts that declare no dps)	-	UNMEASURED	data/machine2_cycle26_bandlaw.json
108475304003	1	0	-	-	UNRESOLVED-BY-KNOB (carried only by artefacts that declare no dps)	-	UNMEASURED	data/machine2_cycle16_scan_results.json
108591075733	1	0	-	-	UNRESOLVED-BY-KNOB (carried only by artefacts that declare no dps)	-	UNMEASURED	data/machine2_cycle23_selfconsistent.json
108677813355	1	0	-	-	UNRESOLVED-BY-KNOB (carried only by artefacts that declare no dps)	-	UNMEASURED	data/machine2_cycle25_design_scan_k2_4.json
1087089797	1	1	60	-	POINT	-	UNMEASURED	data/machine2_dn_n70_dps60.txt
108792958613	1	0	-	-	UNRESOLVED-BY-KNOB (carried only by artefacts that declare no dps)	-	UNMEASURED	data/machine2_cycle25_design_scan_k0_4.json
108810173778	1	0	-	-	UNRESOLVED-BY-KNOB (carried only by artefacts that declare no dps)	-	UNMEASURED	data/machine2_cycle26_branch.json
1088415279	1	1	60	-	POINT	-	UNMEASURED	data/machine2_dn_n70_dps60.txt
1088583971	1	1	60	-	POINT	-	UNMEASURED	data/machine2_dn_n70_dps60.txt
1090191883	1	0	-	-	UNRESOLVED-BY-KNOB (carried only by artefacts that declare no dps)	-	UNMEASURED	data/machine2_cycle25_bands.json
1090273838	1	1	60	-	POINT	-	UNMEASURED	data/machine2_dn_n70_dps60.txt
1090437716	1	1	60	-	POINT	-	UNMEASURED	data/machine2_dn_n70_dps60.txt
1090464876	1	1	60	-	POINT	-	UNMEASURED	data/machine2_dn_n70_dps60.txt
109099073363	2	0	-	-	UNRESOLVED-BY-KNOB (carried only by artefacts that declare no dps)	-	UNMEASURED	data/m2_c37_published_constants_census.tsv
1091016078	1	1	60	-	POINT	-	UNMEASURED	data/machine2_dn_n70_dps60.txt
109393910980	1	0	-	-	UNRESOLVED-BY-KNOB (carried only by artefacts that declare no dps)	-	UNMEASURED	data/machine2_cycle19_nb_results.json
109427080479	1	0	-	-	UNRESOLVED-BY-KNOB (carried only by artefacts that declare no dps)	-	UNMEASURED	data/machine2_cycle20_mainW2.json
109512018926	1	0	-	-	UNRESOLVED-BY-KNOB (carried only by artefacts that declare no dps)	-	UNMEASURED	data/machine2_cycle16_ext_results.json
109517832867	1	0	-	-	UNRESOLVED-BY-KNOB (carried only by artefacts that declare no dps)	-	UNMEASURED	data/machine2_cycle29_s3_scored.json
1095178329	1	0	-	-	UNRESOLVED-BY-KNOB (carried only by artefacts that declare no dps)	-	UNMEASURED	data/machine2_cycle27_s3_prereg.json
1095552734	1	0	-	-	UNRESOLVED-BY-KNOB (carried only by artefacts that declare no dps)	-	UNMEASURED	data/machine2_cycle26_bandlaw.json
109641997908	1	0	-	-	UNRESOLVED-BY-KNOB (carried only by artefacts that declare no dps)	-	UNMEASURED	data/machine2_cycle16_low_results.json
109721898465	1	0	-	-	UNRESOLVED-BY-KNOB (carried only by artefacts that declare no dps)	-	UNMEASURED	data/machine2_cycle19_nb_results.json
1097314911	1	1	60	-	POINT	-	UNMEASURED	data/machine2_dn_n70_dps60.txt
109834796273	1	0	-	-	UNRESOLVED-BY-KNOB (carried only by artefacts that declare no dps)	-	UNMEASURED	data/machine2_cycle20_slide_K3_epstein_D7_T4.65_e0.15_T250.json
109881263540	1	0	-	-	UNRESOLVED-BY-KNOB (carried only by artefacts that declare no dps)	-	UNMEASURED	data/machine2_cycle23_shifts.json
109986734559	2	0	-	-	UNRESOLVED-BY-KNOB (carried only by artefacts that declare no dps)	-	UNMEASURED	data/m2_c37_published_constants_census.tsv
110048002274	1	0	-	-	UNRESOLVED-BY-KNOB (carried only by artefacts that declare no dps)	-	UNMEASURED	data/machine2_cycle26_bandlaw.json
110068843669	1	0	-	-	UNRESOLVED-BY-KNOB (carried only by artefacts that declare no dps)	-	UNMEASURED	data/machine2_cycle20_mainW2.json
110091248846	1	1	90,125,150	25,30	RANGE	-	UNMEASURED	data/m2_c38_runs.json
110093872230	1	0	-	-	UNRESOLVED-BY-KNOB (carried only by artefacts that declare no dps)	-	UNMEASURED	data/machine2_cycle16_scan_results.json
110102824774	1	0	-	-	UNRESOLVED-BY-KNOB (carried only by artefacts that declare no dps)	-	UNMEASURED	data/machine2_cycle16_ext_results.json
110145356310	1	0	-	-	UNRESOLVED-BY-KNOB (carried only by artefacts that declare no dps)	-	UNMEASURED	data/machine2_cycle23_shifts.json
1102206824	1	1	60	-	POINT	-	UNMEASURED	data/machine2_dn_n70_dps60.txt
1102509412	1	1	60	-	POINT	-	UNMEASURED	data/machine2_dn_n70_dps60.txt
110277847993	4	0	-	-	UNRESOLVED-BY-KNOB (carried only by artefacts that declare no dps)	-	UNMEASURED	data/m2_c37_published_constants_census.tsv
110277847994	1	0	-	-	UNRESOLVED-BY-KNOB (carried only by artefacts that declare no dps)	-	UNMEASURED	data/machine2_cycle16_e1_recheck.out
110279592755	2	0	-	-	UNRESOLVED-BY-KNOB (carried only by artefacts that declare no dps)	-	UNMEASURED	data/machine2_cycle16_zeros_verified.json
1102960555	1	0	-	-	UNRESOLVED-BY-KNOB (carried only by artefacts that declare no dps)	-	UNMEASURED	data/machine2_cycle23_shifts.json
110327404905	1	0	-	-	UNRESOLVED-BY-KNOB (carried only by artefacts that declare no dps)	-	UNMEASURED	data/machine2_cycle19_nb_results.json
110339689662	1	0	-	-	UNRESOLVED-BY-KNOB (carried only by artefacts that declare no dps)	-	UNMEASURED	data/machine2_cycle19_nb_results.json
110357953868	1	0	-	-	UNRESOLVED-BY-KNOB (carried only by artefacts that declare no dps)	-	UNMEASURED	data/machine2_cycle19_nb_results.json
110359836179	1	0	-	-	UNRESOLVED-BY-KNOB (carried only by artefacts that declare no dps)	-	UNMEASURED	data/machine2_cycle25_design_scan_k0_4.json
110365676189	1	0	-	-	UNRESOLVED-BY-KNOB (carried only by artefacts that declare no dps)	-	UNMEASURED	data/machine2_cycle16_gate1.json
110407510812	1	0	-	-	UNRESOLVED-BY-KNOB (carried only by artefacts that declare no dps)	-	UNMEASURED	data/machine2_cycle23_sweep_c.json
110412691427	1	0	-	-	UNRESOLVED-BY-KNOB (carried only by artefacts that declare no dps)	-	UNMEASURED	data/machine2_cycle19_nb_results.json
110435926439	1	0	-	-	UNRESOLVED-BY-KNOB (carried only by artefacts that declare no dps)	-	UNMEASURED	data/machine2_cycle16_scan_results.json
110490952424	1	0	-	-	UNRESOLVED-BY-KNOB (carried only by artefacts that declare no dps)	-	UNMEASURED	data/machine2_cycle16_ext_results.json
110491524021	1	0	-	-	UNRESOLVED-BY-KNOB (carried only by artefacts that declare no dps)	-	UNMEASURED	data/machine2_cycle19_nb_results.json
110503541263	1	0	-	-	UNRESOLVED-BY-KNOB (carried only by artefacts that declare no dps)	-	UNMEASURED	data/machine2_cycle19_nb_results.json
110553498702	2	0	-	-	UNRESOLVED-BY-KNOB (carried only by artefacts that declare no dps)	-	UNMEASURED	data/m2_c37_published_constants_census.tsv
11055349900	2	0	-	-	UNRESOLVED-BY-KNOB (carried only by artefacts that declare no dps)	-	UNMEASURED	data/m2_c37_published_constants_census.tsv
110635627018	1	0	-	-	UNRESOLVED-BY-KNOB (carried only by artefacts that declare no dps)	-	UNMEASURED	data/machine2_cycle23_sweep_c.json
110658949371	1	0	-	-	UNRESOLVED-BY-KNOB (carried only by artefacts that declare no dps)	-	UNMEASURED	data/machine2_cycle19_nb_results.json
110671462287	2	0	-	-	UNRESOLVED-BY-KNOB (carried only by artefacts that declare no dps)	-	UNMEASURED	data/results/machine2_c36_analysis.out
110671462288	1	1	130,150,175	-	RANGE	-	UNMEASURED	data/results/machine2_c36_dstar_fullprec.out
110730526463	1	0	-	-	UNRESOLVED-BY-KNOB (carried only by artefacts that declare no dps)	-	UNMEASURED	data/machine2_cycle16_ext_results.json
110744148440	1	0	-	-	UNRESOLVED-BY-KNOB (carried only by artefacts that declare no dps)	-	UNMEASURED	data/machine2_cycle25_design_scan_k2_4.json
110790547608	2	0	-	-	UNRESOLVED-BY-KNOB (carried only by artefacts that declare no dps)	-	UNMEASURED	data/machine2_cycle20_mainW2.json
110829419669	1	0	-	-	UNRESOLVED-BY-KNOB (carried only by artefacts that declare no dps)	-	UNMEASURED	data/machine2_cycle20_slide_K3_epstein_D7_T3.875_e0.15_T250.json
110972229498	1	0	-	-	UNRESOLVED-BY-KNOB (carried only by artefacts that declare no dps)	-	UNMEASURED	data/machine2_cycle19_nb_results.json
111022928803	5	2	60	-	POINT	-	UNMEASURED	data/code/machine2_c31_oos_runner.py
111029535543	3	0	-	-	UNRESOLVED-BY-KNOB (carried only by artefacts that declare no dps)	-	UNMEASURED	data/m2_c37_published_constants_census.tsv
111047654015	1	0	-	-	UNRESOLVED-BY-KNOB (carried only by artefacts that declare no dps)	-	UNMEASURED	data/machine2_cycle25_design_scan_k0_4.json
111110133005	1	1	40	-	POINT	-	UNMEASURED	data/machine2_transfer_checks.out
111110133062	1	1	40	-	POINT	-	UNMEASURED	data/machine2_transfer_checks.out
111132549143	1	0	-	-	UNRESOLVED-BY-KNOB (carried only by artefacts that declare no dps)	-	UNMEASURED	data/machine2_cycle29_s3_scored.json
111250177328	1	1	40	-	POINT	-	UNMEASURED	data/machine2_cycle28_cover_all.json
111261640428	1	0	-	-	UNRESOLVED-BY-KNOB (carried only by artefacts that declare no dps)	-	UNMEASURED	data/machine2_cycle23_shifts.json
111354665565	8	2	40	-	POINT	-	UNMEASURED	data/m2_c37_published_constants_census.tsv
111366002633	1	0	-	-	UNRESOLVED-BY-KNOB (carried only by artefacts that declare no dps)	-	UNMEASURED	data/machine2_cycle23_selfconsistent.json
111414129942	1	0	-	-	UNRESOLVED-BY-KNOB (carried only by artefacts that declare no dps)	-	UNMEASURED	data/machine2_cycle23_selfconsistent.json
111462777220	1	0	-	-	UNRESOLVED-BY-KNOB (carried only by artefacts that declare no dps)	-	UNMEASURED	data/machine2_cycle25_bandaudit.json
111486182752	1	0	-	-	UNRESOLVED-BY-KNOB (carried only by artefacts that declare no dps)	-	UNMEASURED	data/machine2_cycle25_design_scan_k2_4.json
111546866873	1	1	60	-	POINT	-	UNMEASURED	data/machine2_dn_n70_dps60.txt
111631733998	1	0	-	-	UNRESOLVED-BY-KNOB (carried only by artefacts that declare no dps)	-	UNMEASURED	data/machine2_cycle23_selfconsistent.json
111772022069	1	0	-	-	UNRESOLVED-BY-KNOB (carried only by artefacts that declare no dps)	-	UNMEASURED	data/machine2_cycle25_bandaudit.json
111772022553	6	0	-	-	UNRESOLVED-BY-KNOB (carried only by artefacts that declare no dps)	-	UNMEASURED	data/m2_c37_published_constants_census.tsv
111772022554	1	0	-	-	UNRESOLVED-BY-KNOB (carried only by artefacts that declare no dps)	-	UNMEASURED	data/machine2_cycle25_scored.json
111772029057	4	0	-	-	UNRESOLVED-BY-KNOB (carried only by artefacts that declare no dps)	-	UNMEASURED	data/m2_c37_published_constants_census.tsv
111772029058	2	0	-	-	UNRESOLVED-BY-KNOB (carried only by artefacts that declare no dps)	-	UNMEASURED	data/machine2_cycle25_prereg.out
111783773268	6	0	-	-	UNRESOLVED-BY-KNOB (carried only by artefacts that declare no dps)	-	UNMEASURED	data/m2_c37_published_constants_census.tsv
111874659176	2	0	-	-	UNRESOLVED-BY-KNOB (carried only by artefacts that declare no dps)	-	UNMEASURED	data/machine2_cycle22_zeros210.json
111875142436	1	0	-	-	UNRESOLVED-BY-KNOB (carried only by artefacts that declare no dps)	-	UNMEASURED	data/machine2_cycle26_boundary.json
111913550416	1	0	-	-	UNRESOLVED-BY-KNOB (carried only by artefacts that declare no dps)	-	UNMEASURED	data/machine2_cycle25_bands.json
111972593197	1	0	-	-	UNRESOLVED-BY-KNOB (carried only by artefacts that declare no dps)	-	UNMEASURED	data/machine2_cycle23_selfconsistent.json
112112951183	1	1	60	-	POINT	-	UNMEASURED	data/machine2_dn_n70_dps60.txt
112116731750	1	1	60	-	POINT	-	UNMEASURED	data/machine2_dn_n70_dps60.txt
112121699394	1	0	-	-	UNRESOLVED-BY-KNOB (carried only by artefacts that declare no dps)	-	UNMEASURED	data/machine2_cycle19_nb_results.json
112138722550	1	1	60	-	POINT	-	UNMEASURED	data/machine2_dn_n70_dps60.txt
112148712872	1	0	-	-	UNRESOLVED-BY-KNOB (carried only by artefacts that declare no dps)	-	UNMEASURED	data/machine2_cycle16_scan_results.json
112217010968	1	0	-	-	UNRESOLVED-BY-KNOB (carried only by artefacts that declare no dps)	-	UNMEASURED	data/machine2_cycle25_design_scan_k2_4.json
11226530804	1	1	40	-	POINT	-	UNMEASURED	data/machine2_transfer_checks.out
1123247884	1	0	-	-	UNRESOLVED-BY-KNOB (carried only by artefacts that declare no dps)	-	UNMEASURED	data/machine2_cycle26_bandlaw.json
112344565375	1	0	-	-	UNRESOLVED-BY-KNOB (carried only by artefacts that declare no dps)	-	UNMEASURED	data/machine2_cycle16_scan_results.json
112357864774	1	1	60	-	POINT	-	UNMEASURED	data/machine2_dn_n70_dps60.txt
112390319325	23	15	45,50,60,80,120,300	-	RANGE	-	UNMEASURED	data/c28resp/m2_c28r_btrunc.py
112390319326	2	0	-	-	UNRESOLVED-BY-KNOB (carried only by artefacts that declare no dps)	-	UNMEASURED	data/machine2_cycle15_fold_results.json
112425068987	1	0	-	-	UNRESOLVED-BY-KNOB (carried only by artefacts that declare no dps)	-	UNMEASURED	data/machine2_cycle23_scored.json
112425068988	1	0	-	-	UNRESOLVED-BY-KNOB (carried only by artefacts that declare no dps)	-	UNMEASURED	machine2-cycle23-REVEAL-and-letter-the-family-fires-my-prereg-falls-m1s-prediction-holds.md
112542762323	1	0	-	-	UNRESOLVED-BY-KNOB (carried only by artefacts that declare no dps)	-	UNMEASURED	data/machine2_cycle16_gate1.json
112599575013	1	0	-	-	UNRESOLVED-BY-KNOB (carried only by artefacts that declare no dps)	-	UNMEASURED	data/machine2_cycle29_s3_scored.json
112644644968	1	0	-	-	UNRESOLVED-BY-KNOB (carried only by artefacts that declare no dps)	-	UNMEASURED	data/machine2_cycle16_ext_results.json
112671498198	1	0	-	-	UNRESOLVED-BY-KNOB (carried only by artefacts that declare no dps)	-	UNMEASURED	data/machine2_cycle19_nb_results.json
1128531585	1	1	60	-	POINT	-	UNMEASURED	data/machine2_dn_n70_dps60.txt
112879947441	1	0	-	-	UNRESOLVED-BY-KNOB (carried only by artefacts that declare no dps)	-	UNMEASURED	data/machine2_cycle23_selfconsistent.json
112999803337	1	0	-	-	UNRESOLVED-BY-KNOB (carried only by artefacts that declare no dps)	-	UNMEASURED	data/machine2_cycle23_sweep_c.json
113024053869	5	0	-	-	UNRESOLVED-BY-KNOB (carried only by artefacts that declare no dps)	-	UNMEASURED	data/m2_c37_published_constants_census.tsv
113090659384	1	0	-	-	UNRESOLVED-BY-KNOB (carried only by artefacts that declare no dps)	-	UNMEASURED	data/machine2_cycle29_s3_scored.json
1130906594	1	0	-	-	UNRESOLVED-BY-KNOB (carried only by artefacts that declare no dps)	-	UNMEASURED	data/machine2_cycle27_s3_prereg.json
113145348796	1	0	-	-	UNRESOLVED-BY-KNOB (carried only by artefacts that declare no dps)	-	UNMEASURED	data/machine2_cycle25_bandaudit.json
113145349292	6	0	-	-	UNRESOLVED-BY-KNOB (carried only by artefacts that declare no dps)	-	UNMEASURED	data/m2_c37_published_constants_census.tsv
113145353022	6	0	-	-	UNRESOLVED-BY-KNOB (carried only by artefacts that declare no dps)	-	UNMEASURED	data/m2_c37_published_constants_census.tsv
113156196324	6	0	-	-	UNRESOLVED-BY-KNOB (carried only by artefacts that declare no dps)	-	UNMEASURED	data/m2_c37_published_constants_census.tsv
1133811758	1	1	60	-	POINT	-	UNMEASURED	data/m2_c30_scored.json
1134647536	1	0	-	-	UNRESOLVED-BY-KNOB (carried only by artefacts that declare no dps)	-	UNMEASURED	data/machine2_cycle26_bandlaw.json
113493902202	1	0	-	-	UNRESOLVED-BY-KNOB (carried only by artefacts that declare no dps)	-	UNMEASURED	data/machine2_cycle16_low_results.json
113516075262	1	0	-	-	UNRESOLVED-BY-KNOB (carried only by artefacts that declare no dps)	-	UNMEASURED	data/machine2_cycle24_widthlaw.json
113629321946	1	0	-	-	UNRESOLVED-BY-KNOB (carried only by artefacts that declare no dps)	-	UNMEASURED	data/machine2_cycle24_widthlaw.json
113646560441	1	0	-	-	UNRESOLVED-BY-KNOB (carried only by artefacts that declare no dps)	-	UNMEASURED	data/machine2_cycle16_low_results.json
113710284800	1	0	-	-	UNRESOLVED-BY-KNOB (carried only by artefacts that declare no dps)	-	UNMEASURED	data/machine2_cycle19_nb_results.json
113899082019	1	0	-	-	UNRESOLVED-BY-KNOB (carried only by artefacts that declare no dps)	-	UNMEASURED	data/machine2_cycle23_shifts.json
113907928596	1	1	60	-	POINT	-	UNMEASURED	data/machine2_dn_n70_dps60.txt
113924746802	1	1	60	-	POINT	-	UNMEASURED	data/machine2_dn_n70_dps60.txt
1139532755	1	1	60	-	POINT	-	UNMEASURED	data/machine2_dn_n70_dps60.txt
114163342730	2	0	-	-	UNRESOLVED-BY-KNOB (carried only by artefacts that declare no dps)	-	UNMEASURED	machine2-rediscovery-rate-2026-09-03.md
114219990421	1	0	-	-	UNRESOLVED-BY-KNOB (carried only by artefacts that declare no dps)	-	UNMEASURED	data/machine2_cycle19_nb_results.json
114220987743	1	0	-	-	UNRESOLVED-BY-KNOB (carried only by artefacts that declare no dps)	-	UNMEASURED	data/machine2_cycle23_shifts.json
114258936661	1	1	60	-	POINT	-	UNMEASURED	data/machine2_dn_n70_dps60.txt
114276914741	3	0	-	-	UNRESOLVED-BY-KNOB (carried only by artefacts that declare no dps)	-	UNMEASURED	data/m2_c37_published_constants_census.tsv
114276914742	2	0	-	-	UNRESOLVED-BY-KNOB (carried only by artefacts that declare no dps)	-	UNMEASURED	data/machine2_cycle25_prereg.out
114320220915	2	0	-	-	UNRESOLVED-BY-KNOB (carried only by artefacts that declare no dps)	-	UNMEASURED	data/machine2_cycle22_zeros210.json
1144229143	1	1	60	-	POINT	-	UNMEASURED	data/machine2_dn_n70_dps60.txt
114452940584	1	0	-	-	UNRESOLVED-BY-KNOB (carried only by artefacts that declare no dps)	-	UNMEASURED	data/machine2_cycle20_slide_K1_zeta_T49.7738324_e0.3_T600.json
114463250073	1	0	-	-	UNRESOLVED-BY-KNOB (carried only by artefacts that declare no dps)	-	UNMEASURED	data/machine2_cycle20_mainW2.json
1144729886	1	1	30	-	POINT	-	UNMEASURED	data/machine2_cycle21_identity_referee.out
114480474598	1	1	50	-	POINT	-	UNMEASURED	data/machine2_dn_dps50_n30.json
1145075306	1	0	-	-	UNRESOLVED-BY-KNOB (carried only by artefacts that declare no dps)	-	UNMEASURED	data/machine2_cycle26_bandlaw.json
114508762353	1	0	-	-	UNRESOLVED-BY-KNOB (carried only by artefacts that declare no dps)	-	UNMEASURED	data/machine2_cycle25_design_scan_k0_6.json
114512786281	1	1	60	-	POINT	-	UNMEASURED	data/machine2_dn_n70_dps60.txt
114565233578	1	0	-	-	UNRESOLVED-BY-KNOB (carried only by artefacts that declare no dps)	-	UNMEASURED	data/machine2_cycle26_bandlaw.json
114653735146	1	0	-	-	UNRESOLVED-BY-KNOB (carried only by artefacts that declare no dps)	-	UNMEASURED	data/machine2_cycle20_mainW2.json
114688345536	1	1	60	-	POINT	-	UNMEASURED	data/machine2_dn_n70_dps60.txt
114701394580	1	0	-	-	UNRESOLVED-BY-KNOB (carried only by artefacts that declare no dps)	-	UNMEASURED	data/machine2_cycle19_nb_results.json
114742441412	1	0	-	-	UNRESOLVED-BY-KNOB (carried only by artefacts that declare no dps)	-	UNMEASURED	data/machine2_cycle20_mainW2.json
114790113312	1	0	-	-	UNRESOLVED-BY-KNOB (carried only by artefacts that declare no dps)	-	UNMEASURED	data/machine2_cycle16_ext_results.json
1147908028	1	1	60	-	POINT	-	UNMEASURED	data/machine2_dn_n70_dps60.txt
114818577269	1	0	-	-	UNRESOLVED-BY-KNOB (carried only by artefacts that declare no dps)	-	UNMEASURED	data/machine2_b_vector_check.txt
114845005951	1	0	-	-	UNRESOLVED-BY-KNOB (carried only by artefacts that declare no dps)	-	UNMEASURED	data/machine2_cycle20_mainW2.json
114853363497	1	0	-	-	UNRESOLVED-BY-KNOB (carried only by artefacts that declare no dps)	-	UNMEASURED	data/machine2_cycle16_ext_results.json
114868148281	1	0	-	-	UNRESOLVED-BY-KNOB (carried only by artefacts that declare no dps)	-	UNMEASURED	data/machine2_cycle25_design_scan_k2_4.json
114874362487	1	1	60	-	POINT	-	UNMEASURED	data/machine2_dn_n70_dps60.txt
114884261642	5	0	-	-	UNRESOLVED-BY-KNOB (carried only by artefacts that declare no dps)	-	UNMEASURED	data/m2_c37_published_constants_census.tsv
114916731188	6	0	-	-	UNRESOLVED-BY-KNOB (carried only by artefacts that declare no dps)	-	UNMEASURED	data/m2_c37_published_constants_census.tsv
115002839784	1	1	60	-	POINT	-	UNMEASURED	data/machine2_dn_n70_dps60.txt
115019445393	6	3	60	-	POINT	-	UNMEASURED	data/m2_c37_published_constants_census.tsv
11506884513	1	0	-	-	UNRESOLVED-BY-KNOB (carried only by artefacts that declare no dps)	-	UNMEASURED	data/machine2_cycle25_prereg.json
115069985993	1	0	-	-	UNRESOLVED-BY-KNOB (carried only by artefacts that declare no dps)	-	UNMEASURED	data/machine2_cycle23_selfconsistent.json
1151521469	1	0	-	-	UNRESOLVED-BY-KNOB (carried only by artefacts that declare no dps)	-	UNMEASURED	data/machine2_cycle23_design_scan.json
1152086066	1	1	60	-	POINT	-	UNMEASURED	data/machine2_dn_n70_dps60.txt
1153300694	1	1	60	-	POINT	-	UNMEASURED	data/machine2_dn_n70_dps60.txt
115368864162	1	0	-	-	UNRESOLVED-BY-KNOB (carried only by artefacts that declare no dps)	-	UNMEASURED	data/machine2_cycle27_s3_prereg.json
115368864163	2	0	-	-	UNRESOLVED-BY-KNOB (carried only by artefacts that declare no dps)	-	UNMEASURED	data/machine2_cycle27_s3_prereg.json
1153688642	3	0	-	-	UNRESOLVED-BY-KNOB (carried only by artefacts that declare no dps)	-	UNMEASURED	data/machine2_cycle27_s3_prereg.out
115375113100	1	1	90	25	POINT	-	UNMEASURED	data/machine2_c35_signgroup.json
11546626677	1	0	-	-	UNRESOLVED-BY-KNOB (carried only by artefacts that declare no dps)	-	UNMEASURED	data/machine2_cycle29_s3_scored.json
1154675331	1	0	-	-	UNRESOLVED-BY-KNOB (carried only by artefacts that declare no dps)	-	UNMEASURED	data/machine2_cycle27_s3_prereg.out
115467533149	1	0	-	-	UNRESOLVED-BY-KNOB (carried only by artefacts that declare no dps)	-	UNMEASURED	data/machine2_cycle27_s3_prereg.json
115561733286	1	0	-	-	UNRESOLVED-BY-KNOB (carried only by artefacts that declare no dps)	-	UNMEASURED	data/machine2_cycle23_sweep_c.json
115707687207	1	0	-	-	UNRESOLVED-BY-KNOB (carried only by artefacts that declare no dps)	-	UNMEASURED	data/machine2_cycle20_slide_K3_epstein_D7_T4.65_e0.15_T250.json
115818236777	1	1	60	-	POINT	-	UNMEASURED	data/machine2_dn_n70_dps60.txt
115819786386	1	1	60	-	POINT	-	UNMEASURED	data/machine2_dn_n70_dps60.txt
115861870442	1	0	-	-	UNRESOLVED-BY-KNOB (carried only by artefacts that declare no dps)	-	UNMEASURED	data/machine2_cycle20_mainW2.json
115964087100	1	0	-	-	UNRESOLVED-BY-KNOB (carried only by artefacts that declare no dps)	-	UNMEASURED	data/machine2_cycle23_shifts.json
116095663295	1	0	-	-	UNRESOLVED-BY-KNOB (carried only by artefacts that declare no dps)	-	UNMEASURED	data/machine2_cycle29_s3_scored.json
116106256831	1	0	-	-	UNRESOLVED-BY-KNOB (carried only by artefacts that declare no dps)	-	UNMEASURED	data/machine2_cycle16_scan_results.json
116132339329	1	0	-	-	UNRESOLVED-BY-KNOB (carried only by artefacts that declare no dps)	-	UNMEASURED	data/machine2_cycle23_shifts.json
116135801875	2	0	-	-	UNRESOLVED-BY-KNOB (carried only by artefacts that declare no dps)	-	UNMEASURED	data/machine2_cycle25_bands.json
116149214219	1	0	-	-	UNRESOLVED-BY-KNOB (carried only by artefacts that declare no dps)	-	UNMEASURED	data/machine2_cycle16_zeros_verified.json
116160107619	1	0	-	-	UNRESOLVED-BY-KNOB (carried only by artefacts that declare no dps)	-	UNMEASURED	data/machine2_cycle19_nb_results.json
116209835978	1	0	-	-	UNRESOLVED-BY-KNOB (carried only by artefacts that declare no dps)	-	UNMEASURED	data/machine2_cycle26_boundary.json
116226680320	2	0	-	-	UNRESOLVED-BY-KNOB (carried only by artefacts that declare no dps)	-	UNMEASURED	data/machine2_cycle22_zeros210.json
116244272194	1	0	-	-	UNRESOLVED-BY-KNOB (carried only by artefacts that declare no dps)	-	UNMEASURED	data/machine2_cycle25_scored.json
1162442722	1	0	-	-	UNRESOLVED-BY-KNOB (carried only by artefacts that declare no dps)	-	UNMEASURED	data/machine2_cycle25_scored.out
1162845593	1	1	60	-	POINT	-	UNMEASURED	data/machine2_dn_n70_dps60.txt
116288920647	1	1	60	-	POINT	-	UNMEASURED	data/machine2_dn_n70_dps60.txt
116358197477	1	1	90	25	POINT	-	UNMEASURED	data/machine2_c35_signgroup.json
116399934964	1	1	60	-	POINT	-	UNMEASURED	data/machine2_dn_n70_dps60.txt
116492176956	1	0	-	-	UNRESOLVED-BY-KNOB (carried only by artefacts that declare no dps)	-	UNMEASURED	data/machine2_cycle19_nb_results.json
116505166875	6	0	-	-	UNRESOLVED-BY-KNOB (carried only by artefacts that declare no dps)	-	UNMEASURED	data/machine2_cycle29_s3_branch_recheck.json
116505166876	1	0	-	-	UNRESOLVED-BY-KNOB (carried only by artefacts that declare no dps)	-	UNMEASURED	data/machine2_cycle29_s3_scored.json
116505706229	1	0	-	-	UNRESOLVED-BY-KNOB (carried only by artefacts that declare no dps)	-	UNMEASURED	data/machine2_cycle27_s3_prereg.json
11650570623	1	0	-	-	UNRESOLVED-BY-KNOB (carried only by artefacts that declare no dps)	-	UNMEASURED	data/machine2_cycle27_s3_prereg.out
116530959292	1	0	-	-	UNRESOLVED-BY-KNOB (carried only by artefacts that declare no dps)	-	UNMEASURED	data/machine2_cycle25_design_scan_k0_4.json
1165372402	1	1	50	-	POINT	-	UNMEASURED	data/machine2_dn_dps50_n30.json
116538946626	6	0	-	-	UNRESOLVED-BY-KNOB (carried only by artefacts that declare no dps)	-	UNMEASURED	data/machine2_cycle29_s3_branch_recheck.json
116562251559	1	0	-	-	UNRESOLVED-BY-KNOB (carried only by artefacts that declare no dps)	-	UNMEASURED	data/machine2_cycle27_s3_prereg.json
11656225156	1	0	-	-	UNRESOLVED-BY-KNOB (carried only by artefacts that declare no dps)	-	UNMEASURED	data/machine2_cycle27_s3_prereg.out
116682771872	1	0	-	-	UNRESOLVED-BY-KNOB (carried only by artefacts that declare no dps)	-	UNMEASURED	data/machine2_cycle24_widthlaw.json
116830144645	1	0	-	-	UNRESOLVED-BY-KNOB (carried only by artefacts that declare no dps)	-	UNMEASURED	data/machine2_cycle28_a3audit.out
1168301457	1	1	45	-	POINT	-	UNMEASURED	data/machine2_cycle21_birth_locus.out
116883185403	1	0	-	-	UNRESOLVED-BY-KNOB (carried only by artefacts that declare no dps)	-	UNMEASURED	data/machine2_cycle16_low_results.json
116888707968	1	0	-	-	UNRESOLVED-BY-KNOB (carried only by artefacts that declare no dps)	-	UNMEASURED	data/machine2_cycle23_shifts.json
116931208902	1	0	-	-	UNRESOLVED-BY-KNOB (carried only by artefacts that declare no dps)	-	UNMEASURED	data/machine2_cycle20_mainW2.json
116938607575	1	0	-	-	UNRESOLVED-BY-KNOB (carried only by artefacts that declare no dps)	-	UNMEASURED	data/machine2_cycle28_a3audit.out
116945633624	1	0	-	-	UNRESOLVED-BY-KNOB (carried only by artefacts that declare no dps)	-	UNMEASURED	data/machine2_cycle19_nb_results.json
116980408436	1	0	-	-	UNRESOLVED-BY-KNOB (carried only by artefacts that declare no dps)	-	UNMEASURED	data/machine2_cycle28_a3audit.out
116997030176	1	0	-	-	UNRESOLVED-BY-KNOB (carried only by artefacts that declare no dps)	-	UNMEASURED	data/machine2_cycle28_a3audit.out
1170048494	1	1	45	-	POINT	-	UNMEASURED	data/machine2_cycle21_birth_locus.out
11700566955	4	1	50	-	POINT	-	UNMEASURED	data/code/m2_c28_a3_leg_audit.py
1170056696	1	1	45	-	POINT	-	UNMEASURED	data/machine2_cycle21_birth_locus.out
117005669847	2	0	-	-	UNRESOLVED-BY-KNOB (carried only by artefacts that declare no dps)	-	UNMEASURED	data/machine2_cycle28_a3audit.out
1170064319	1	1	45	-	POINT	-	UNMEASURED	data/machine2_cycle21_birth_locus.out
1170067856	1	1	45	-	POINT	-	UNMEASURED	data/machine2_cycle21_birth_locus.out
11700678560	4	1	50	-	POINT	-	UNMEASURED	data/code/m2_c28_a3_leg_audit.py
117006786195	2	0	-	-	UNRESOLVED-BY-KNOB (carried only by artefacts that declare no dps)	-	UNMEASURED	data/machine2_cycle28_a3audit.out
117007168333	1	0	-	-	UNRESOLVED-BY-KNOB (carried only by artefacts that declare no dps)	-	UNMEASURED	data/machine2_cycle28_a3audit.out
117007171329	1	0	-	-	UNRESOLVED-BY-KNOB (carried only by artefacts that declare no dps)	-	UNMEASURED	data/machine2_cycle28_n6basis.out
117007171669	3	1	60	-	POINT	-	UNMEASURED	data/m2_c30_scored.json
117007172015	3	1	60	-	POINT	-	UNMEASURED	data/m2_c30_scored.json
117007172209	4	1	60	-	POINT	-	UNMEASURED	data/m2_c30_scored.json
117007172412	4	1	60	-	POINT	-	UNMEASURED	data/m2_c30_scored.json
117007172591	4	1	60	-	POINT	-	UNMEASURED	data/m2_c30_scored.json
117007172744	1	0	-	-	UNRESOLVED-BY-KNOB (carried only by artefacts that declare no dps)	-	UNMEASURED	data/machine2_cycle28_n6basis.out
117007172903	4	1	60	-	POINT	-	UNMEASURED	data/m2_c30_scored.json
117007173119	2	0	-	-	UNRESOLVED-BY-KNOB (carried only by artefacts that declare no dps)	-	UNMEASURED	data/m2_c37_published_constants_census.tsv
117007173136	2	0	-	-	UNRESOLVED-BY-KNOB (carried only by artefacts that declare no dps)	-	UNMEASURED	data/m2_c37_published_constants_census.tsv
117007173155	2	0	-	-	UNRESOLVED-BY-KNOB (carried only by artefacts that declare no dps)	-	UNMEASURED	data/m2_c37_published_constants_census.tsv
117007173164	2	0	-	-	UNRESOLVED-BY-KNOB (carried only by artefacts that declare no dps)	-	UNMEASURED	data/m2_c37_published_constants_census.tsv
117007173174	2	0	-	-	UNRESOLVED-BY-KNOB (carried only by artefacts that declare no dps)	-	UNMEASURED	data/m2_c37_published_constants_census.tsv
117007173179	1	0	-	-	UNRESOLVED-BY-KNOB (carried only by artefacts that declare no dps)	-	UNMEASURED	machine2-response-to-m1L164-census-M-branch-amendment-v21-and-b-hypothesis-conceded-2026-09-05.md
11700717318	2	0	-	-	UNRESOLVED-BY-KNOB (carried only by artefacts that declare no dps)	-	UNMEASURED	data/m2_c37_published_constants_census.tsv
117007173198	11	4	60	-	POINT	-	UNMEASURED	data/code/m2_c30_counterfactual.py
117007173199	3	0	-	-	UNRESOLVED-BY-KNOB (carried only by artefacts that declare no dps)	-	UNMEASURED	data/m2_c37_published_constants_census.tsv
1170071732	2	0	-	-	UNRESOLVED-BY-KNOB (carried only by artefacts that declare no dps)	-	UNMEASURED	data/m2_c37_published_constants_census.tsv
117007173202	1	0	-	-	UNRESOLVED-BY-KNOB (carried only by artefacts that declare no dps)	-	UNMEASURED	data/machine2_cycle28_n6basis.out
117007173204	36	21	50,60,70,85,90,100,110,120,125,150,200,300,400	25,30	RANGE	-	UNMEASURED	data/c28resp/m2_c28r_btrunc.py
117007173206	3	0	-	-	UNRESOLVED-BY-KNOB (carried only by artefacts that declare no dps)	-	UNMEASURED	data/m2_c37_published_constants_census.tsv
117007173207	3	0	-	-	UNRESOLVED-BY-KNOB (carried only by artefacts that declare no dps)	-	UNMEASURED	data/m2_c37_published_constants_census.tsv
117007173208	1	0	-	-	UNRESOLVED-BY-KNOB (carried only by artefacts that declare no dps)	-	UNMEASURED	data/machine2_c31_calib.out
117007173209	1	0	-	-	UNRESOLVED-BY-KNOB (carried only by artefacts that declare no dps)	-	UNMEASURED	data/machine2_c31_calib.out
117007173210	14	5	60,70,85,100	25	RANGE	-	UNMEASURED	data/code/machine2_c31_oos_runner.py
117007173211	2	0	-	-	UNRESOLVED-BY-KNOB (carried only by artefacts that declare no dps)	-	UNMEASURED	data/m2_c37_published_constants_census.tsv
117007173221	2	0	-	-	UNRESOLVED-BY-KNOB (carried only by artefacts that declare no dps)	-	UNMEASURED	data/machine2_c30_counterfactual.out
117007173241	1	1	60	-	POINT	-	UNMEASURED	data/machine2_c31b_scored.json
117007173245	1	1	60	-	POINT	-	UNMEASURED	data/machine2_c31b_scored.json
117007173253	1	1	60	-	POINT	-	UNMEASURED	data/machine2_c31b_scored.json
117007173256	2	0	-	-	UNRESOLVED-BY-KNOB (carried only by artefacts that declare no dps)	-	UNMEASURED	data/m2_c37_published_constants_census.tsv
117007173261	5	1	60	-	POINT	-	UNMEASURED	data/m2_c37_published_constants_census.tsv
117007173264	1	0	-	-	UNRESOLVED-BY-KNOB (carried only by artefacts that declare no dps)	-	UNMEASURED	data/machine2_cycle28_n6epsfix.out
117007173267	2	0	-	-	UNRESOLVED-BY-KNOB (carried only by artefacts that declare no dps)	-	UNMEASURED	machine2-c28-two-point-anchor-catches-half-and-n6-graduation-attacked.md
117007173268	4	0	-	-	UNRESOLVED-BY-KNOB (carried only by artefacts that declare no dps)	-	UNMEASURED	data/m2_c37_published_constants_census.tsv
117007173269	1	0	-	-	UNRESOLVED-BY-KNOB (carried only by artefacts that declare no dps)	-	UNMEASURED	data/machine2_cycle28_n6epsfix.out
11700717327	1	0	-	-	UNRESOLVED-BY-KNOB (carried only by artefacts that declare no dps)	-	UNMEASURED	machine2-response-to-m1L164-census-M-branch-amendment-v21-and-b-hypothesis-conceded-2026-09-05.md
117007173271	4	0	-	-	UNRESOLVED-BY-KNOB (carried only by artefacts that declare no dps)	-	UNMEASURED	data/m2_c37_published_constants_census.tsv
1170071733	3	1	45	-	POINT	-	UNMEASURED	data/machine2_cycle21_birth_locus.out
117007173334	1	1	60	-	POINT	-	UNMEASURED	data/machine2_c31b_scored.json
117007173339	2	0	-	-	UNRESOLVED-BY-KNOB (carried only by artefacts that declare no dps)	-	UNMEASURED	data/m2_c37_published_constants_census.tsv
117007173353	1	0	-	-	UNRESOLVED-BY-KNOB (carried only by artefacts that declare no dps)	-	UNMEASURED	data/machine2_c32_higher_coeffs.out
117007173381	2	0	-	-	UNRESOLVED-BY-KNOB (carried only by artefacts that declare no dps)	-	UNMEASURED	data/m2_c37_published_constants_census.tsv
117007173385	1	0	-	-	UNRESOLVED-BY-KNOB (carried only by artefacts that declare no dps)	-	UNMEASURED	data/machine2_cycle28_n6residual.out
1170071734	2	1	45	-	POINT	-	UNMEASURED	data/machine2_cycle21_birth_locus.out
117007173549	1	0	-	-	UNRESOLVED-BY-KNOB (carried only by artefacts that declare no dps)	-	UNMEASURED	data/machine2_cycle28_n6basis.out
117007173554	3	1	60	-	POINT	-	UNMEASURED	data/m2_c37_published_constants_census.tsv
117007173702	1	0	-	-	UNRESOLVED-BY-KNOB (carried only by artefacts that declare no dps)	-	UNMEASURED	data/m2_c37_published_constants_census.tsv
117007173757	3	0	-	-	UNRESOLVED-BY-KNOB (carried only by artefacts that declare no dps)	-	UNMEASURED	data/m2_c37_published_constants_census.tsv
117007173758	2	1	45	-	POINT	-	UNMEASURED	data/machine2_cycle21_birth_locus.out
117007173798	1	0	-	-	UNRESOLVED-BY-KNOB (carried only by artefacts that declare no dps)	-	UNMEASURED	data/machine2_cycle28_n6residual.out
117007173811	1	0	-	-	UNRESOLVED-BY-KNOB (carried only by artefacts that declare no dps)	-	UNMEASURED	data/machine2_cycle28_n6epsfix.out
117007174233	2	0	-	-	UNRESOLVED-BY-KNOB (carried only by artefacts that declare no dps)	-	UNMEASURED	data/machine2_cycle28_n6basis.out
1170071747	1	1	45	-	POINT	-	UNMEASURED	data/machine2_cycle21_birth_locus.out
117007174840	1	0	-	-	UNRESOLVED-BY-KNOB (carried only by artefacts that declare no dps)	-	UNMEASURED	data/machine2_cycle28_n6residual.out
117007175085	1	0	-	-	UNRESOLVED-BY-KNOB (carried only by artefacts that declare no dps)	-	UNMEASURED	data/machine2_cycle28_n6basis.out
11700717549	1	0	-	-	UNRESOLVED-BY-KNOB (carried only by artefacts that declare no dps)	-	UNMEASURED	data/machine2_cycle28_a3audit.out
117007175740	1	0	-	-	UNRESOLVED-BY-KNOB (carried only by artefacts that declare no dps)	-	UNMEASURED	data/machine2_cycle28_n6basis.out
117007176099	2	0	-	-	UNRESOLVED-BY-KNOB (carried only by artefacts that declare no dps)	-	UNMEASURED	data/m2_c37_published_constants_census.tsv
117007176791	1	0	-	-	UNRESOLVED-BY-KNOB (carried only by artefacts that declare no dps)	-	UNMEASURED	data/machine2_cycle28_a3audit.out
117007176973	1	1	60	-	POINT	-	UNMEASURED	data/machine2_c31b_scored.json
117007177567	1	0	-	-	UNRESOLVED-BY-KNOB (carried only by artefacts that declare no dps)	-	UNMEASURED	data/machine2_cycle28_a3audit.out
1170071779	2	1	45	-	POINT	-	UNMEASURED	data/machine2_cycle21_birth_locus.out
117007179036	4	1	60	-	POINT	-	UNMEASURED	data/m2_c30_scored.json
117007179399	2	0	-	-	UNRESOLVED-BY-KNOB (carried only by artefacts that declare no dps)	-	UNMEASURED	data/m2_c37_published_constants_census.tsv
117007179434	2	0	-	-	UNRESOLVED-BY-KNOB (carried only by artefacts that declare no dps)	-	UNMEASURED	data/m2_c37_published_constants_census.tsv
117007180136	1	0	-	-	UNRESOLVED-BY-KNOB (carried only by artefacts that declare no dps)	-	UNMEASURED	data/machine2_cycle28_a3audit.out
117007181174	1	1	60	-	POINT	-	UNMEASURED	data/machine2_c31b_scored.json
117007184690	1	0	-	-	UNRESOLVED-BY-KNOB (carried only by artefacts that declare no dps)	-	UNMEASURED	data/machine2_cycle28_n6basis.out
117007185463	5	1	60	-	POINT	-	UNMEASURED	data/m2_c30_scored.json
117007185769	2	0	-	-	UNRESOLVED-BY-KNOB (carried only by artefacts that declare no dps)	-	UNMEASURED	data/m2_c37_published_constants_census.tsv
117007185799	2	0	-	-	UNRESOLVED-BY-KNOB (carried only by artefacts that declare no dps)	-	UNMEASURED	data/m2_c37_published_constants_census.tsv
1170071868	1	1	45	-	POINT	-	UNMEASURED	data/machine2_cycle21_birth_locus.out
117007189455	1	0	-	-	UNRESOLVED-BY-KNOB (carried only by artefacts that declare no dps)	-	UNMEASURED	data/m2_c37_published_constants_census.tsv
117007189500	2	0	-	-	UNRESOLVED-BY-KNOB (carried only by artefacts that declare no dps)	-	UNMEASURED	data/m2_c37_published_constants_census.tsv
117007189501	1	1	45	-	POINT	-	UNMEASURED	data/machine2_cycle21_birth_locus.out
117007189785	1	0	-	-	UNRESOLVED-BY-KNOB (carried only by artefacts that declare no dps)	-	UNMEASURED	data/machine2_cycle28_n6residual.out
117007190323	3	0	-	-	UNRESOLVED-BY-KNOB (carried only by artefacts that declare no dps)	-	UNMEASURED	data/m2_c37_published_constants_census.tsv
117007192875	1	0	-	-	UNRESOLVED-BY-KNOB (carried only by artefacts that declare no dps)	-	UNMEASURED	data/machine2_cycle28_a3audit.out
117007193634	1	0	-	-	UNRESOLVED-BY-KNOB (carried only by artefacts that declare no dps)	-	UNMEASURED	data/machine2_cycle28_n6epsfix.out
117007200919	3	0	-	-	UNRESOLVED-BY-KNOB (carried only by artefacts that declare no dps)	-	UNMEASURED	data/m2_c37_published_constants_census.tsv
117007201272	4	1	45	-	POINT	-	UNMEASURED	data/m2_c37_published_constants_census.tsv
1170072013	1	1	45	-	POINT	-	UNMEASURED	data/machine2_cycle21_birth_locus.out
117007201409	1	0	-	-	UNRESOLVED-BY-KNOB (carried only by artefacts that declare no dps)	-	UNMEASURED	data/machine2_cycle28_n6residual.out
1170072021	1	1	45	-	POINT	-	UNMEASURED	data/machine2_cycle21_birth_locus.out
117007204266	1	0	-	-	UNRESOLVED-BY-KNOB (carried only by artefacts that declare no dps)	-	UNMEASURED	data/machine2_cycle28_n6epsfix.out
117007365014	1	0	-	-	UNRESOLVED-BY-KNOB (carried only by artefacts that declare no dps)	-	UNMEASURED	data/machine2_cycle28_a3audit.out
117007894313	1	0	-	-	UNRESOLVED-BY-KNOB (carried only by artefacts that declare no dps)	-	UNMEASURED	data/machine2_cycle28_a3audit.out
117010129059	1	0	-	-	UNRESOLVED-BY-KNOB (carried only by artefacts that declare no dps)	-	UNMEASURED	data/machine2_cycle28_a3audit.out
117012292209	5	3	60	-	POINT	-	UNMEASURED	data/m2_c37_published_constants_census.tsv
117012292379	2	1	60	-	POINT	-	UNMEASURED	data/m2_c37_published_constants_census.tsv
117014339872	5	3	60	-	POINT	-	UNMEASURED	data/m2_c37_published_constants_census.tsv
117014339952	2	1	60	-	POINT	-	UNMEASURED	data/m2_c37_published_constants_census.tsv
117017411436	5	3	60	-	POINT	-	UNMEASURED	data/m2_c37_published_constants_census.tsv
117017411469	2	1	60	-	POINT	-	UNMEASURED	data/m2_c37_published_constants_census.tsv
117017709645	1	1	50	-	POINT	-	UNMEASURED	data/machine2_dn_dps50_n30.json
117018534803	1	0	-	-	UNRESOLVED-BY-KNOB (carried only by artefacts that declare no dps)	-	UNMEASURED	data/machine2_cycle28_a3audit.out
1170185357	1	1	45	-	POINT	-	UNMEASURED	data/machine2_cycle21_birth_locus.out
117018535740	1	0	-	-	UNRESOLVED-BY-KNOB (carried only by artefacts that declare no dps)	-	UNMEASURED	data/machine2_cycle28_n6residual.out
117021506982	5	3	60	-	POINT	-	UNMEASURED	data/m2_c37_published_constants_census.tsv
117021506994	2	1	60	-	POINT	-	UNMEASURED	data/m2_c37_published_constants_census.tsv
117027648944	3	1	60	-	POINT	-	UNMEASURED	data/m2_c30_scored.json
117027649318	1	1	60	-	POINT	-	UNMEASURED	data/m2_c30_scored.json
117027650564	3	1	60	-	POINT	-	UNMEASURED	data/code/m2_c30_ladder_runner.py
117031746487	5	3	60	-	POINT	-	UNMEASURED	data/m2_c37_published_constants_census.tsv
117037889901	3	1	60	-	POINT	-	UNMEASURED	data/m2_c30_scored.json
117037890150	1	1	60	-	POINT	-	UNMEASURED	data/m2_c30_scored.json
117037890618	2	1	60	-	POINT	-	UNMEASURED	data/m2_c30_scored.json
117052227902	3	1	60	-	POINT	-	UNMEASURED	data/m2_c30_scored.json
117052228072	1	1	60	-	POINT	-	UNMEASURED	data/m2_c30_scored.json
117052228232	2	1	60	-	POINT	-	UNMEASURED	data/m2_c30_scored.json
117062082026	1	0	-	-	UNRESOLVED-BY-KNOB (carried only by artefacts that declare no dps)	-	UNMEASURED	data/machine2_cycle16_low_results.json
117062470491	2	1	60	-	POINT	-	UNMEASURED	data/m2_c37_published_constants_census.tsv
117062470494	5	3	60	-	POINT	-	UNMEASURED	data/m2_c37_published_constants_census.tsv
117074529997	1	0	-	-	UNRESOLVED-BY-KNOB (carried only by artefacts that declare no dps)	-	UNMEASURED	data/machine2_cycle23_shifts.json
117074762252	3	1	60	-	POINT	-	UNMEASURED	data/m2_c30_scored.json
117074762365	1	1	60	-	POINT	-	UNMEASURED	data/m2_c30_scored.json
117074762394	2	1	60	-	POINT	-	UNMEASURED	data/m2_c30_scored.json
117084324151	1	0	-	-	UNRESOLVED-BY-KNOB (carried only by artefacts that declare no dps)	-	UNMEASURED	data/machine2_cycle23_selfconsistent.json
117105801592	2	0	-	-	UNRESOLVED-BY-KNOB (carried only by artefacts that declare no dps)	-	UNMEASURED	data/machine2_cycle23_scored.json
117109596590	3	1	60	-	POINT	-	UNMEASURED	data/m2_c30_scored.json
117109596647	2	1	60	-	POINT	-	UNMEASURED	data/m2_c30_scored.json
117109596665	1	1	60	-	POINT	-	UNMEASURED	data/m2_c30_scored.json
1171224128	1	1	50	-	POINT	-	UNMEASURED	data/machine2_dn_dps50_n30.json
117150614271	1	0	-	-	UNRESOLVED-BY-KNOB (carried only by artefacts that declare no dps)	-	UNMEASURED	data/machine2_cycle25_prereg.json
117150614272	3	0	-	-	UNRESOLVED-BY-KNOB (carried only by artefacts that declare no dps)	-	UNMEASURED	data/m2_c37_published_constants_census.tsv
117160842762	3	1	60	-	POINT	-	UNMEASURED	data/m2_c30_scored.json
117160842781	2	1	60	-	POINT	-	UNMEASURED	data/m2_c30_scored.json
117160842812	1	1	60	-	POINT	-	UNMEASURED	data/m2_c30_scored.json
117212111931	2	0	-	-	UNRESOLVED-BY-KNOB (carried only by artefacts that declare no dps)	-	UNMEASURED	data/m2_c37_published_constants_census.tsv
11721211198	2	1	50	-	POINT	-	UNMEASURED	data/code/m2_c28_a3_leg_audit.py
117212111983	2	0	-	-	UNRESOLVED-BY-KNOB (carried only by artefacts that declare no dps)	-	UNMEASURED	data/m2_c37_published_constants_census.tsv
117212111984	2	1	45	-	POINT	-	UNMEASURED	data/machine2_cycle21_birth_locus.out
117237530133	2	0	-	-	UNRESOLVED-BY-KNOB (carried only by artefacts that declare no dps)	-	UNMEASURED	data/m2_c37_published_constants_census.tsv
117237530178	2	1	45	-	POINT	-	UNMEASURED	data/m2_c37_published_constants_census.tsv
117237530179	4	2	30,45	-	RANGE	-	UNMEASURED	data/code/m2_a6_audit.py
11723753018	2	1	50	-	POINT	-	UNMEASURED	data/code/m2_c28_a3_leg_audit.py
1172375302	1	1	45	-	POINT	-	UNMEASURED	data/machine2_cycle21_birth_locus.out
117237530820	1	0	-	-	UNRESOLVED-BY-KNOB (carried only by artefacts that declare no dps)	-	UNMEASURED	data/machine2_cycle28_n6residual.out
117284672477	2	0	-	-	UNRESOLVED-BY-KNOB (carried only by artefacts that declare no dps)	-	UNMEASURED	data/m2_c37_published_constants_census.tsv
117331184978	1	0	-	-	UNRESOLVED-BY-KNOB (carried only by artefacts that declare no dps)	-	UNMEASURED	data/machine2_cycle16_ext_results.json
1173550546	1	0	-	-	UNRESOLVED-BY-KNOB (carried only by artefacts that declare no dps)	-	UNMEASURED	data/machine2_cycle20_mainW2.json
117417419970	2	0	-	-	UNRESOLVED-BY-KNOB (carried only by artefacts that declare no dps)	-	UNMEASURED	data/m2_c37_published_constants_census.tsv
11741741999	2	1	50	-	POINT	-	UNMEASURED	data/code/m2_c28_a3_leg_audit.py
117417419993	4	1	45	-	POINT	-	UNMEASURED	data/m2_c37_published_constants_census.tsv
117472199903	1	0	-	-	UNRESOLVED-BY-KNOB (carried only by artefacts that declare no dps)	-	UNMEASURED	data/machine2_cycle29_s3_scored.json
1175071458	1	0	-	-	UNRESOLVED-BY-KNOB (carried only by artefacts that declare no dps)	-	UNMEASURED	data/machine2_cycle26_bandlaw.json
117531491400	1	0	-	-	UNRESOLVED-BY-KNOB (carried only by artefacts that declare no dps)	-	UNMEASURED	data/machine2_cycle19_nb_results.json
117531841043	1	0	-	-	UNRESOLVED-BY-KNOB (carried only by artefacts that declare no dps)	-	UNMEASURED	data/machine2_cycle19_nb_results.json
117534734434	1	0	-	-	UNRESOLVED-BY-KNOB (carried only by artefacts that declare no dps)	-	UNMEASURED	data/machine2_cycle19_nb_results.json
117543461073	1	0	-	-	UNRESOLVED-BY-KNOB (carried only by artefacts that declare no dps)	-	UNMEASURED	data/machine2_cycle19_nb_results.json
117566574520	1	0	-	-	UNRESOLVED-BY-KNOB (carried only by artefacts that declare no dps)	-	UNMEASURED	data/machine2_cycle19_nb_results.json
117567972610	1	1	60	-	POINT	-	UNMEASURED	data/machine2_dn_n70_dps60.txt
117576186918	1	0	-	-	UNRESOLVED-BY-KNOB (carried only by artefacts that declare no dps)	-	UNMEASURED	data/machine2_cycle26_boundary.json
1176119142	6	2	40	-	POINT	-	UNMEASURED	data/code/m2_c23_design.py
117612024293	1	0	-	-	UNRESOLVED-BY-KNOB (carried only by artefacts that declare no dps)	-	UNMEASURED	data/machine2_cycle22_scored_witness.json
117612046732	1	0	-	-	UNRESOLVED-BY-KNOB (carried only by artefacts that declare no dps)	-	UNMEASURED	data/machine2_cycle22_scored_witness.json
117612055442	1	0	-	-	UNRESOLVED-BY-KNOB (carried only by artefacts that declare no dps)	-	UNMEASURED	data/machine2_cycle22_scored_witness.json
117612058444	1	0	-	-	UNRESOLVED-BY-KNOB (carried only by artefacts that declare no dps)	-	UNMEASURED	data/machine2_cycle22_scored_witness.json
117612060208	1	0	-	-	UNRESOLVED-BY-KNOB (carried only by artefacts that declare no dps)	-	UNMEASURED	data/machine2_cycle22_scored_witness.json
117612060651	1	0	-	-	UNRESOLVED-BY-KNOB (carried only by artefacts that declare no dps)	-	UNMEASURED	data/machine2_cycle22_scored_witness.json
117612060794	1	0	-	-	UNRESOLVED-BY-KNOB (carried only by artefacts that declare no dps)	-	UNMEASURED	data/machine2_cycle22_scored_witness.json
117612060800	1	0	-	-	UNRESOLVED-BY-KNOB (carried only by artefacts that declare no dps)	-	UNMEASURED	data/machine2_cycle22_scored_witness.json
11761206927	1	0	-	-	UNRESOLVED-BY-KNOB (carried only by artefacts that declare no dps)	-	UNMEASURED	machine2-cycle24-node-budget-exposure-census-and-the-container-width-trap.md
117612069274	28	7	40	-	POINT	-	UNMEASURED	data/code/m2_c24_build_census.py
117612069275	4	0	-	-	UNRESOLVED-BY-KNOB (carried only by artefacts that declare no dps)	-	UNMEASURED	data/m2_c37_published_constants_census.tsv
117612078601	1	0	-	-	UNRESOLVED-BY-KNOB (carried only by artefacts that declare no dps)	-	UNMEASURED	data/machine2_cycle22_scored_witness.json
117612160093	1	0	-	-	UNRESOLVED-BY-KNOB (carried only by artefacts that declare no dps)	-	UNMEASURED	data/machine2_cycle22_scored_witness.json
117612345234	1	0	-	-	UNRESOLVED-BY-KNOB (carried only by artefacts that declare no dps)	-	UNMEASURED	data/machine2_cycle22_scored_witness.json
117642743956	1	0	-	-	UNRESOLVED-BY-KNOB (carried only by artefacts that declare no dps)	-	UNMEASURED	data/machine2_cycle19_nb_results.json
117669622887	1	0	-	-	UNRESOLVED-BY-KNOB (carried only by artefacts that declare no dps)	-	UNMEASURED	data/machine2_cycle16_ext_results.json
117726082814	2	0	-	-	UNRESOLVED-BY-KNOB (carried only by artefacts that declare no dps)	-	UNMEASURED	data/m2_c37_published_constants_census.tsv
117726082826	2	0	-	-	UNRESOLVED-BY-KNOB (carried only by artefacts that declare no dps)	-	UNMEASURED	data/m2_c37_published_constants_census.tsv
117726082827	2	1	45	-	POINT	-	UNMEASURED	data/machine2_cycle21_birth_locus.out
11772608283	2	1	50	-	POINT	-	UNMEASURED	data/code/m2_c28_a3_leg_audit.py
1177375036	1	1	50	-	POINT	-	UNMEASURED	data/machine2_dn_dps50_n30.json
117925149770	2	0	-	-	UNRESOLVED-BY-KNOB (carried only by artefacts that declare no dps)	-	UNMEASURED	data/machine2_cycle19_nb_results.json
117944213809	1	0	-	-	UNRESOLVED-BY-KNOB (carried only by artefacts that declare no dps)	-	UNMEASURED	data/machine2_cycle19_nb_results.json
117975107012	1	0	-	-	UNRESOLVED-BY-KNOB (carried only by artefacts that declare no dps)	-	UNMEASURED	machine2-cycle22-witness-fires-on-the-bare-zero-side.md
118013516745	1	0	-	-	UNRESOLVED-BY-KNOB (carried only by artefacts that declare no dps)	-	UNMEASURED	data/machine2_cycle19_nb_results.json
118019624916	1	0	-	-	UNRESOLVED-BY-KNOB (carried only by artefacts that declare no dps)	-	UNMEASURED	data/machine2_cycle29_s3_scored.json
118111533115	2	0	-	-	UNRESOLVED-BY-KNOB (carried only by artefacts that declare no dps)	-	UNMEASURED	data/machine2_cycle20_mainW2.json
118149886373	1	0	-	-	UNRESOLVED-BY-KNOB (carried only by artefacts that declare no dps)	-	UNMEASURED	data/machine2_cycle25_design_scan_k2_4.json
118153192667	2	0	-	-	UNRESOLVED-BY-KNOB (carried only by artefacts that declare no dps)	-	UNMEASURED	data/machine2_c32_arith.out
1181531944	1	0	-	-	UNRESOLVED-BY-KNOB (carried only by artefacts that declare no dps)	-	UNMEASURED	data/machine2_c32_a_noheader.out
118153194401	8	2	60,80	-	RANGE	-	UNMEASURED	data/code/machine2_c32_a_from_ladder_noheader.py
118176422781	1	1	60	-	POINT	-	UNMEASURED	data/machine2_dn_n70_dps60.txt
118212604779	2	0	-	-	UNRESOLVED-BY-KNOB (carried only by artefacts that declare no dps)	-	UNMEASURED	data/machine2_cycle15_fold_results8.json
118242421407	2	0	-	-	UNRESOLVED-BY-KNOB (carried only by artefacts that declare no dps)	-	UNMEASURED	data/m2_c37_published_constants_census.tsv
11824242141	2	1	50	-	POINT	-	UNMEASURED	data/code/m2_c28_a3_leg_audit.py
118242421413	2	0	-	-	UNRESOLVED-BY-KNOB (carried only by artefacts that declare no dps)	-	UNMEASURED	data/m2_c37_published_constants_census.tsv
118242421414	2	1	45	-	POINT	-	UNMEASURED	data/machine2_cycle21_birth_locus.out
1183853039	1	1	50	-	POINT	-	UNMEASURED	data/machine2_dn_dps50_n30.json
11842563361	14	1	20,30	-	RANGE	-	UNMEASURED	data/code/machine2_cycle16_run_ext.py
118425633610	1	0	-	-	UNRESOLVED-BY-KNOB (carried only by artefacts that declare no dps)	-	UNMEASURED	data/machine2_cycle16_gate1.json
118464781955	1	1	60	-	POINT	-	UNMEASURED	data/machine2_dn_n70_dps60.txt
118471187640	1	0	-	-	UNRESOLVED-BY-KNOB (carried only by artefacts that declare no dps)	-	UNMEASURED	data/machine2_cycle20_mainW2.json
118493740926	1	0	-	-	UNRESOLVED-BY-KNOB (carried only by artefacts that declare no dps)	-	UNMEASURED	data/machine2_cycle24_widthlaw.json
118501506179	1	1	60	-	POINT	-	UNMEASURED	data/machine2_dn_n70_dps60.txt
118518753252	1	0	-	-	UNRESOLVED-BY-KNOB (carried only by artefacts that declare no dps)	-	UNMEASURED	data/machine2_cycle29_s3_scored.json
118538492567	1	0	-	-	UNRESOLVED-BY-KNOB (carried only by artefacts that declare no dps)	-	UNMEASURED	data/machine2_cycle19_nb_results.json
118629836640	1	0	-	-	UNRESOLVED-BY-KNOB (carried only by artefacts that declare no dps)	-	UNMEASURED	data/machine2_cycle16_scan_results.json
118664612041	1	0	-	-	UNRESOLVED-BY-KNOB (carried only by artefacts that declare no dps)	-	UNMEASURED	data/machine2_cycle20_mainW2.json
118712683217	1	0	-	-	UNRESOLVED-BY-KNOB (carried only by artefacts that declare no dps)	-	UNMEASURED	data/machine2_cycle28_n6residual.out
1187126838	1	1	45	-	POINT	-	UNMEASURED	data/machine2_cycle21_birth_locus.out
118712683841	2	0	-	-	UNRESOLVED-BY-KNOB (carried only by artefacts that declare no dps)	-	UNMEASURED	data/m2_c37_published_constants_census.tsv
118712683845	2	1	45	-	POINT	-	UNMEASURED	data/m2_c37_published_constants_census.tsv
118712683846	4	2	30,45	-	RANGE	-	UNMEASURED	data/code/m2_a6_audit.py
11871268385	2	1	50	-	POINT	-	UNMEASURED	data/code/m2_c28_a3_leg_audit.py
118782615599	1	0	-	-	UNRESOLVED-BY-KNOB (carried only by artefacts that declare no dps)	-	UNMEASURED	data/machine2_cycle23_shifts.json
118790782865	2	0	-	-	UNRESOLVED-BY-KNOB (carried only by artefacts that declare no dps)	-	UNMEASURED	data/machine2_cycle22_zeros210.json
118869704185	1	1	60	-	POINT	-	UNMEASURED	data/machine2_dn_n70_dps60.txt
118905441143	1	1	60	-	POINT	-	UNMEASURED	data/machine2_dn_n70_dps60.txt
118911364628	1	1	60	-	POINT	-	UNMEASURED	data/machine2_dn_n70_dps60.txt
118970210172	1	0	-	-	UNRESOLVED-BY-KNOB (carried only by artefacts that declare no dps)	-	UNMEASURED	data/machine2_cycle20_slide_K3_epstein_D7_T4.65_e0.15_T250.json
119031608180	1	1	60	-	POINT	-	UNMEASURED	data/machine2_dn_n70_dps60.txt
119056152053	1	0	-	-	UNRESOLVED-BY-KNOB (carried only by artefacts that declare no dps)	-	UNMEASURED	data/machine2_cycle23_shifts.json
1190689908	1	1	50	-	POINT	-	UNMEASURED	data/machine2_dn_dps50_n30.json
119092451197	1	0	-	-	UNRESOLVED-BY-KNOB (carried only by artefacts that declare no dps)	-	UNMEASURED	data/machine2_cycle25_design_scan_k0_6.json
119175108886	1	0	-	-	UNRESOLVED-BY-KNOB (carried only by artefacts that declare no dps)	-	UNMEASURED	data/machine2_cycle29_s3_scored.json
119177883656	1	0	-	-	UNRESOLVED-BY-KNOB (carried only by artefacts that declare no dps)	-	UNMEASURED	data/machine2_cycle24_breakdown.json
119219667376	1	0	-	-	UNRESOLVED-BY-KNOB (carried only by artefacts that declare no dps)	-	UNMEASURED	data/machine2_cycle27_s3_prereg.json
119219667377	1	0	-	-	UNRESOLVED-BY-KNOB (carried only by artefacts that declare no dps)	-	UNMEASURED	data/machine2_cycle27_s3_prereg.out
119270800554	1	0	-	-	UNRESOLVED-BY-KNOB (carried only by artefacts that declare no dps)	-	UNMEASURED	data/machine2_cycle16_ext_results.json
119301294435	1	0	-	-	UNRESOLVED-BY-KNOB (carried only by artefacts that declare no dps)	-	UNMEASURED	data/machine2_cycle25_design_scan_k2_4.json
119433688226	1	1	60	-	POINT	-	UNMEASURED	data/machine2_dn_n70_dps60.txt
119439299082	1	0	-	-	UNRESOLVED-BY-KNOB (carried only by artefacts that declare no dps)	-	UNMEASURED	data/machine2_cycle29_s3_scored.json
1194443036	1	0	-	-	UNRESOLVED-BY-KNOB (carried only by artefacts that declare no dps)	-	UNMEASURED	data/machine2_cycle26_bandlaw.json
119467684743	1	0	-	-	UNRESOLVED-BY-KNOB (carried only by artefacts that declare no dps)	-	UNMEASURED	data/machine2_cycle19_nb_results.json
119474596069	1	0	-	-	UNRESOLVED-BY-KNOB (carried only by artefacts that declare no dps)	-	UNMEASURED	data/machine2_cycle23_selfconsistent.json
119491645869	2	0	-	-	UNRESOLVED-BY-KNOB (carried only by artefacts that declare no dps)	-	UNMEASURED	data/m2_c37_published_constants_census.tsv
11949164587	2	1	50	-	POINT	-	UNMEASURED	data/code/m2_c28_a3_leg_audit.py
119491645873	4	1	45	-	POINT	-	UNMEASURED	data/m2_c37_published_constants_census.tsv
119529454095	2	2	40	-	POINT	-	UNMEASURED	data/machine2_cycle27_anchorblind_c2.json
119546890370	1	0	-	-	UNRESOLVED-BY-KNOB (carried only by artefacts that declare no dps)	-	UNMEASURED	data/machine2_cycle16_ext_results.json
119661746086	1	0	-	-	UNRESOLVED-BY-KNOB (carried only by artefacts that declare no dps)	-	UNMEASURED	data/machine2_cycle20_mainW2.json
119775274018	1	0	-	-	UNRESOLVED-BY-KNOB (carried only by artefacts that declare no dps)	-	UNMEASURED	data/machine2_cycle24_widthlaw.json
1197921985	1	1	50	-	POINT	-	UNMEASURED	data/machine2_dn_dps50_n30.json
119818973113	1	0	-	-	UNRESOLVED-BY-KNOB (carried only by artefacts that declare no dps)	-	UNMEASURED	data/machine2_cycle25_design_scan_k2_4.json
119986714450	1	0	-	-	UNRESOLVED-BY-KNOB (carried only by artefacts that declare no dps)	-	UNMEASURED	data/machine2_cycle16_ext_results.json
120184907547	1	0	-	-	UNRESOLVED-BY-KNOB (carried only by artefacts that declare no dps)	-	UNMEASURED	data/machine2_cycle29_s3_scored.json
120241153599	1	0	-	-	UNRESOLVED-BY-KNOB (carried only by artefacts that declare no dps)	-	UNMEASURED	data/machine2_cycle23_sweep_c.json
120283682623	1	0	-	-	UNRESOLVED-BY-KNOB (carried only by artefacts that declare no dps)	-	UNMEASURED	data/machine2_cycle25_design_scan_k2_4.json
120305560137	1	0	-	-	UNRESOLVED-BY-KNOB (carried only by artefacts that declare no dps)	-	UNMEASURED	data/machine2_cycle29_s3_scored.json
120307726902	1	0	-	-	UNRESOLVED-BY-KNOB (carried only by artefacts that declare no dps)	-	UNMEASURED	data/machine2_cycle26_boundary.json
120338760175	2	0	-	-	UNRESOLVED-BY-KNOB (carried only by artefacts that declare no dps)	-	UNMEASURED	data/machine2_cycle16_zeros_verified.json
12033876018	1	0	-	-	UNRESOLVED-BY-KNOB (carried only by artefacts that declare no dps)	-	UNMEASURED	machine2-cycle16-void-wedge-census-and-seven-off-line-zeros.md
120375651331	1	0	-	-	UNRESOLVED-BY-KNOB (carried only by artefacts that declare no dps)	-	UNMEASURED	data/machine2_cycle24_widthlaw.json
120410001423	1	1	60	-	POINT	-	UNMEASURED	data/machine2_dn_n70_dps60.txt
120492472518	1	0	-	-	UNRESOLVED-BY-KNOB (carried only by artefacts that declare no dps)	-	UNMEASURED	data/machine2_cycle20_mainW2.json
120494279091	1	0	-	-	UNRESOLVED-BY-KNOB (carried only by artefacts that declare no dps)	-	UNMEASURED	data/machine2_cycle20_slide_K1_zeta_T45.666_e0.3_T600.json
120505349961	1	0	-	-	UNRESOLVED-BY-KNOB (carried only by artefacts that declare no dps)	-	UNMEASURED	data/machine2_cycle19_nb_results.json
12052651676	1	0	-	-	UNRESOLVED-BY-KNOB (carried only by artefacts that declare no dps)	-	UNMEASURED	data/machine2_cycle25_design_scan_k0_6.json
120527025097	1	0	-	-	UNRESOLVED-BY-KNOB (carried only by artefacts that declare no dps)	-	UNMEASURED	data/machine2_cycle24_widthlaw.json
1206488712	1	1	60	-	POINT	-	UNMEASURED	data/machine2_dn_n70_dps60.txt
120651289164	1	1	50	-	POINT	-	UNMEASURED	data/machine2_dn_dps50_n30.json
1206512892	1	1	60	-	POINT	-	UNMEASURED	data/machine2_dn_n70_dps60.txt
120675392838	2	1	90	25	POINT	-	UNMEASURED	data/m2_c37_published_constants_census.tsv
120811340084	1	0	-	-	UNRESOLVED-BY-KNOB (carried only by artefacts that declare no dps)	-	UNMEASURED	data/machine2_cycle16_ext_results.json
120816862159	1	1	60	-	POINT	-	UNMEASURED	data/machine2_dn_n70_dps60.txt
1210676463	1	0	-	-	UNRESOLVED-BY-KNOB (carried only by artefacts that declare no dps)	-	UNMEASURED	data/machine2_cycle20_mainW2.json
121072957955	3	1	45	-	POINT	-	UNMEASURED	data/c28resp/m2_census_m8_fromscratch.py
121076096623	1	0	-	-	UNRESOLVED-BY-KNOB (carried only by artefacts that declare no dps)	-	UNMEASURED	data/machine2_cycle20_mainW2.json
121095537759	2	0	-	-	UNRESOLVED-BY-KNOB (carried only by artefacts that declare no dps)	-	UNMEASURED	data/machine2_cycle19_nb_results.json
121180399554	2	0	-	-	UNRESOLVED-BY-KNOB (carried only by artefacts that declare no dps)	-	UNMEASURED	data/m2_c37_published_constants_census.tsv
121180399556	4	1	45	-	POINT	-	UNMEASURED	data/m2_c37_published_constants_census.tsv
12118039956	2	1	50	-	POINT	-	UNMEASURED	data/code/m2_c28_a3_leg_audit.py
121186680017	1	0	-	-	UNRESOLVED-BY-KNOB (carried only by artefacts that declare no dps)	-	UNMEASURED	data/machine2_cycle23_sweep_c.json
121368338778	1	1	50	-	POINT	-	UNMEASURED	data/machine2_dn_dps50_n30.json
1213683388	1	1	60	-	POINT	-	UNMEASURED	data/machine2_dn_n70_dps60.txt
121370125002	2	0	-	-	UNRESOLVED-BY-KNOB (carried only by artefacts that declare no dps)	-	UNMEASURED	data/machine2_cycle22_zeros210.json
1213745534	1	1	50	-	POINT	-	UNMEASURED	data/machine2_dn_dps50_n30.json
1214093313	1	0	-	-	UNRESOLVED-BY-KNOB (carried only by artefacts that declare no dps)	-	UNMEASURED	data/machine2_cycle29_s3_scored.json
121454359821	1	0	-	-	UNRESOLVED-BY-KNOB (carried only by artefacts that declare no dps)	-	UNMEASURED	data/machine2_cycle20_slide_K1_zeta_T49.7738324_e0.3_T600.json
121479519083	1	0	-	-	UNRESOLVED-BY-KNOB (carried only by artefacts that declare no dps)	-	UNMEASURED	data/machine2_cycle16_scan_results.json
121485988226	1	1	60	-	POINT	-	UNMEASURED	data/machine2_dn_n70_dps60.txt
121495562712	1	0	-	-	UNRESOLVED-BY-KNOB (carried only by artefacts that declare no dps)	-	UNMEASURED	data/machine2_cycle20_mainW2.json
121552700261	1	1	60	-	POINT	-	UNMEASURED	data/machine2_dn_n70_dps60.txt
121663449952	2	0	-	-	UNRESOLVED-BY-KNOB (carried only by artefacts that declare no dps)	-	UNMEASURED	data/machine2_cycle23_scored.json
121751021358	1	0	-	-	UNRESOLVED-BY-KNOB (carried only by artefacts that declare no dps)	-	UNMEASURED	data/machine2_cycle16_zeros_verified.json
1217578673	1	1	60	-	POINT	-	UNMEASURED	data/machine2_c31b_scored.json
121781094005	1	1	40	-	POINT	-	UNMEASURED	data/machine2_cycle28_cover_all.json
121831807795	3	0	-	-	UNRESOLVED-BY-KNOB (carried only by artefacts that declare no dps)	-	UNMEASURED	data/machine2_cycle27_s3_prereg.json
121958529692	1	0	-	-	UNRESOLVED-BY-KNOB (carried only by artefacts that declare no dps)	-	UNMEASURED	data/machine2_c31_fitness_constants.json
121970801818	1	0	-	-	UNRESOLVED-BY-KNOB (carried only by artefacts that declare no dps)	-	UNMEASURED	data/machine2_cycle16_scan_results.json
122107270446	1	0	-	-	UNRESOLVED-BY-KNOB (carried only by artefacts that declare no dps)	-	UNMEASURED	data/machine2_cycle23_selfconsistent.json
122112138370	1	0	-	-	UNRESOLVED-BY-KNOB (carried only by artefacts that declare no dps)	-	UNMEASURED	data/machine2_cycle16_zeros_verified.json
122140625492	1	0	-	-	UNRESOLVED-BY-KNOB (carried only by artefacts that declare no dps)	-	UNMEASURED	data/machine2_cycle23_selfconsistent.json
122243990150	1	1	40	-	POINT	-	UNMEASURED	data/machine2_cycle28_cover_all.json
1222441717	1	1	50	-	POINT	-	UNMEASURED	data/machine2_dn_dps50_n30.json
122347782554	6	0	-	-	UNRESOLVED-BY-KNOB (carried only by artefacts that declare no dps)	-	UNMEASURED	data/machine2_cycle29_s3_branch_recheck.json
122347782555	1	0	-	-	UNRESOLVED-BY-KNOB (carried only by artefacts that declare no dps)	-	UNMEASURED	data/machine2_cycle29_s3_scored.json
122367376487	2	0	-	-	UNRESOLVED-BY-KNOB (carried only by artefacts that declare no dps)	-	UNMEASURED	data/machine2_cycle27_s3_prereg.json
122497069116	1	0	-	-	UNRESOLVED-BY-KNOB (carried only by artefacts that declare no dps)	-	UNMEASURED	data/machine2_cycle25_design_scan_k2_4.json
1225216935	1	0	-	-	UNRESOLVED-BY-KNOB (carried only by artefacts that declare no dps)	-	UNMEASURED	data/machine2_cycle20_slide_K1_zeta_T0_e0.3_T600.json
122531412205	1	0	-	-	UNRESOLVED-BY-KNOB (carried only by artefacts that declare no dps)	-	UNMEASURED	data/machine2_cycle29_s3_scored.json
122561810865	1	0	-	-	UNRESOLVED-BY-KNOB (carried only by artefacts that declare no dps)	-	UNMEASURED	data/machine2_cycle19_nb_results.json
122637612367	1	0	-	-	UNRESOLVED-BY-KNOB (carried only by artefacts that declare no dps)	-	UNMEASURED	data/machine2_cycle20_slide_K3_epstein_D7_T3.875_e0.15_T250.json
122641509433	1	0	-	-	UNRESOLVED-BY-KNOB (carried only by artefacts that declare no dps)	-	UNMEASURED	data/machine2_c33_role_power.out
122914965651	1	0	-	-	UNRESOLVED-BY-KNOB (carried only by artefacts that declare no dps)	-	UNMEASURED	data/machine2_cycle27_s3_prereg.json
122914965652	1	0	-	-	UNRESOLVED-BY-KNOB (carried only by artefacts that declare no dps)	-	UNMEASURED	data/machine2_cycle27_s3_prereg.out
122946829293	2	0	-	-	UNRESOLVED-BY-KNOB (carried only by artefacts that declare no dps)	-	UNMEASURED	data/machine2_cycle22_zeros210.json
12298317876	1	0	-	-	UNRESOLVED-BY-KNOB (carried only by artefacts that declare no dps)	-	UNMEASURED	data/machine2_cycle23_selfconsistent.json
123026449474	2	0	-	-	UNRESOLVED-BY-KNOB (carried only by artefacts that declare no dps)	-	UNMEASURED	data/machine2_cycle25_bands.json
1231745707	1	1	50	-	POINT	-	UNMEASURED	data/machine2_dn_dps50_n30.json
123284180593	1	0	-	-	UNRESOLVED-BY-KNOB (carried only by artefacts that declare no dps)	-	UNMEASURED	data/machine2_cycle19_nb_results.json
123325532894	1	0	-	-	UNRESOLVED-BY-KNOB (carried only by artefacts that declare no dps)	-	UNMEASURED	data/machine2_cycle19_nb_results.json
123345279525	5	2	40	-	POINT	-	UNMEASURED	data/machine2_cycle25_grade.json
123393634483	1	0	-	-	UNRESOLVED-BY-KNOB (carried only by artefacts that declare no dps)	-	UNMEASURED	data/machine2_cycle23_selfconsistent.json
123457683246	1	1	60	-	POINT	-	UNMEASURED	data/machine2_dn_n70_dps60.txt
12346081517	1	0	-	-	UNRESOLVED-BY-KNOB (carried only by artefacts that declare no dps)	-	UNMEASURED	data/machine2_cycle25_scored.json
123460815170	6	0	-	-	UNRESOLVED-BY-KNOB (carried only by artefacts that declare no dps)	-	UNMEASURED	data/m2_c37_published_constants_census.tsv
123460815194	1	0	-	-	UNRESOLVED-BY-KNOB (carried only by artefacts that declare no dps)	-	UNMEASURED	data/machine2_cycle25_bandaudit.json
123460820093	4	0	-	-	UNRESOLVED-BY-KNOB (carried only by artefacts that declare no dps)	-	UNMEASURED	data/m2_c37_published_constants_census.tsv
123460820094	2	0	-	-	UNRESOLVED-BY-KNOB (carried only by artefacts that declare no dps)	-	UNMEASURED	data/machine2_cycle25_prereg.out
123461910722	4	0	-	-	UNRESOLVED-BY-KNOB (carried only by artefacts that declare no dps)	-	UNMEASURED	data/m2_c37_published_constants_census.tsv
123461910723	2	0	-	-	UNRESOLVED-BY-KNOB (carried only by artefacts that declare no dps)	-	UNMEASURED	data/machine2_cycle25_prereg.out
1234674559	1	1	60	-	POINT	-	UNMEASURED	data/machine2_dn_n70_dps60.txt
123467455932	1	1	50	-	POINT	-	UNMEASURED	data/machine2_dn_dps50_n30.json
1234675556	1	0	-	-	UNRESOLVED-BY-KNOB (carried only by artefacts that declare no dps)	-	UNMEASURED	data/machine2_cycle20_mainW2.json
123473280423	1	0	-	-	UNRESOLVED-BY-KNOB (carried only by artefacts that declare no dps)	-	UNMEASURED	data/machine2_cycle25_design_scan_k0_4.json
123515606733	1	0	-	-	UNRESOLVED-BY-KNOB (carried only by artefacts that declare no dps)	-	UNMEASURED	data/machine2_cycle16_ext_results.json
123536664503	1	0	-	-	UNRESOLVED-BY-KNOB (carried only by artefacts that declare no dps)	-	UNMEASURED	data/machine2_cycle19_nb_results.json
123586667771	3	0	-	-	UNRESOLVED-BY-KNOB (carried only by artefacts that declare no dps)	-	UNMEASURED	data/m2_c37_published_constants_census.tsv
123586667772	2	0	-	-	UNRESOLVED-BY-KNOB (carried only by artefacts that declare no dps)	-	UNMEASURED	data/machine2_cycle25_prereg.out
123619246555	1	0	-	-	UNRESOLVED-BY-KNOB (carried only by artefacts that declare no dps)	-	UNMEASURED	data/machine2_cycle23_selfconsistent.json
123703678343	1	0	-	-	UNRESOLVED-BY-KNOB (carried only by artefacts that declare no dps)	-	UNMEASURED	data/machine2_cycle19_nb_results.json
123703786264	1	0	-	-	UNRESOLVED-BY-KNOB (carried only by artefacts that declare no dps)	-	UNMEASURED	data/machine2_cycle19_nb_results.json
123706970012	1	0	-	-	UNRESOLVED-BY-KNOB (carried only by artefacts that declare no dps)	-	UNMEASURED	data/machine2_cycle19_nb_results.json
123717663285	1	0	-	-	UNRESOLVED-BY-KNOB (carried only by artefacts that declare no dps)	-	UNMEASURED	data/machine2_cycle19_nb_results.json
123750905220	1	0	-	-	UNRESOLVED-BY-KNOB (carried only by artefacts that declare no dps)	-	UNMEASURED	data/machine2_cycle19_nb_results.json
123790723125	1	0	-	-	UNRESOLVED-BY-KNOB (carried only by artefacts that declare no dps)	-	UNMEASURED	data/machine2_cycle20_slide_K1_zeta_T45.666_e0.3_T600.json
123851297251	1	0	-	-	UNRESOLVED-BY-KNOB (carried only by artefacts that declare no dps)	-	UNMEASURED	data/machine2_cycle16_ext_results.json
123870967172	1	1	50	-	POINT	-	UNMEASURED	data/machine2_dn_dps50_n30.json
1238709672	1	1	60	-	POINT	-	UNMEASURED	data/machine2_dn_n70_dps60.txt
123873451737	1	0	-	-	UNRESOLVED-BY-KNOB (carried only by artefacts that declare no dps)	-	UNMEASURED	data/machine2_cycle19_nb_results.json
123891949812	1	0	-	-	UNRESOLVED-BY-KNOB (carried only by artefacts that declare no dps)	-	UNMEASURED	data/machine2_cycle15_fold_results.json
123946209775	1	0	-	-	UNRESOLVED-BY-KNOB (carried only by artefacts that declare no dps)	-	UNMEASURED	data/machine2_cycle25_design_scan_k0_4.json
123961905341	1	0	-	-	UNRESOLVED-BY-KNOB (carried only by artefacts that declare no dps)	-	UNMEASURED	data/machine2_cycle25_design_scan_k2_4.json
123987385345	1	0	-	-	UNRESOLVED-BY-KNOB (carried only by artefacts that declare no dps)	-	UNMEASURED	data/machine2_cycle25_design_scan_k0_4.json
1240451946	1	0	-	-	UNRESOLVED-BY-KNOB (carried only by artefacts that declare no dps)	-	UNMEASURED	data/machine2_cycle29_s3_scored.json
124108239478	2	0	-	-	UNRESOLVED-BY-KNOB (carried only by artefacts that declare no dps)	-	UNMEASURED	data/machine2_c32_bias.out
1241082412	2	0	-	-	UNRESOLVED-BY-KNOB (carried only by artefacts that declare no dps)	-	UNMEASURED	data/machine2_c32_a_noheader.out
124124578936	1	0	-	-	UNRESOLVED-BY-KNOB (carried only by artefacts that declare no dps)	-	UNMEASURED	data/machine2_cycle20_slide_K1_zeta_T0_e0.3_T600.json
1241735644	1	1	50	-	POINT	-	UNMEASURED	data/machine2_dn_dps50_n30.json
124256818554	3	0	-	-	UNRESOLVED-BY-KNOB (carried only by artefacts that declare no dps)	-	UNMEASURED	data/machine2_cycle22_zeros210.json
1242571428	1	0	-	-	UNRESOLVED-BY-KNOB (carried only by artefacts that declare no dps)	-	UNMEASURED	data/machine2_cycle20_gates.json
124314052285	1	1	50	-	POINT	-	UNMEASURED	data/machine2_dn_dps50_n30.json
1243140523	1	1	60	-	POINT	-	UNMEASURED	data/machine2_dn_n70_dps60.txt
124374649169	1	0	-	-	UNRESOLVED-BY-KNOB (carried only by artefacts that declare no dps)	-	UNMEASURED	data/machine2_cycle19_nb_results.json
124424017406	2	0	-	-	UNRESOLVED-BY-KNOB (carried only by artefacts that declare no dps)	-	UNMEASURED	data/m2_c37_published_constants_census.tsv
124424017408	4	1	45	-	POINT	-	UNMEASURED	data/m2_c37_published_constants_census.tsv
12442401741	2	1	50	-	POINT	-	UNMEASURED	data/code/m2_c28_a3_leg_audit.py
124544856527	1	0	-	-	UNRESOLVED-BY-KNOB (carried only by artefacts that declare no dps)	-	UNMEASURED	data/machine2_cycle16_low_results.json
124599299168	1	0	-	-	UNRESOLVED-BY-KNOB (carried only by artefacts that declare no dps)	-	UNMEASURED	data/machine2_cycle29_s3_scored.json
1247030162	1	1	60	-	POINT	-	UNMEASURED	data/machine2_dn_n70_dps60.txt
124703016215	1	1	50	-	POINT	-	UNMEASURED	data/machine2_dn_dps50_n30.json
124769776511	8	0	-	-	UNRESOLVED-BY-KNOB (carried only by artefacts that declare no dps)	-	UNMEASURED	data/m2_c37_published_constants_census.tsv
124810969039	1	1	50	-	POINT	-	UNMEASURED	data/machine2_dn_dps50_n30.json
12481248648	1	1	50	-	POINT	-	UNMEASURED	data/machine2_dn_dps50_n30.json
1248124865	1	1	60	-	POINT	-	UNMEASURED	data/machine2_dn_n70_dps60.txt
124832227335	1	0	-	-	UNRESOLVED-BY-KNOB (carried only by artefacts that declare no dps)	-	UNMEASURED	data/machine2_cycle19_nb_results.json
124834478047	1	0	-	-	UNRESOLVED-BY-KNOB (carried only by artefacts that declare no dps)	-	UNMEASURED	data/machine2_cycle23_shifts.json
124853344903	1	0	-	-	UNRESOLVED-BY-KNOB (carried only by artefacts that declare no dps)	-	UNMEASURED	data/machine2_cycle19_nb_results.json
124920122189	1	0	-	-	UNRESOLVED-BY-KNOB (carried only by artefacts that declare no dps)	-	UNMEASURED	data/machine2_cycle23_scored.json
124983664094	1	0	-	-	UNRESOLVED-BY-KNOB (carried only by artefacts that declare no dps)	-	UNMEASURED	data/machine2_cycle25_design_scan_k2_4.json
12501908317	1	0	-	-	UNRESOLVED-BY-KNOB (carried only by artefacts that declare no dps)	-	UNMEASURED	data/machine2_cycle25_design_scan_k0_6.json
125023919359	1	0	-	-	UNRESOLVED-BY-KNOB (carried only by artefacts that declare no dps)	-	UNMEASURED	data/machine2_cycle25_design_scan_k2_4.json
125081443263	1	0	-	-	UNRESOLVED-BY-KNOB (carried only by artefacts that declare no dps)	-	UNMEASURED	data/machine2_cycle23_selfconsistent.json
1250818834	1	0	-	-	UNRESOLVED-BY-KNOB (carried only by artefacts that declare no dps)	-	UNMEASURED	data/machine2_cycle27_s3_prereg.out
125081883409	1	0	-	-	UNRESOLVED-BY-KNOB (carried only by artefacts that declare no dps)	-	UNMEASURED	data/machine2_cycle27_s3_prereg.json
125156438415	1	0	-	-	UNRESOLVED-BY-KNOB (carried only by artefacts that declare no dps)	-	UNMEASURED	data/machine2_cycle25_design_scan_k0_6.json
125279486268	2	0	-	-	UNRESOLVED-BY-KNOB (carried only by artefacts that declare no dps)	-	UNMEASURED	data/m2_c37_published_constants_census.tsv
12527948650	2	0	-	-	UNRESOLVED-BY-KNOB (carried only by artefacts that declare no dps)	-	UNMEASURED	data/m2_c37_published_constants_census.tsv
125305261878	1	0	-	-	UNRESOLVED-BY-KNOB (carried only by artefacts that declare no dps)	-	UNMEASURED	data/machine2_c32_bias.out
125452383399	1	0	-	-	UNRESOLVED-BY-KNOB (carried only by artefacts that declare no dps)	-	UNMEASURED	data/machine2_cycle29_s3_scored.json
125687458011	1	0	-	-	UNRESOLVED-BY-KNOB (carried only by artefacts that declare no dps)	-	UNMEASURED	data/machine2_cycle25_design_scan_k0_4.json
1257249093	1	0	-	-	UNRESOLVED-BY-KNOB (carried only by artefacts that declare no dps)	-	UNMEASURED	data/machine2_cycle20_mainW2.json
125881977083	6	0	-	-	UNRESOLVED-BY-KNOB (carried only by artefacts that declare no dps)	-	UNMEASURED	data/machine2_cycle29_s3_branch_recheck.json
125886751216	1	0	-	-	UNRESOLVED-BY-KNOB (carried only by artefacts that declare no dps)	-	UNMEASURED	data/machine2_cycle23_design_scan.json
125896956141	1	0	-	-	UNRESOLVED-BY-KNOB (carried only by artefacts that declare no dps)	-	UNMEASURED	data/machine2_cycle16_scan_results.json
125900721999	1	0	-	-	UNRESOLVED-BY-KNOB (carried only by artefacts that declare no dps)	-	UNMEASURED	data/machine2_cycle25_prereg.json
125916394737	1	0	-	-	UNRESOLVED-BY-KNOB (carried only by artefacts that declare no dps)	-	UNMEASURED	data/machine2_cycle23_shifts.json
126119910225	1	0	-	-	UNRESOLVED-BY-KNOB (carried only by artefacts that declare no dps)	-	UNMEASURED	data/machine2_cycle29_s3_scored.json
126144741978	2	0	-	-	UNRESOLVED-BY-KNOB (carried only by artefacts that declare no dps)	-	UNMEASURED	data/machine2_cycle27_s3_prereg.json
126185585189	2	2	40	-	POINT	-	UNMEASURED	data/machine2_cycle27_anchorblind_c2.json
126250478628	1	0	-	-	UNRESOLVED-BY-KNOB (carried only by artefacts that declare no dps)	-	UNMEASURED	data/machine2_cycle20_slide_K3_epstein_D7_T4.65_e0.15_T250.json
126400565529	1	0	-	-	UNRESOLVED-BY-KNOB (carried only by artefacts that declare no dps)	-	UNMEASURED	data/machine2_cycle25_design_scan_k0_6.json
126407138879	1	0	-	-	UNRESOLVED-BY-KNOB (carried only by artefacts that declare no dps)	-	UNMEASURED	data/machine2_cycle25_design_scan_k0_6.json
1264165094	1	1	50	-	POINT	-	UNMEASURED	data/machine2_dn_dps50_n30.json
126451314959	1	0	-	-	UNRESOLVED-BY-KNOB (carried only by artefacts that declare no dps)	-	UNMEASURED	data/machine2_cycle25_design_scan_k0_4.json
1264772112	1	0	-	-	UNRESOLVED-BY-KNOB (carried only by artefacts that declare no dps)	-	UNMEASURED	data/machine2_cycle26_bandlaw.json
126499633023	1	0	-	-	UNRESOLVED-BY-KNOB (carried only by artefacts that declare no dps)	-	UNMEASURED	data/machine2_cycle20_slide_K3_epstein_D7_T4.65_e0.15_T250.json
12653630961	1	0	-	-	UNRESOLVED-BY-KNOB (carried only by artefacts that declare no dps)	-	UNMEASURED	data/machine2_cycle23_selfconsistent.json
1265370054	1	0	-	-	UNRESOLVED-BY-KNOB (carried only by artefacts that declare no dps)	-	UNMEASURED	data/machine2_cycle20_mainW2.json
126597623081	1	0	-	-	UNRESOLVED-BY-KNOB (carried only by artefacts that declare no dps)	-	UNMEASURED	data/machine2_cycle19_nb_results.json
1266040025	1	0	-	-	UNRESOLVED-BY-KNOB (carried only by artefacts that declare no dps)	-	UNMEASURED	data/machine2_cycle20_mainW2.json
12684962203	1	1	50	-	POINT	-	UNMEASURED	data/machine2_dn_dps50_n30.json
1269810534	1	1	60	-	POINT	-	UNMEASURED	data/machine2_dn_n70_dps60.txt
126981053401	1	1	50	-	POINT	-	UNMEASURED	data/machine2_dn_dps50_n30.json
126994482708	1	0	-	-	UNRESOLVED-BY-KNOB (carried only by artefacts that declare no dps)	-	UNMEASURED	data/machine2_cycle25_design_scan_k0_4.json
127001315405	1	0	-	-	UNRESOLVED-BY-KNOB (carried only by artefacts that declare no dps)	-	UNMEASURED	data/machine2_cycle16_low_results.json
127013406858	1	0	-	-	UNRESOLVED-BY-KNOB (carried only by artefacts that declare no dps)	-	UNMEASURED	data/machine2_cycle16_ext_results.json
127060343186	21	16	45,50,60,80,120,300	-	RANGE	-	UNMEASURED	data/c28resp/m2_c28r_btrunc.py
127137145531	2	0	-	-	UNRESOLVED-BY-KNOB (carried only by artefacts that declare no dps)	-	UNMEASURED	data/machine2_cycle19_nb_results.json
1271933456	1	1	20,30	-	RANGE	-	UNMEASURED	data/machine2_cycle17_census.json
127293717074	1	0	-	-	UNRESOLVED-BY-KNOB (carried only by artefacts that declare no dps)	-	UNMEASURED	data/machine2_cycle16_ext_results.json
127358353913	1	1	60	-	POINT	-	UNMEASURED	data/machine2_dn_n70_dps60.txt
127516683879	3	0	-	-	UNRESOLVED-BY-KNOB (carried only by artefacts that declare no dps)	-	UNMEASURED	data/machine2_cycle22_zeros210.json
127518446986	1	0	-	-	UNRESOLVED-BY-KNOB (carried only by artefacts that declare no dps)	-	UNMEASURED	data/machine2_cycle23_controls.json
127630276769	1	0	-	-	UNRESOLVED-BY-KNOB (carried only by artefacts that declare no dps)	-	UNMEASURED	data/machine2_cycle19_nb_results.json
1276853313	1	1	50	-	POINT	-	UNMEASURED	data/machine2_dn_dps50_n30.json
127819956588	1	1	40	-	POINT	-	UNMEASURED	data/machine2_transfer_checks.out
127976463984	1	0	-	-	UNRESOLVED-BY-KNOB (carried only by artefacts that declare no dps)	-	UNMEASURED	data/machine2_cycle16_gate1.json
128105674670	1	0	-	-	UNRESOLVED-BY-KNOB (carried only by artefacts that declare no dps)	-	UNMEASURED	data/machine2_cycle16_ext_results.json
1281467383	1	0	-	-	UNRESOLVED-BY-KNOB (carried only by artefacts that declare no dps)	-	UNMEASURED	data/machine2_cycle26_bandlaw.json
128165581876	2	0	-	-	UNRESOLVED-BY-KNOB (carried only by artefacts that declare no dps)	-	UNMEASURED	data/machine2_cycle19_nb_results.json
128260191469	3	0	-	-	UNRESOLVED-BY-KNOB (carried only by artefacts that declare no dps)	-	UNMEASURED	data/m2_c37_published_constants_census.tsv
128367529921	1	0	-	-	UNRESOLVED-BY-KNOB (carried only by artefacts that declare no dps)	-	UNMEASURED	data/machine2_cycle25_design_scan_k0_4.json
128407904384	3	0	-	-	UNRESOLVED-BY-KNOB (carried only by artefacts that declare no dps)	-	UNMEASURED	data/m2_c37_published_constants_census.tsv
1284079044	2	1	40	-	POINT	-	UNMEASURED	data/machine2_transfer_checks.out
128541404247	5	0	-	-	UNRESOLVED-BY-KNOB (carried only by artefacts that declare no dps)	-	UNMEASURED	data/m2_c37_published_constants_census.tsv
128598146719	1	0	-	-	UNRESOLVED-BY-KNOB (carried only by artefacts that declare no dps)	-	UNMEASURED	data/machine2_cycle25_bands.json
1286011357	1	1	60	-	POINT	-	UNMEASURED	data/machine2_dn_n70_dps60.txt
128601135724	1	1	50	-	POINT	-	UNMEASURED	data/machine2_dn_dps50_n30.json
128630864596	1	0	-	-	UNRESOLVED-BY-KNOB (carried only by artefacts that declare no dps)	-	UNMEASURED	data/machine2_cycle23_shifts.json
128700538228	1	0	-	-	UNRESOLVED-BY-KNOB (carried only by artefacts that declare no dps)	-	UNMEASURED	data/machine2_cycle25_design_scan_k0_6.json
128988571353	1	0	-	-	UNRESOLVED-BY-KNOB (carried only by artefacts that declare no dps)	-	UNMEASURED	data/machine2_cycle23_selfconsistent.json
1290737479	1	1	50	-	POINT	-	UNMEASURED	data/machine2_dn_dps50_n30.json
129097887845	1	0	-	-	UNRESOLVED-BY-KNOB (carried only by artefacts that declare no dps)	-	UNMEASURED	data/machine2_cycle20_mainW2.json
129210033934	2	0	-	-	UNRESOLVED-BY-KNOB (carried only by artefacts that declare no dps)	-	UNMEASURED	data/machine2_cycle16_low_results.json
129310344828	1	0	-	-	UNRESOLVED-BY-KNOB (carried only by artefacts that declare no dps)	-	UNMEASURED	data/machine2_floor_kernel_check.out
129578704199	2	0	-	-	UNRESOLVED-BY-KNOB (carried only by artefacts that declare no dps)	-	UNMEASURED	data/machine2_cycle22_zeros210.json
129610738038	1	0	-	-	UNRESOLVED-BY-KNOB (carried only by artefacts that declare no dps)	-	UNMEASURED	data/machine2_cycle20_slide_K1_zeta_T45.666_e0.3_T600.json
129636310889	1	0	-	-	UNRESOLVED-BY-KNOB (carried only by artefacts that declare no dps)	-	UNMEASURED	data/machine2_cycle27_s3_prereg.json
12963631089	1	0	-	-	UNRESOLVED-BY-KNOB (carried only by artefacts that declare no dps)	-	UNMEASURED	data/machine2_cycle27_s3_prereg.out
129655241992	9	2	40	-	POINT	-	UNMEASURED	data/code/m2_c27_s3_prereg.py
129673892913	1	0	-	-	UNRESOLVED-BY-KNOB (carried only by artefacts that declare no dps)	-	UNMEASURED	data/machine2_cycle20_instrumentB_K10W2.json
129674506921	1	0	-	-	UNRESOLVED-BY-KNOB (carried only by artefacts that declare no dps)	-	UNMEASURED	data/machine2_cycle20_mainW2.json
129703568639	1	0	-	-	UNRESOLVED-BY-KNOB (carried only by artefacts that declare no dps)	-	UNMEASURED	data/machine2_cycle16_scan_results.json
129706387872	1	0	-	-	UNRESOLVED-BY-KNOB (carried only by artefacts that declare no dps)	-	UNMEASURED	data/machine2_cycle20_instrumentB_K10W2.json
129720177228	1	0	-	-	UNRESOLVED-BY-KNOB (carried only by artefacts that declare no dps)	-	UNMEASURED	data/machine2_cycle23_selfconsistent.json
129767932964	3	0	-	-	UNRESOLVED-BY-KNOB (carried only by artefacts that declare no dps)	-	UNMEASURED	data/machine2_cycle25_bands.json
129768523284	1	0	-	-	UNRESOLVED-BY-KNOB (carried only by artefacts that declare no dps)	-	UNMEASURED	data/machine2_cycle26_branch.json
1297961928	1	0	-	-	UNRESOLVED-BY-KNOB (carried only by artefacts that declare no dps)	-	UNMEASURED	machine2-cycle5-kappa4-2026-09-02.md
1298193558	1	1	60	-	POINT	-	UNMEASURED	data/machine2_dn_n70_dps60.txt
129819355845	1	1	50	-	POINT	-	UNMEASURED	data/machine2_dn_dps50_n30.json
129822707855	1	0	-	-	UNRESOLVED-BY-KNOB (carried only by artefacts that declare no dps)	-	UNMEASURED	data/machine2_cycle16_scan_results.json
129852634192	1	1	60	-	POINT	-	UNMEASURED	data/machine2_dn_n70_dps60.txt
129853489897	1	1	60	-	POINT	-	UNMEASURED	data/machine2_dn_n70_dps60.txt
129860032433	1	0	-	-	UNRESOLVED-BY-KNOB (carried only by artefacts that declare no dps)	-	UNMEASURED	data/machine2_cycle25_prereg.json
129860032434	2	0	-	-	UNRESOLVED-BY-KNOB (carried only by artefacts that declare no dps)	-	UNMEASURED	data/machine2_cycle25_bands.json
129880980123	1	0	-	-	UNRESOLVED-BY-KNOB (carried only by artefacts that declare no dps)	-	UNMEASURED	machine2-response-to-m1L164-census-M-branch-amendment-v21-and-b-hypothesis-conceded-2026-09-05.md
129902293343	1	0	-	-	UNRESOLVED-BY-KNOB (carried only by artefacts that declare no dps)	-	UNMEASURED	data/machine2_cycle25_design_scan_k2_4.json
129910362840	1	0	-	-	UNRESOLVED-BY-KNOB (carried only by artefacts that declare no dps)	-	UNMEASURED	data/machine2_cycle20_slide_K1_zeta_T0_e0.3_T600.json
129924480099	1	0	-	-	UNRESOLVED-BY-KNOB (carried only by artefacts that declare no dps)	-	UNMEASURED	data/machine2_cycle24_gt_basis7.json
1299244801	1	0	-	-	UNRESOLVED-BY-KNOB (carried only by artefacts that declare no dps)	-	UNMEASURED	data/machine2_cycle24_groundtruth.out
129977539579	1	0	-	-	UNRESOLVED-BY-KNOB (carried only by artefacts that declare no dps)	-	UNMEASURED	data/machine2_cycle25_scored.json
1299775396	1	0	-	-	UNRESOLVED-BY-KNOB (carried only by artefacts that declare no dps)	-	UNMEASURED	data/machine2_cycle25_scored.out
13008185583	2	1	50	-	POINT	-	UNMEASURED	data/code/m2_c28_a3_leg_audit.py
130081855833	3	0	-	-	UNRESOLVED-BY-KNOB (carried only by artefacts that declare no dps)	-	UNMEASURED	data/m2_c37_published_constants_census.tsv
130081855834	2	1	45	-	POINT	-	UNMEASURED	data/machine2_cycle21_birth_locus.out
130082500562	1	0	-	-	UNRESOLVED-BY-KNOB (carried only by artefacts that declare no dps)	-	UNMEASURED	data/machine2_cycle16_e1_recheck.json
13008478367	1	0	-	-	UNRESOLVED-BY-KNOB (carried only by artefacts that declare no dps)	-	UNMEASURED	data/machine2_cycle23_selfconsistent.json
13022000306	1	0	-	-	UNRESOLVED-BY-KNOB (carried only by artefacts that declare no dps)	-	UNMEASURED	data/machine2_c34_synthetic.out
130398334087	6	0	-	-	UNRESOLVED-BY-KNOB (carried only by artefacts that declare no dps)	-	UNMEASURED	data/m2_c37_published_constants_census.tsv
130424955856	2	0	-	-	UNRESOLVED-BY-KNOB (carried only by artefacts that declare no dps)	-	UNMEASURED	data/machine2_c33_oos_graded.out
130459458668	1	0	-	-	UNRESOLVED-BY-KNOB (carried only by artefacts that declare no dps)	-	UNMEASURED	data/machine2_cycle16_scan_results.json
1306027409	1	1	50	-	POINT	-	UNMEASURED	data/machine2_dn_dps50_n30.json
1307537193	1	1	60	-	POINT	-	UNMEASURED	data/machine2_dn_n70_dps60.txt
130753719306	1	1	50	-	POINT	-	UNMEASURED	data/machine2_dn_dps50_n30.json
130782897747	1	0	-	-	UNRESOLVED-BY-KNOB (carried only by artefacts that declare no dps)	-	UNMEASURED	data/machine2_cycle20_slide_K1_zeta_T0_e0.3_T600.json
130785776105	1	0	-	-	UNRESOLVED-BY-KNOB (carried only by artefacts that declare no dps)	-	UNMEASURED	data/machine2_cycle20_slide_K1_zeta_T0_e0.3_T600.json
130786578892	2	0	-	-	UNRESOLVED-BY-KNOB (carried only by artefacts that declare no dps)	-	UNMEASURED	data/machine2_cycle25_bands.json
130792378953	1	1	50	-	POINT	-	UNMEASURED	data/machine2_dn_dps50_n30.json
130799378013	2	0	-	-	UNRESOLVED-BY-KNOB (carried only by artefacts that declare no dps)	-	UNMEASURED	data/machine2_cycle23_scored.json
130840374820	5	2	40	-	POINT	-	UNMEASURED	data/machine2_cycle25_grade.json
130846712735	1	0	-	-	UNRESOLVED-BY-KNOB (carried only by artefacts that declare no dps)	-	UNMEASURED	data/machine2_cycle20_mainW2.json
130896134165	1	0	-	-	UNRESOLVED-BY-KNOB (carried only by artefacts that declare no dps)	-	UNMEASURED	data/machine2_cycle25_scored.json
1308961342	1	0	-	-	UNRESOLVED-BY-KNOB (carried only by artefacts that declare no dps)	-	UNMEASURED	data/machine2_cycle25_scored.out
130926033166	1	1	60	-	POINT	-	UNMEASURED	data/machine2_dn_n70_dps60.txt
130929904325	1	0	-	-	UNRESOLVED-BY-KNOB (carried only by artefacts that declare no dps)	-	UNMEASURED	data/machine2_cycle27_s3_prereg.json
13101347027	1	1	40	-	POINT	-	UNMEASURED	data/machine2_transfer_checks.out
131023534524	1	1	50	-	POINT	-	UNMEASURED	data/machine2_dn_dps50_n30.json
131030195278	2	0	-	-	UNRESOLVED-BY-KNOB (carried only by artefacts that declare no dps)	-	UNMEASURED	data/machine2_cycle16_zeros_verified.json
13103019528	1	0	-	-	UNRESOLVED-BY-KNOB (carried only by artefacts that declare no dps)	-	UNMEASURED	machine2-cycle16-void-wedge-census-and-seven-off-line-zeros.md
131080922237	1	0	-	-	UNRESOLVED-BY-KNOB (carried only by artefacts that declare no dps)	-	UNMEASURED	data/machine2_cycle25_design_scan_k0_6.json
131087688530	2	0	-	-	UNRESOLVED-BY-KNOB (carried only by artefacts that declare no dps)	-	UNMEASURED	data/machine2_cycle22_zeros210.json
131100564979	2	0	-	-	UNRESOLVED-BY-KNOB (carried only by artefacts that declare no dps)	-	UNMEASURED	data/machine2_cycle27_s3_prereg.json
1311176999	1	0	-	-	UNRESOLVED-BY-KNOB (carried only by artefacts that declare no dps)	-	UNMEASURED	data/machine2_cycle23_design_scan.json
131162953658	1	0	-	-	UNRESOLVED-BY-KNOB (carried only by artefacts that declare no dps)	-	UNMEASURED	data/machine2_cycle29_s3_scored.json
1311629537	1	0	-	-	UNRESOLVED-BY-KNOB (carried only by artefacts that declare no dps)	-	UNMEASURED	data/machine2_cycle29_s3_scored.out
131295030489	1	0	-	-	UNRESOLVED-BY-KNOB (carried only by artefacts that declare no dps)	-	UNMEASURED	data/machine2_c31_fitness_constants.json
131299744566	1	0	-	-	UNRESOLVED-BY-KNOB (carried only by artefacts that declare no dps)	-	UNMEASURED	data/machine2_cycle16_scan_results.json
131368195297	1	0	-	-	UNRESOLVED-BY-KNOB (carried only by artefacts that declare no dps)	-	UNMEASURED	data/machine2_cycle25_design_scan_k0_6.json
131415847898	1	0	-	-	UNRESOLVED-BY-KNOB (carried only by artefacts that declare no dps)	-	UNMEASURED	data/machine2_cycle25_design_scan_k0_6.json
131500751162	1	0	-	-	UNRESOLVED-BY-KNOB (carried only by artefacts that declare no dps)	-	UNMEASURED	data/machine2_cycle29_s3_scored.json
1315007512	1	0	-	-	UNRESOLVED-BY-KNOB (carried only by artefacts that declare no dps)	-	UNMEASURED	data/machine2_cycle29_s3_scored.out
131519940280	1	1	40	-	POINT	-	UNMEASURED	data/machine2_cycle28_cover_all.json
131576745786	1	0	-	-	UNRESOLVED-BY-KNOB (carried only by artefacts that declare no dps)	-	UNMEASURED	data/machine2_cycle23_selfconsistent.json
131664920091	1	1	90,110,125	25,30	RANGE	-	UNMEASURED	data/machine2_c34_refit.json
131769284171	1	1	60	-	POINT	-	UNMEASURED	data/machine2_dn_n70_dps60.txt
131891567372	1	0	-	-	UNRESOLVED-BY-KNOB (carried only by artefacts that declare no dps)	-	UNMEASURED	data/machine2_cycle20_zerosum.json
131928292116	1	0	-	-	UNRESOLVED-BY-KNOB (carried only by artefacts that declare no dps)	-	UNMEASURED	data/machine2_cycle20_mainW2.json
132089785347	1	0	-	-	UNRESOLVED-BY-KNOB (carried only by artefacts that declare no dps)	-	UNMEASURED	data/machine2_cycle16_ext_results.json
132151937227	1	0	-	-	UNRESOLVED-BY-KNOB (carried only by artefacts that declare no dps)	-	UNMEASURED	data/machine2_cycle25_design_scan_k2_4.json
132178836882	1	0	-	-	UNRESOLVED-BY-KNOB (carried only by artefacts that declare no dps)	-	UNMEASURED	data/machine2_cycle25_design_scan_k2_4.json
1322989004	1	1	50	-	POINT	-	UNMEASURED	data/machine2_dn_dps50_n30.json
132376532532	1	0	-	-	UNRESOLVED-BY-KNOB (carried only by artefacts that declare no dps)	-	UNMEASURED	data/machine2_cycle20_mainW2.json
1324267209	3	0	-	-	UNRESOLVED-BY-KNOB (carried only by artefacts that declare no dps)	-	UNMEASURED	data/m2_c37_published_constants_census.tsv
132426720935	1	0	-	-	UNRESOLVED-BY-KNOB (carried only by artefacts that declare no dps)	-	UNMEASURED	data/machine2_cycle25_prereg.json
132523111727	1	0	-	-	UNRESOLVED-BY-KNOB (carried only by artefacts that declare no dps)	-	UNMEASURED	data/machine2_cycle16_ext_results.json
1325577571	1	0	-	-	UNRESOLVED-BY-KNOB (carried only by artefacts that declare no dps)	-	UNMEASURED	data/machine2_cycle20_slide_K1_zeta_T45.666_e0.3_T600.json
132576650828	1	0	-	-	UNRESOLVED-BY-KNOB (carried only by artefacts that declare no dps)	-	UNMEASURED	data/machine2_cycle29_s3_scored.json
132722785129	1	0	-	-	UNRESOLVED-BY-KNOB (carried only by artefacts that declare no dps)	-	UNMEASURED	data/machine2_cycle15_fold_results.json
132730230333	1	1	60	-	POINT	-	UNMEASURED	data/machine2_dn_n70_dps60.txt
132746039354	1	0	-	-	UNRESOLVED-BY-KNOB (carried only by artefacts that declare no dps)	-	UNMEASURED	data/machine2_cycle23_selfconsistent.json
132840324961	1	0	-	-	UNRESOLVED-BY-KNOB (carried only by artefacts that declare no dps)	-	UNMEASURED	data/machine2_cycle24_widthlaw.json
132873351361	1	0	-	-	UNRESOLVED-BY-KNOB (carried only by artefacts that declare no dps)	-	UNMEASURED	data/machine2_cycle25_scored.json
132909428503	1	0	-	-	UNRESOLVED-BY-KNOB (carried only by artefacts that declare no dps)	-	UNMEASURED	data/machine2_cycle15_fold_results.json
133010249164	1	1	60	-	POINT	-	UNMEASURED	data/machine2_dn_n70_dps60.txt
133239663887	1	0	-	-	UNRESOLVED-BY-KNOB (carried only by artefacts that declare no dps)	-	UNMEASURED	data/machine2_cycle15_fold_results.json
1333333333	1	0	-	-	UNRESOLVED-BY-KNOB (carried only by artefacts that declare no dps)	-	UNMEASURED	data/machine2_cycle26_branch.json
133358086558	1	0	-	-	UNRESOLVED-BY-KNOB (carried only by artefacts that declare no dps)	-	UNMEASURED	data/machine2_cycle20_mainW2.json
133497737202	2	0	-	-	UNRESOLVED-BY-KNOB (carried only by artefacts that declare no dps)	-	UNMEASURED	data/machine2_cycle22_zeros210.json
133502149874	1	0	-	-	UNRESOLVED-BY-KNOB (carried only by artefacts that declare no dps)	-	UNMEASURED	data/machine2_cycle20_slide_K3_epstein_D7_T3.875_e0.15_T250.json
133837514764	1	1	40	-	POINT	-	UNMEASURED	data/machine2_cycle28_cover_all.json
1339263492	1	1	60	-	POINT	-	UNMEASURED	data/machine2_dn_n70_dps60.txt
133926349238	1	1	50	-	POINT	-	UNMEASURED	data/machine2_dn_dps50_n30.json
134056494761	1	0	-	-	UNRESOLVED-BY-KNOB (carried only by artefacts that declare no dps)	-	UNMEASURED	data/machine2_cycle16_ext_results.json
134122228319	1	0	-	-	UNRESOLVED-BY-KNOB (carried only by artefacts that declare no dps)	-	UNMEASURED	data/machine2_cycle25_design_scan_k0_6.json
1341965187	1	1	50	-	POINT	-	UNMEASURED	data/machine2_dn_dps50_n30.json
134227625598	1	0	-	-	UNRESOLVED-BY-KNOB (carried only by artefacts that declare no dps)	-	UNMEASURED	data/machine2_cycle25_scored.json
134233910467	1	0	-	-	UNRESOLVED-BY-KNOB (carried only by artefacts that declare no dps)	-	UNMEASURED	data/machine2_cycle25_design_scan_k2_4.json
134283486099	1	1	50	-	POINT	-	UNMEASURED	data/machine2_dn_dps50_n30.json
134753451223	1	0	-	-	UNRESOLVED-BY-KNOB (carried only by artefacts that declare no dps)	-	UNMEASURED	data/machine2_cycle26_boundary.json
134756509753	2	0	-	-	UNRESOLVED-BY-KNOB (carried only by artefacts that declare no dps)	-	UNMEASURED	data/machine2_cycle22_zeros210.json
134801680075	1	0	-	-	UNRESOLVED-BY-KNOB (carried only by artefacts that declare no dps)	-	UNMEASURED	data/machine2_cycle25_design_scan_k0_6.json
134952291324	1	0	-	-	UNRESOLVED-BY-KNOB (carried only by artefacts that declare no dps)	-	UNMEASURED	data/machine2_cycle20_slide_K3_epstein_D7_T4.65_e0.15_T250.json
1350069489	4	0	-	-	UNRESOLVED-BY-KNOB (carried only by artefacts that declare no dps)	-	UNMEASURED	data/machine2_cycle25_bands.json
135220987252	1	1	60	-	POINT	-	UNMEASURED	data/machine2_dn_n70_dps60.txt
135276538912	1	0	-	-	UNRESOLVED-BY-KNOB (carried only by artefacts that declare no dps)	-	UNMEASURED	data/machine2_cycle20_slide_K3_epstein_D7_T4.65_e0.15_T250.json
135437859599	1	0	-	-	UNRESOLVED-BY-KNOB (carried only by artefacts that declare no dps)	-	UNMEASURED	data/machine2_cycle20_mainW2.json
135523457412	1	0	-	-	UNRESOLVED-BY-KNOB (carried only by artefacts that declare no dps)	-	UNMEASURED	data/machine2_cycle20_zerosum.json
135573650971	1	1	50	-	POINT	-	UNMEASURED	data/machine2_dn_dps50_n30.json
135631187356	1	0	-	-	UNRESOLVED-BY-KNOB (carried only by artefacts that declare no dps)	-	UNMEASURED	data/machine2_cycle23_selfconsistent.json
135656798893	1	0	-	-	UNRESOLVED-BY-KNOB (carried only by artefacts that declare no dps)	-	UNMEASURED	data/machine2_cycle25_design_scan_k0_6.json
135723720909	1	0	-	-	UNRESOLVED-BY-KNOB (carried only by artefacts that declare no dps)	-	UNMEASURED	data/machine2_cycle25_design_scan_k2_4.json
1358849279	1	0	-	-	UNRESOLVED-BY-KNOB (carried only by artefacts that declare no dps)	-	UNMEASURED	data/machine2_cycle20_mainW2.json
135886727253	1	0	-	-	UNRESOLVED-BY-KNOB (carried only by artefacts that declare no dps)	-	UNMEASURED	data/machine2_cycle25_design_scan_k2_4.json
136096682126	6	3	60	-	POINT	-	UNMEASURED	data/m2_c37_published_constants_census.tsv
136131605964	1	1	50	-	POINT	-	UNMEASURED	data/machine2_dn_dps50_n30.json
136232026162	1	0	-	-	UNRESOLVED-BY-KNOB (carried only by artefacts that declare no dps)	-	UNMEASURED	data/machine2_cycle25_design_scan_k2_4.json
1363407278	1	1	50	-	POINT	-	UNMEASURED	data/machine2_dn_dps50_n30.json
136521371924	1	1	50	-	POINT	-	UNMEASURED	data/machine2_dn_dps50_n30.json
136550139566	1	1	40	-	POINT	-	UNMEASURED	data/machine2_cycle28_cover_all.json
136629009223	1	0	-	-	UNRESOLVED-BY-KNOB (carried only by artefacts that declare no dps)	-	UNMEASURED	data/machine2_cycle20_slide_K3_epstein_D7_T4.65_e0.15_T250.json
136657265525	1	0	-	-	UNRESOLVED-BY-KNOB (carried only by artefacts that declare no dps)	-	UNMEASURED	data/machine2_cycle23_selfconsistent.json
136663373405	1	0	-	-	UNRESOLVED-BY-KNOB (carried only by artefacts that declare no dps)	-	UNMEASURED	data/machine2_cycle23_selfconsistent.json
136872702866	2	0	-	-	UNRESOLVED-BY-KNOB (carried only by artefacts that declare no dps)	-	UNMEASURED	data/machine2_cycle19_nb_results.json
136874566793	1	0	-	-	UNRESOLVED-BY-KNOB (carried only by artefacts that declare no dps)	-	UNMEASURED	data/machine2_cycle23_selfconsistent.json
1368953255	1	0	-	-	UNRESOLVED-BY-KNOB (carried only by artefacts that declare no dps)	-	UNMEASURED	data/machine2_c32_connes_table.out
136899025559	1	0	-	-	UNRESOLVED-BY-KNOB (carried only by artefacts that declare no dps)	-	UNMEASURED	data/machine2_cycle20_slide_K3_epstein_D7_T4.65_e0.15_T250.json
1372736504	1	0	-	-	UNRESOLVED-BY-KNOB (carried only by artefacts that declare no dps)	-	UNMEASURED	data/machine2_cycle23_design_scan.json
137417763643	1	0	-	-	UNRESOLVED-BY-KNOB (carried only by artefacts that declare no dps)	-	UNMEASURED	data/machine2_cycle19_nb_results.json
137468371213	1	0	-	-	UNRESOLVED-BY-KNOB (carried only by artefacts that declare no dps)	-	UNMEASURED	data/machine2_cycle19_nb_results.json
137542958739	1	0	-	-	UNRESOLVED-BY-KNOB (carried only by artefacts that declare no dps)	-	UNMEASURED	data/machine2_cycle25_design_scan_k0_4.json
137597715877	1	0	-	-	UNRESOLVED-BY-KNOB (carried only by artefacts that declare no dps)	-	UNMEASURED	data/machine2_cycle19_nb_results.json
1376369171	1	1	20,30	-	RANGE	-	UNMEASURED	data/machine2_cycle17_census.json
137638346626	1	0	-	-	UNRESOLVED-BY-KNOB (carried only by artefacts that declare no dps)	-	UNMEASURED	data/machine2_cycle16_scan_results.json
137645546722	1	0	-	-	UNRESOLVED-BY-KNOB (carried only by artefacts that declare no dps)	-	UNMEASURED	data/machine2_cycle16_ext_results.json
137657678656	1	0	-	-	UNRESOLVED-BY-KNOB (carried only by artefacts that declare no dps)	-	UNMEASURED	data/machine2_cycle20_slide_K3_epstein_D7_T4.65_e0.15_T250.json
137691193111	1	1	40	-	POINT	-	UNMEASURED	data/machine2_cycle28_cover_all.json
137733337336	1	0	-	-	UNRESOLVED-BY-KNOB (carried only by artefacts that declare no dps)	-	UNMEASURED	data/machine2_cycle20_mainW2.json
1377988301	3	0	-	-	UNRESOLVED-BY-KNOB (carried only by artefacts that declare no dps)	-	UNMEASURED	data/machine2_cycle25_grade.json
137864928755	1	0	-	-	UNRESOLVED-BY-KNOB (carried only by artefacts that declare no dps)	-	UNMEASURED	data/machine2_cycle20_mainW2.json
137913951659	1	0	-	-	UNRESOLVED-BY-KNOB (carried only by artefacts that declare no dps)	-	UNMEASURED	data/machine2_cycle20_mainW2.json
138017028058	1	0	-	-	UNRESOLVED-BY-KNOB (carried only by artefacts that declare no dps)	-	UNMEASURED	data/machine2_cycle25_design_scan_k0_4.json
138044522027	1	1	40	-	POINT	-	UNMEASURED	data/machine2_cycle28_cover_all.json
138044908049	1	0	-	-	UNRESOLVED-BY-KNOB (carried only by artefacts that declare no dps)	-	UNMEASURED	data/machine2_cycle16_ext_results.json
138116042054	2	0	-	-	UNRESOLVED-BY-KNOB (carried only by artefacts that declare no dps)	-	UNMEASURED	data/machine2_cycle22_zeros210.json
138307492029	1	0	-	-	UNRESOLVED-BY-KNOB (carried only by artefacts that declare no dps)	-	UNMEASURED	data/machine2_cycle20_mainW2.json
138318215942	1	0	-	-	UNRESOLVED-BY-KNOB (carried only by artefacts that declare no dps)	-	UNMEASURED	data/machine2_cycle20_mainW2.json
138559193705	1	0	-	-	UNRESOLVED-BY-KNOB (carried only by artefacts that declare no dps)	-	UNMEASURED	data/machine2_cycle25_design_scan_k0_6.json
138643671708	1	0	-	-	UNRESOLVED-BY-KNOB (carried only by artefacts that declare no dps)	-	UNMEASURED	data/machine2_cycle25_design_scan_k2_4.json
1387923538	1	1	50	-	POINT	-	UNMEASURED	data/machine2_dn_dps50_n30.json
1387949613	1	0	-	-	UNRESOLVED-BY-KNOB (carried only by artefacts that declare no dps)	-	UNMEASURED	data/machine2_cycle23_shifts.json
138917244405	6	0	-	-	UNRESOLVED-BY-KNOB (carried only by artefacts that declare no dps)	-	UNMEASURED	data/machine2_cycle29_s3_branch_recheck.json
138917244406	1	0	-	-	UNRESOLVED-BY-KNOB (carried only by artefacts that declare no dps)	-	UNMEASURED	data/machine2_cycle29_s3_scored.json
138932729532	2	0	-	-	UNRESOLVED-BY-KNOB (carried only by artefacts that declare no dps)	-	UNMEASURED	data/machine2_cycle27_s3_prereg.json
138935365516	1	1	40	-	POINT	-	UNMEASURED	data/machine2_cycle28_cover_all.json
138962141651	1	0	-	-	UNRESOLVED-BY-KNOB (carried only by artefacts that declare no dps)	-	UNMEASURED	data/machine2_cycle20_slide_K3_epstein_D7_T4.65_e0.15_T250.json
139149267314	1	0	-	-	UNRESOLVED-BY-KNOB (carried only by artefacts that declare no dps)	-	UNMEASURED	data/machine2_cycle16_scan_results.json
139313971109	1	0	-	-	UNRESOLVED-BY-KNOB (carried only by artefacts that declare no dps)	-	UNMEASURED	data/machine2_cycle27_s3_prereg.json
13931397111	1	0	-	-	UNRESOLVED-BY-KNOB (carried only by artefacts that declare no dps)	-	UNMEASURED	data/machine2_cycle27_s3_prereg.out
139498379789	1	0	-	-	UNRESOLVED-BY-KNOB (carried only by artefacts that declare no dps)	-	UNMEASURED	data/machine2_cycle15_fold_results.json
139575688639	1	0	-	-	UNRESOLVED-BY-KNOB (carried only by artefacts that declare no dps)	-	UNMEASURED	data/machine2_cycle16_low_results.json
139641097457	1	0	-	-	UNRESOLVED-BY-KNOB (carried only by artefacts that declare no dps)	-	UNMEASURED	data/machine2_cycle24_widthlaw.json
139736208952	2	0	-	-	UNRESOLVED-BY-KNOB (carried only by artefacts that declare no dps)	-	UNMEASURED	data/machine2_cycle22_zeros210.json
139740642899	1	0	-	-	UNRESOLVED-BY-KNOB (carried only by artefacts that declare no dps)	-	UNMEASURED	data/machine2_cycle25_design_scan_k0_4.json
1399111936	1	1	45	-	POINT	-	UNMEASURED	data/machine2_cycle21_birth_locus.out
13991119360	2	1	50	-	POINT	-	UNMEASURED	data/code/m2_c28_a3_leg_audit.py
139911193602	3	0	-	-	UNRESOLVED-BY-KNOB (carried only by artefacts that declare no dps)	-	UNMEASURED	data/m2_c37_published_constants_census.tsv
139911193603	2	1	45	-	POINT	-	UNMEASURED	data/machine2_cycle21_birth_locus.out
140071754153	1	0	-	-	UNRESOLVED-BY-KNOB (carried only by artefacts that declare no dps)	-	UNMEASURED	data/machine2_cycle19_nb_results.json
140082066564	1	0	-	-	UNRESOLVED-BY-KNOB (carried only by artefacts that declare no dps)	-	UNMEASURED	data/machine2_cycle19_nb_results.json
1401000266	2	0	-	-	UNRESOLVED-BY-KNOB (carried only by artefacts that declare no dps)	-	UNMEASURED	machine2-CORRECTED-kappa-tables-2026-09-02-RELAY-BY-astra-pa.md
1401751856	3	0	-	-	UNRESOLVED-BY-KNOB (carried only by artefacts that declare no dps)	-	UNMEASURED	data/m2_c37_published_constants_census.tsv
14020236312	3	0	-	-	UNRESOLVED-BY-KNOB (carried only by artefacts that declare no dps)	-	UNMEASURED	data/m2_c37_published_constants_census.tsv
140250592332	1	0	-	-	UNRESOLVED-BY-KNOB (carried only by artefacts that declare no dps)	-	UNMEASURED	data/machine2_cycle19_nb_results.json
140274046008	1	1	40	-	POINT	-	UNMEASURED	data/machine2_cycle28_cover_all.json
140293788332	1	0	-	-	UNRESOLVED-BY-KNOB (carried only by artefacts that declare no dps)	-	UNMEASURED	data/machine2_cycle25_design_scan_k2_4.json
1403375191	1	1	30	-	POINT	-	UNMEASURED	data/machine2_cycle21_identity_referee.out
140341052832	1	0	-	-	UNRESOLVED-BY-KNOB (carried only by artefacts that declare no dps)	-	UNMEASURED	data/machine2_cycle24_widthlaw.json
1404451682	1	1	40	-	POINT	-	UNMEASURED	data/machine2_cycle27_firesflip_c1.json
1404883939	1	0	-	-	UNRESOLVED-BY-KNOB (carried only by artefacts that declare no dps)	-	UNMEASURED	machine2-cycle23-PREREG-2-amendment-r4-same-sign-control-and-the-normalisation-that-decides-additivity.md
140561672976	1	0	-	-	UNRESOLVED-BY-KNOB (carried only by artefacts that declare no dps)	-	UNMEASURED	data/machine2_cycle20_mainW2.json
140580862076	1	0	-	-	UNRESOLVED-BY-KNOB (carried only by artefacts that declare no dps)	-	UNMEASURED	data/machine2_cycle20_mainW2.json
1407322514	1	1	20,30	-	RANGE	-	UNMEASURED	data/machine2_cycle17_census.json
140770114149	1	1	60	-	POINT	-	UNMEASURED	data/machine2_dn_n70_dps60.txt
140957416081	1	0	-	-	UNRESOLVED-BY-KNOB (carried only by artefacts that declare no dps)	-	UNMEASURED	data/machine2_cycle16_ext_results.json
1409760371	1	1	60	-	POINT	-	UNMEASURED	data/machine2_dn_n70_dps60.txt
140976037119	1	1	50	-	POINT	-	UNMEASURED	data/machine2_dn_dps50_n30.json
141079762759	1	0	-	-	UNRESOLVED-BY-KNOB (carried only by artefacts that declare no dps)	-	UNMEASURED	data/machine2_cycle19_nb_results.json
141123707404	2	0	-	-	UNRESOLVED-BY-KNOB (carried only by artefacts that declare no dps)	-	UNMEASURED	data/machine2_cycle22_zeros210.json
141152818918	1	1	90,110,125	25,30	RANGE	-	UNMEASURED	data/machine2_c34_refit.json
1411669999	1	0	-	-	UNRESOLVED-BY-KNOB (carried only by artefacts that declare no dps)	-	UNMEASURED	data/machine2_cycle29_s3_scored.json
141245529567	1	0	-	-	UNRESOLVED-BY-KNOB (carried only by artefacts that declare no dps)	-	UNMEASURED	data/machine2_cycle20_slide_K1_zeta_T0_e0.3_T600.json
141248638193	1	0	-	-	UNRESOLVED-BY-KNOB (carried only by artefacts that declare no dps)	-	UNMEASURED	data/machine2_cycle20_slide_K1_zeta_T0_e0.3_T600.json
14125284736	2	0	-	-	UNRESOLVED-BY-KNOB (carried only by artefacts that declare no dps)	-	UNMEASURED	data/m2_c37_g00.out
1412528474	1	0	-	-	UNRESOLVED-BY-KNOB (carried only by artefacts that declare no dps)	-	UNMEASURED	data/m2_c37_g00.out
141252847891	4	2	90,110,125	25,30	RANGE	-	UNMEASURED	data/m2_c37_g00.out
1413472514	2	0	-	-	UNRESOLVED-BY-KNOB (carried only by artefacts that declare no dps)	-	UNMEASURED	data/m2_c37_published_constants_census.tsv
141347251417	14	0	-	-	UNRESOLVED-BY-KNOB (carried only by artefacts that declare no dps)	-	UNMEASURED	data/m2_c37_published_constants_census.tsv
141357985842	1	0	-	-	UNRESOLVED-BY-KNOB (carried only by artefacts that declare no dps)	-	UNMEASURED	data/machine2_cycle16_ext_results.json
1414213562	1	0	-	-	UNRESOLVED-BY-KNOB (carried only by artefacts that declare no dps)	-	UNMEASURED	machine2-cycle15-l105-epstein-fold-answer.md
141421356237	3	1	15,20,25,30,40,50	-	RANGE	-	UNMEASURED	data/code/machine2_cycle15_fold_runs.py
141430942053	1	0	-	-	UNRESOLVED-BY-KNOB (carried only by artefacts that declare no dps)	-	UNMEASURED	data/machine2_cycle25_design_scan_k0_6.json
141461016017	1	0	-	-	UNRESOLVED-BY-KNOB (carried only by artefacts that declare no dps)	-	UNMEASURED	data/machine2_cycle16_ext_results.json
1416357226	1	1	50	-	POINT	-	UNMEASURED	data/machine2_dn_dps50_n30.json
141661142311	1	1	40	-	POINT	-	UNMEASURED	data/machine2_cycle28_cover_all.json
1416808467	1	0	-	-	UNRESOLVED-BY-KNOB (carried only by artefacts that declare no dps)	-	UNMEASURED	data/machine2_cycle15_stage3.out
141680846707	7	4	60,80,90,100,110,120	25	RANGE	-	UNMEASURED	data/code/machine2_c35_signgroup.py
141680846708	1	0	-	-	UNRESOLVED-BY-KNOB (carried only by artefacts that declare no dps)	-	UNMEASURED	data/machine2_cycle15_fold_results3.json
141733239663	62	35	15,20,25,30,40,45,50,60,70,80,90,110,120,125,130,150,175,200,400	12,25,30	RANGE	-	UNMEASURED	data/code/m2_a6_audit.py
141733239664	2	1	50	-	POINT	-	UNMEASURED	data/machine2_cycle15_fold_results4.json
1417332397	2	0	-	-	UNRESOLVED-BY-KNOB (carried only by artefacts that declare no dps)	-	UNMEASURED	data/m2_c37_published_constants_census.tsv
141755972115	1	0	-	-	UNRESOLVED-BY-KNOB (carried only by artefacts that declare no dps)	-	UNMEASURED	data/machine2_cycle20_mainW2.json
141762255998	1	0	-	-	UNRESOLVED-BY-KNOB (carried only by artefacts that declare no dps)	-	UNMEASURED	data/machine2_cycle25_design_scan_k2_4.json
141852517092	5	3	90,110,125,150	25,30	RANGE	-	UNMEASURED	data/m2_c38_runs.json
141852517093	4	3	90,110,125	25,30	RANGE	-	UNMEASURED	data/m2_c37_published_constants_census.tsv
1418550085	2	1	40	-	POINT	-	UNMEASURED	data/machine2_cycle27_anchorblind_c1.json
1419621383	1	0	-	-	UNRESOLVED-BY-KNOB (carried only by artefacts that declare no dps)	-	UNMEASURED	data/machine2_cycle20_mainW2.json
1421713165	1	1	60	-	POINT	-	UNMEASURED	data/m2_c30_scored.json
142171533889	1	0	-	-	UNRESOLVED-BY-KNOB (carried only by artefacts that declare no dps)	-	UNMEASURED	data/machine2_cycle20_mainW2.json
142207425121	1	0	-	-	UNRESOLVED-BY-KNOB (carried only by artefacts that declare no dps)	-	UNMEASURED	data/machine2_cycle25_design_scan_k0_4.json
142262080018	1	0	-	-	UNRESOLVED-BY-KNOB (carried only by artefacts that declare no dps)	-	UNMEASURED	data/machine2_cycle20_mainW2.json
1423637018	1	1	20,30	-	RANGE	-	UNMEASURED	data/machine2_cycle17_census.json
142547039609	1	0	-	-	UNRESOLVED-BY-KNOB (carried only by artefacts that declare no dps)	-	UNMEASURED	data/machine2_cycle23_design_scan.json
142647700850	1	0	-	-	UNRESOLVED-BY-KNOB (carried only by artefacts that declare no dps)	-	UNMEASURED	data/machine2_cycle25_design_scan_k2_4.json
142839481064	1	0	-	-	UNRESOLVED-BY-KNOB (carried only by artefacts that declare no dps)	-	UNMEASURED	data/machine2_cycle20_mainW2.json
1428571428	2	0	-	-	UNRESOLVED-BY-KNOB (carried only by artefacts that declare no dps)	-	UNMEASURED	data/machine2_cycle15_fold_results7.json
142857142857	8	5	15,20,25,30,40,45,50	12	RANGE	-	UNMEASURED	data/code/machine2_cycle15_epstein_fold.py
142930463139	1	0	-	-	UNRESOLVED-BY-KNOB (carried only by artefacts that declare no dps)	-	UNMEASURED	data/machine2_cycle20_mainW2.json
1430759242	2	0	-	-	UNRESOLVED-BY-KNOB (carried only by artefacts that declare no dps)	-	UNMEASURED	machine2-CORRECTED-kappa-tables-2026-09-02-RELAY-BY-astra-pa.md
1430774046	3	0	-	-	UNRESOLVED-BY-KNOB (carried only by artefacts that declare no dps)	-	UNMEASURED	data/m2_c37_published_constants_census.tsv
14307740461	3	0	-	-	UNRESOLVED-BY-KNOB (carried only by artefacts that declare no dps)	-	UNMEASURED	data/m2_c37_published_constants_census.tsv
143111845807	2	0	-	-	UNRESOLVED-BY-KNOB (carried only by artefacts that declare no dps)	-	UNMEASURED	data/machine2_cycle22_zeros210.json
143153579137	2	0	-	-	UNRESOLVED-BY-KNOB (carried only by artefacts that declare no dps)	-	UNMEASURED	data/machine2_cycle27_s3_prereg.json
143171740692	1	1	50	-	POINT	-	UNMEASURED	data/machine2_dn_dps50_n30.json
1431717407	1	1	60	-	POINT	-	UNMEASURED	data/machine2_dn_n70_dps60.txt
143176818469	1	1	50	-	POINT	-	UNMEASURED	data/machine2_dn_dps50_n30.json
1431768185	1	1	60	-	POINT	-	UNMEASURED	data/machine2_dn_n70_dps60.txt
143213718532	1	0	-	-	UNRESOLVED-BY-KNOB (carried only by artefacts that declare no dps)	-	UNMEASURED	data/machine2_cycle16_ext_results.json
143642792552	1	1	40	-	POINT	-	UNMEASURED	data/machine2_transfer_checks.out
14364279556	1	1	40	-	POINT	-	UNMEASURED	data/machine2_transfer_checks.out
1436566851	1	0	-	-	UNRESOLVED-BY-KNOB (carried only by artefacts that declare no dps)	-	UNMEASURED	data/machine2_cycle25_bands.json
1436809491	1	0	-	-	UNRESOLVED-BY-KNOB (carried only by artefacts that declare no dps)	-	UNMEASURED	data/machine2_cycle20_mainW2.json
143771385648	3	1	45	-	POINT	-	UNMEASURED	data/c28resp/m2_census_m8_fromscratch.py
143839620579	1	0	-	-	UNRESOLVED-BY-KNOB (carried only by artefacts that declare no dps)	-	UNMEASURED	data/machine2_cycle23_scored.json
14383962058	1	0	-	-	UNRESOLVED-BY-KNOB (carried only by artefacts that declare no dps)	-	UNMEASURED	machine2-cycle23-REVEAL-and-letter-the-family-fires-my-prereg-falls-m1s-prediction-holds.md
143947841644	1	0	-	-	UNRESOLVED-BY-KNOB (carried only by artefacts that declare no dps)	-	UNMEASURED	data/machine2_cycle20_mainW2.json
143972108269	3	1	45	-	POINT	-	UNMEASURED	data/c28resp/m2_census_m8_fromscratch.py
1440654994	1	0	-	-	UNRESOLVED-BY-KNOB (carried only by artefacts that declare no dps)	-	UNMEASURED	machine2-cycle8-oos-falsification-2026-09-03-RELAY-BY-astra-pa.md
1444362113	1	0	-	-	UNRESOLVED-BY-KNOB (carried only by artefacts that declare no dps)	-	UNMEASURED	data/machine2_cycle20_slide_K1_zeta_T49.7738324_e0.3_T600.json
144816318925	1	0	-	-	UNRESOLVED-BY-KNOB (carried only by artefacts that declare no dps)	-	UNMEASURED	data/machine2_cycle15_fold_results7.json
1449917938	1	1	50	-	POINT	-	UNMEASURED	data/machine2_dn_dps50_n30.json
145073248004	1	0	-	-	UNRESOLVED-BY-KNOB (carried only by artefacts that declare no dps)	-	UNMEASURED	data/machine2_cycle25_design_scan_k2_4.json
14517672508	1	0	-	-	UNRESOLVED-BY-KNOB (carried only by artefacts that declare no dps)	-	UNMEASURED	data/machine2_cycle20_mainW2.json
145252472005	1	0	-	-	UNRESOLVED-BY-KNOB (carried only by artefacts that declare no dps)	-	UNMEASURED	data/machine2_cycle20_slide_K3_epstein_D7_T4.65_e0.15_T250.json
145424700382	3	0	-	-	UNRESOLVED-BY-KNOB (carried only by artefacts that declare no dps)	-	UNMEASURED	data/machine2_cycle29_s3_grade.out
145561501288	1	1	60	-	POINT	-	UNMEASURED	data/machine2_dn_n70_dps60.txt
145567335769	3	2	50,60	-	RANGE	-	UNMEASURED	data/m2_c37_published_constants_census.tsv
145583524257	2	0	-	-	UNRESOLVED-BY-KNOB (carried only by artefacts that declare no dps)	-	UNMEASURED	data/machine2_cycle19_nb_results.json
145658041108	3	0	-	-	UNRESOLVED-BY-KNOB (carried only by artefacts that declare no dps)	-	UNMEASURED	data/code/machine2_cycle14_equivalence_audit.py
145702601221	1	0	-	-	UNRESOLVED-BY-KNOB (carried only by artefacts that declare no dps)	-	UNMEASURED	data/machine2_cycle20_mainW2.json
145743715729	1	0	-	-	UNRESOLVED-BY-KNOB (carried only by artefacts that declare no dps)	-	UNMEASURED	data/machine2_cycle23_selfconsistent.json
145805694301	1	0	-	-	UNRESOLVED-BY-KNOB (carried only by artefacts that declare no dps)	-	UNMEASURED	data/machine2_cycle16_ext_results.json
145899832517	1	0	-	-	UNRESOLVED-BY-KNOB (carried only by artefacts that declare no dps)	-	UNMEASURED	data/machine2_cycle20_slide_K3_epstein_D7_T3.875_e0.15_T250.json
1459517133	1	0	-	-	UNRESOLVED-BY-KNOB (carried only by artefacts that declare no dps)	-	UNMEASURED	data/machine2_cycle20_slide_K3_epstein_D7_T3.875_e0.15_T250.json
146000982486	3	0	-	-	UNRESOLVED-BY-KNOB (carried only by artefacts that declare no dps)	-	UNMEASURED	data/machine2_cycle22_zeros210.json
146027271772	1	0	-	-	UNRESOLVED-BY-KNOB (carried only by artefacts that declare no dps)	-	UNMEASURED	data/machine2_cycle16_ext_results.json
146043284214	1	0	-	-	UNRESOLVED-BY-KNOB (carried only by artefacts that declare no dps)	-	UNMEASURED	data/machine2_cycle26_boundary.json
146192436819	1	0	-	-	UNRESOLVED-BY-KNOB (carried only by artefacts that declare no dps)	-	UNMEASURED	data/machine2_cycle19_nb_results.json
146287090301	1	0	-	-	UNRESOLVED-BY-KNOB (carried only by artefacts that declare no dps)	-	UNMEASURED	data/machine2_cycle23_selfconsistent.json
146302598503	1	0	-	-	UNRESOLVED-BY-KNOB (carried only by artefacts that declare no dps)	-	UNMEASURED	data/machine2_cycle25_design_scan_k2_4.json
146379364356	1	0	-	-	UNRESOLVED-BY-KNOB (carried only by artefacts that declare no dps)	-	UNMEASURED	data/machine2_cycle23_selfconsistent.json
146385546599	1	0	-	-	UNRESOLVED-BY-KNOB (carried only by artefacts that declare no dps)	-	UNMEASURED	data/machine2_cycle16_ext_results.json
146573362912	1	0	-	-	UNRESOLVED-BY-KNOB (carried only by artefacts that declare no dps)	-	UNMEASURED	data/machine2_cycle25_design_scan_k2_4.json
146581722662	1	1	50	-	POINT	-	UNMEASURED	data/machine2_dn_dps50_n30.json
146664187302	1	0	-	-	UNRESOLVED-BY-KNOB (carried only by artefacts that declare no dps)	-	UNMEASURED	data/machine2_cycle23_selfconsistent.json
146711873914	1	0	-	-	UNRESOLVED-BY-KNOB (carried only by artefacts that declare no dps)	-	UNMEASURED	data/machine2_cycle23_design_scan.json
146891963602	1	0	-	-	UNRESOLVED-BY-KNOB (carried only by artefacts that declare no dps)	-	UNMEASURED	data/machine2_cycle20_mainW2.json
146977397565	1	0	-	-	UNRESOLVED-BY-KNOB (carried only by artefacts that declare no dps)	-	UNMEASURED	data/machine2_cycle20_mainW2.json
146986590263	4	0	-	-	UNRESOLVED-BY-KNOB (carried only by artefacts that declare no dps)	-	UNMEASURED	data/m2_c37_published_constants_census.tsv
146995099087	1	0	-	-	UNRESOLVED-BY-KNOB (carried only by artefacts that declare no dps)	-	UNMEASURED	data/machine2_cycle20_mainW2.json
147014753923	1	0	-	-	UNRESOLVED-BY-KNOB (carried only by artefacts that declare no dps)	-	UNMEASURED	machine2-cycle5-kappa4-2026-09-02.md
147146455428	1	0	-	-	UNRESOLVED-BY-KNOB (carried only by artefacts that declare no dps)	-	UNMEASURED	machine2-reply-to-astra-pa-letter1-2026-09-02.md
1471464565	2	0	-	-	UNRESOLVED-BY-KNOB (carried only by artefacts that declare no dps)	-	UNMEASURED	machine2-CORRECTED-kappa-tables-2026-09-02-RELAY-BY-astra-pa.md
147191309588	1	0	-	-	UNRESOLVED-BY-KNOB (carried only by artefacts that declare no dps)	-	UNMEASURED	data/machine2_cycle20_slide_K1_zeta_T0_e0.3_T600.json
1472204341	1	0	-	-	UNRESOLVED-BY-KNOB (carried only by artefacts that declare no dps)	-	UNMEASURED	data/machine2_cycle26_bandlaw.json
147255768003	1	0	-	-	UNRESOLVED-BY-KNOB (carried only by artefacts that declare no dps)	-	UNMEASURED	data/machine2_cycle20_slide_K1_zeta_T49.7738324_e0.3_T600.json
147302736578	2	2	50,60	-	RANGE	-	UNMEASURED	data/machine2_dn_dps50_n30.json
147422765342	4	0	-	-	UNRESOLVED-BY-KNOB (carried only by artefacts that declare no dps)	-	UNMEASURED	data/m2_c37_published_constants_census.tsv
147544668806	6	0	-	-	UNRESOLVED-BY-KNOB (carried only by artefacts that declare no dps)	-	UNMEASURED	data/machine2_cycle29_s3_branch_recheck.json
147544668807	1	0	-	-	UNRESOLVED-BY-KNOB (carried only by artefacts that declare no dps)	-	UNMEASURED	data/machine2_cycle29_s3_scored.json
147744521056	1	0	-	-	UNRESOLVED-BY-KNOB (carried only by artefacts that declare no dps)	-	UNMEASURED	data/machine2_cycle27_s3_prereg.json
147744521057	1	0	-	-	UNRESOLVED-BY-KNOB (carried only by artefacts that declare no dps)	-	UNMEASURED	data/machine2_cycle27_s3_prereg.out
147816873753	1	0	-	-	UNRESOLVED-BY-KNOB (carried only by artefacts that declare no dps)	-	UNMEASURED	data/machine2_cycle25_design_scan_k0_4.json
147907333928	1	0	-	-	UNRESOLVED-BY-KNOB (carried only by artefacts that declare no dps)	-	UNMEASURED	data/machine2_cycle25_design_scan_k2_4.json
147912378981	1	0	-	-	UNRESOLVED-BY-KNOB (carried only by artefacts that declare no dps)	-	UNMEASURED	data/machine2_cycle25_design_scan_k0_6.json
147984141429	1	0	-	-	UNRESOLVED-BY-KNOB (carried only by artefacts that declare no dps)	-	UNMEASURED	data/machine2_cycle16_ext_results.json
148033116172	1	0	-	-	UNRESOLVED-BY-KNOB (carried only by artefacts that declare no dps)	-	UNMEASURED	data/machine2_cycle23_selfconsistent.json
148057987421	1	0	-	-	UNRESOLVED-BY-KNOB (carried only by artefacts that declare no dps)	-	UNMEASURED	data/machine2_cycle25_design_scan_k0_4.json
148153424934	1	0	-	-	UNRESOLVED-BY-KNOB (carried only by artefacts that declare no dps)	-	UNMEASURED	data/machine2_cycle20_mainW2.json
148155536029	1	0	-	-	UNRESOLVED-BY-KNOB (carried only by artefacts that declare no dps)	-	UNMEASURED	data/machine2_cycle20_mainW2.json
148415504878	2	0	-	-	UNRESOLVED-BY-KNOB (carried only by artefacts that declare no dps)	-	UNMEASURED	data/machine2_cycle27_s3_prereg.json
148470410734	1	0	-	-	UNRESOLVED-BY-KNOB (carried only by artefacts that declare no dps)	-	UNMEASURED	data/machine2_cycle20_mainW2.json
148497418676	1	0	-	-	UNRESOLVED-BY-KNOB (carried only by artefacts that declare no dps)	-	UNMEASURED	data/machine2_cycle20_mainW2.json
14858054334	1	0	-	-	UNRESOLVED-BY-KNOB (carried only by artefacts that declare no dps)	-	UNMEASURED	data/machine2_cycle25_design_scan_k0_4.json
148702780082	1	0	-	-	UNRESOLVED-BY-KNOB (carried only by artefacts that declare no dps)	-	UNMEASURED	machine2-cycle22-witness-fires-on-the-bare-zero-side.md
148742188420	1	0	-	-	UNRESOLVED-BY-KNOB (carried only by artefacts that declare no dps)	-	UNMEASURED	machine2-ERRATUM-19-published-Dstar-width-175-exceeds-its-certified-accuracy-151.md
148774538581	1	1	40	-	POINT	-	UNMEASURED	data/machine2_cycle28_cover_all.json
148881548328	1	0	-	-	UNRESOLVED-BY-KNOB (carried only by artefacts that declare no dps)	-	UNMEASURED	data/machine2_cycle24_widthlaw.json
148968282182	1	0	-	-	UNRESOLVED-BY-KNOB (carried only by artefacts that declare no dps)	-	UNMEASURED	data/machine2_cycle16_ext_results.json
148989999043	1	0	-	-	UNRESOLVED-BY-KNOB (carried only by artefacts that declare no dps)	-	UNMEASURED	data/machine2_cycle26_bandlaw.json
1490415262	1	1	50	-	POINT	-	UNMEASURED	data/machine2_dn_dps50_n30.json
149088549335	1	0	-	-	UNRESOLVED-BY-KNOB (carried only by artefacts that declare no dps)	-	UNMEASURED	data/machine2_cycle16_low_results.json
14926185235	1	0	-	-	UNRESOLVED-BY-KNOB (carried only by artefacts that declare no dps)	-	UNMEASURED	data/machine2_cycle20_mainW2.json
149294535726	1	0	-	-	UNRESOLVED-BY-KNOB (carried only by artefacts that declare no dps)	-	UNMEASURED	data/machine2_cycle19_nb_results.json
149307764027	1	0	-	-	UNRESOLVED-BY-KNOB (carried only by artefacts that declare no dps)	-	UNMEASURED	data/machine2_cycle20_mainW2.json
149382286017	1	0	-	-	UNRESOLVED-BY-KNOB (carried only by artefacts that declare no dps)	-	UNMEASURED	data/machine2_cycle20_mainW2.json
149433884054	1	0	-	-	UNRESOLVED-BY-KNOB (carried only by artefacts that declare no dps)	-	UNMEASURED	data/machine2_cycle23_selfconsistent.json
149528760206	1	0	-	-	UNRESOLVED-BY-KNOB (carried only by artefacts that declare no dps)	-	UNMEASURED	data/machine2_cycle20_mainW2.json
149599032345	3	0	-	-	UNRESOLVED-BY-KNOB (carried only by artefacts that declare no dps)	-	UNMEASURED	data/machine2_cycle15_fold_results7.json
149621445957	27	17	45,50,60,80,120,300	-	RANGE	-	UNMEASURED	data/c28resp/m2_c28r_btrunc.py
149628353472	1	0	-	-	UNRESOLVED-BY-KNOB (carried only by artefacts that declare no dps)	-	UNMEASURED	data/machine2_cycle25_design_scan_k0_4.json
149657767662	2	2	90,110,125	25,30	RANGE	-	UNMEASURED	data/machine2_c34_refit.json
149657767663	1	0	-	-	UNRESOLVED-BY-KNOB (carried only by artefacts that declare no dps)	-	UNMEASURED	machine2-c34-the-Dstar-literal-is-removed-and-the-floor-is-not-a-number.md
149710295114	1	0	-	-	UNRESOLVED-BY-KNOB (carried only by artefacts that declare no dps)	-	UNMEASURED	data/machine2_cycle20_mainW2.json
149770514478	2	0	-	-	UNRESOLVED-BY-KNOB (carried only by artefacts that declare no dps)	-	UNMEASURED	data/m2_c37_published_constants_census.tsv
149918929124	1	0	-	-	UNRESOLVED-BY-KNOB (carried only by artefacts that declare no dps)	-	UNMEASURED	data/machine2_cycle20_slide_K3_epstein_D7_T4.65_e0.15_T250.json
149956394538	3	0	-	-	UNRESOLVED-BY-KNOB (carried only by artefacts that declare no dps)	-	UNMEASURED	data/machine2_cycle23_ordcheck.json
1499750125	1	0	-	-	UNRESOLVED-BY-KNOB (carried only by artefacts that declare no dps)	-	UNMEASURED	data/machine2_cycle26_branch.json
150053520420	2	0	-	-	UNRESOLVED-BY-KNOB (carried only by artefacts that declare no dps)	-	UNMEASURED	data/machine2_cycle22_zeros210.json
150094878196	1	0	-	-	UNRESOLVED-BY-KNOB (carried only by artefacts that declare no dps)	-	UNMEASURED	data/machine2_cycle16_scan_results.json
150160884416	1	0	-	-	UNRESOLVED-BY-KNOB (carried only by artefacts that declare no dps)	-	UNMEASURED	data/machine2_cycle16_gate1.json
150200931664	1	0	-	-	UNRESOLVED-BY-KNOB (carried only by artefacts that declare no dps)	-	UNMEASURED	data/machine2_cycle22_scored_witness.json
150236539102	1	0	-	-	UNRESOLVED-BY-KNOB (carried only by artefacts that declare no dps)	-	UNMEASURED	data/machine2_cycle20_mainW2.json
150298793479	1	0	-	-	UNRESOLVED-BY-KNOB (carried only by artefacts that declare no dps)	-	UNMEASURED	data/machine2_cycle23_shifts.json
150300480442	2	0	-	-	UNRESOLVED-BY-KNOB (carried only by artefacts that declare no dps)	-	UNMEASURED	data/machine2_cycle27_s3_prereg.json
150341312172	1	0	-	-	UNRESOLVED-BY-KNOB (carried only by artefacts that declare no dps)	-	UNMEASURED	data/machine2_cycle20_mainW2.json
150387532454	1	0	-	-	UNRESOLVED-BY-KNOB (carried only by artefacts that declare no dps)	-	UNMEASURED	data/machine2_cycle20_mainW2.json
150662143776	1	0	-	-	UNRESOLVED-BY-KNOB (carried only by artefacts that declare no dps)	-	UNMEASURED	data/machine2_cycle23_selfconsistent.json
150726587610	1	0	-	-	UNRESOLVED-BY-KNOB (carried only by artefacts that declare no dps)	-	UNMEASURED	data/machine2_cycle25_design_scan_k2_4.json
15082290475	1	0	-	-	UNRESOLVED-BY-KNOB (carried only by artefacts that declare no dps)	-	UNMEASURED	data/machine2_cycle23_selfconsistent.json
150925257612	2	0	-	-	UNRESOLVED-BY-KNOB (carried only by artefacts that declare no dps)	-	UNMEASURED	data/machine2_cycle22_zeros210.json
150932144267	1	0	-	-	UNRESOLVED-BY-KNOB (carried only by artefacts that declare no dps)	-	UNMEASURED	data/machine2_cycle20_slide_K1_zeta_T0_e0.3_T600.json
150937015994	1	0	-	-	UNRESOLVED-BY-KNOB (carried only by artefacts that declare no dps)	-	UNMEASURED	data/machine2_cycle20_mainW2.json
150955807841	1	0	-	-	UNRESOLVED-BY-KNOB (carried only by artefacts that declare no dps)	-	UNMEASURED	data/machine2_cycle20_mainW2.json
151018084470	1	0	-	-	UNRESOLVED-BY-KNOB (carried only by artefacts that declare no dps)	-	UNMEASURED	data/machine2_cycle16_scan_results.json
151201139415	5	0	-	-	UNRESOLVED-BY-KNOB (carried only by artefacts that declare no dps)	-	UNMEASURED	data/m2_c37_published_constants_census.tsv
151363923395	1	0	-	-	UNRESOLVED-BY-KNOB (carried only by artefacts that declare no dps)	-	UNMEASURED	data/machine2_cycle23_selfconsistent.json
151716822851	1	0	-	-	UNRESOLVED-BY-KNOB (carried only by artefacts that declare no dps)	-	UNMEASURED	data/machine2_cycle25_design_scan_k2_4.json
151732800776	1	0	-	-	UNRESOLVED-BY-KNOB (carried only by artefacts that declare no dps)	-	UNMEASURED	data/machine2_cycle20_mainW2.json
151756857129	1	1	40	-	POINT	-	UNMEASURED	data/machine2_cycle28_cover_all.json
151850926264	1	1	40	-	POINT	-	UNMEASURED	data/machine2_cycle28_cover_all.json
1519319955	1	0	-	-	UNRESOLVED-BY-KNOB (carried only by artefacts that declare no dps)	-	UNMEASURED	data/machine2_cycle29_s3_scored.json
151981725307	1	0	-	-	UNRESOLVED-BY-KNOB (carried only by artefacts that declare no dps)	-	UNMEASURED	data/machine2_cycle20_mainW2.json
15203074387	1	0	-	-	UNRESOLVED-BY-KNOB (carried only by artefacts that declare no dps)	-	UNMEASURED	data/machine2_cycle25_design_scan_k2_4.json
152148192487	1	0	-	-	UNRESOLVED-BY-KNOB (carried only by artefacts that declare no dps)	-	UNMEASURED	data/machine2_cycle25_design_scan_k0_4.json
152234970187	1	0	-	-	UNRESOLVED-BY-KNOB (carried only by artefacts that declare no dps)	-	UNMEASURED	data/machine2_cycle16_scan_results.json
152359256852	3	0	-	-	UNRESOLVED-BY-KNOB (carried only by artefacts that declare no dps)	-	UNMEASURED	data/machine2_cycle27_s3_prereg.json
152442126743	2	2	50,60	-	RANGE	-	UNMEASURED	data/machine2_dn_dps50_n30.json
152470887754	1	0	-	-	UNRESOLVED-BY-KNOB (carried only by artefacts that declare no dps)	-	UNMEASURED	data/machine2_cycle20_slide_K3_epstein_D7_T4.65_e0.15_T250.json
152481749136	1	0	-	-	UNRESOLVED-BY-KNOB (carried only by artefacts that declare no dps)	-	UNMEASURED	data/machine2_cycle20_mainW2.json
152506101571	1	0	-	-	UNRESOLVED-BY-KNOB (carried only by artefacts that declare no dps)	-	UNMEASURED	data/machine2_cycle25_design_scan_k0_4.json
152543083624	1	0	-	-	UNRESOLVED-BY-KNOB (carried only by artefacts that declare no dps)	-	UNMEASURED	data/machine2_cycle25_design_scan_k0_6.json
152548089769	2	0	-	-	UNRESOLVED-BY-KNOB (carried only by artefacts that declare no dps)	-	UNMEASURED	data/machine2_cycle27_s3_prereg.json
152551883373	1	0	-	-	UNRESOLVED-BY-KNOB (carried only by artefacts that declare no dps)	-	UNMEASURED	data/machine2_cycle16_scan_results.json
152711079860	1	1	90	25	POINT	-	UNMEASURED	data/machine2_c35_signgroup.json
152778957302	1	0	-	-	UNRESOLVED-BY-KNOB (carried only by artefacts that declare no dps)	-	UNMEASURED	data/machine2_cycle16_scan_results.json
152778957303	1	0	-	-	UNRESOLVED-BY-KNOB (carried only by artefacts that declare no dps)	-	UNMEASURED	data/machine2_cycle16_scan_results.json
15282952505	1	0	-	-	UNRESOLVED-BY-KNOB (carried only by artefacts that declare no dps)	-	UNMEASURED	data/machine2_cycle20_mainW2.json
153002839029	1	1	30	-	POINT	-	UNMEASURED	data/machine2_cycle21_identity_referee.out
153007866981	1	1	40	-	POINT	-	UNMEASURED	data/machine2_cycle28_cover_all.json
153024693811	2	0	-	-	UNRESOLVED-BY-KNOB (carried only by artefacts that declare no dps)	-	UNMEASURED	data/machine2_cycle22_zeros210.json
153111778984	1	0	-	-	UNRESOLVED-BY-KNOB (carried only by artefacts that declare no dps)	-	UNMEASURED	data/machine2_cycle25_design_scan_k0_6.json
153330898467	1	0	-	-	UNRESOLVED-BY-KNOB (carried only by artefacts that declare no dps)	-	UNMEASURED	data/machine2_cycle24_breakdown.json
153353984927	1	0	-	-	UNRESOLVED-BY-KNOB (carried only by artefacts that declare no dps)	-	UNMEASURED	data/machine2_cycle20_mainW2.json
1533875667	2	0	-	-	UNRESOLVED-BY-KNOB (carried only by artefacts that declare no dps)	-	UNMEASURED	machine2-CORRECTED-kappa-tables-2026-09-02-RELAY-BY-astra-pa.md
1533875676	5	0	-	-	UNRESOLVED-BY-KNOB (carried only by artefacts that declare no dps)	-	UNMEASURED	data/m2_c37_published_constants_census.tsv
153387567704	1	0	-	-	UNRESOLVED-BY-KNOB (carried only by artefacts that declare no dps)	-	UNMEASURED	data/m2_c38_testimony_classified.tsv
153440165081	2	2	50,60	-	RANGE	-	UNMEASURED	data/machine2_dn_dps50_n30.json
153556273574	1	0	-	-	UNRESOLVED-BY-KNOB (carried only by artefacts that declare no dps)	-	UNMEASURED	data/machine2_cycle25_design_scan_k0_6.json
153621634965	1	0	-	-	UNRESOLVED-BY-KNOB (carried only by artefacts that declare no dps)	-	UNMEASURED	data/machine2_c31_fitness_constants.json
153713269785	1	0	-	-	UNRESOLVED-BY-KNOB (carried only by artefacts that declare no dps)	-	UNMEASURED	data/machine2_cycle24_widthlaw.json
1540704161	1	1	50	-	POINT	-	UNMEASURED	data/machine2_dn_dps50_n30.json
154073103261	1	0	-	-	UNRESOLVED-BY-KNOB (carried only by artefacts that declare no dps)	-	UNMEASURED	data/machine2_cycle25_design_scan_k0_4.json
154097552959	1	0	-	-	UNRESOLVED-BY-KNOB (carried only by artefacts that declare no dps)	-	UNMEASURED	data/machine2_cycle24_widthlaw.json
154263836691	1	0	-	-	UNRESOLVED-BY-KNOB (carried only by artefacts that declare no dps)	-	UNMEASURED	data/machine2_cycle23_selfconsistent.json
154442718569	1	1	50	-	POINT	-	UNMEASURED	data/machine2_dn_dps50_n30.json
1544427186	1	1	60	-	POINT	-	UNMEASURED	data/machine2_dn_n70_dps60.txt
154455491041	1	0	-	-	UNRESOLVED-BY-KNOB (carried only by artefacts that declare no dps)	-	UNMEASURED	data/machine2_cycle20_mainW2.json
154503339541	1	1	90	25	POINT	-	UNMEASURED	data/machine2_c35_signgroup.json
154506611950	1	0	-	-	UNRESOLVED-BY-KNOB (carried only by artefacts that declare no dps)	-	UNMEASURED	data/machine2_cycle20_slide_K3_epstein_D7_T4.65_e0.15_T250.json
154539835955	2	2	50,60	-	RANGE	-	UNMEASURED	data/machine2_dn_dps50_n30.json
154610297015	1	0	-	-	UNRESOLVED-BY-KNOB (carried only by artefacts that declare no dps)	-	UNMEASURED	data/machine2_cycle16_scan_results.json
154646417563	1	0	-	-	UNRESOLVED-BY-KNOB (carried only by artefacts that declare no dps)	-	UNMEASURED	data/machine2_cycle23_controls.json
154663162245	1	0	-	-	UNRESOLVED-BY-KNOB (carried only by artefacts that declare no dps)	-	UNMEASURED	data/machine2_cycle19_nb_results.json
1547107748	1	1	20,30	-	RANGE	-	UNMEASURED	data/machine2_cycle17_census.json
154751414287	1	0	-	-	UNRESOLVED-BY-KNOB (carried only by artefacts that declare no dps)	-	UNMEASURED	data/machine2_cycle19_nb_results.json
154759306852	1	0	-	-	UNRESOLVED-BY-KNOB (carried only by artefacts that declare no dps)	-	UNMEASURED	data/machine2_cycle19_nb_results.json
154833111953	1	0	-	-	UNRESOLVED-BY-KNOB (carried only by artefacts that declare no dps)	-	UNMEASURED	data/machine2_cycle26_boundary.json
154950732309	1	0	-	-	UNRESOLVED-BY-KNOB (carried only by artefacts that declare no dps)	-	UNMEASURED	data/machine2_cycle19_nb_results.json
155005817761	1	0	-	-	UNRESOLVED-BY-KNOB (carried only by artefacts that declare no dps)	-	UNMEASURED	data/machine2_cycle16_ext_results.json
155195991491	1	1	40	-	POINT	-	UNMEASURED	data/machine2_cycle28_cover_all.json
155198599585	1	0	-	-	UNRESOLVED-BY-KNOB (carried only by artefacts that declare no dps)	-	UNMEASURED	data/machine2_cycle25_design_scan_k0_4.json
155215352263	2	0	-	-	UNRESOLVED-BY-KNOB (carried only by artefacts that declare no dps)	-	UNMEASURED	data/m2_c37_published_constants_census.tsv
15521535250	2	0	-	-	UNRESOLVED-BY-KNOB (carried only by artefacts that declare no dps)	-	UNMEASURED	data/m2_c37_published_constants_census.tsv
155225896096	1	1	50	-	POINT	-	UNMEASURED	data/machine2_dn_dps50_n30.json
1552258961	1	1	60	-	POINT	-	UNMEASURED	data/machine2_dn_n70_dps60.txt
155500902835	1	0	-	-	UNRESOLVED-BY-KNOB (carried only by artefacts that declare no dps)	-	UNMEASURED	data/machine2_cycle15_fold_results7.json
155508422529	2	2	50,60	-	RANGE	-	UNMEASURED	data/machine2_dn_dps50_n30.json
155570799076	1	0	-	-	UNRESOLVED-BY-KNOB (carried only by artefacts that declare no dps)	-	UNMEASURED	data/machine2_cycle29_s3_scored.json
155578816552	1	0	-	-	UNRESOLVED-BY-KNOB (carried only by artefacts that declare no dps)	-	UNMEASURED	data/machine2_cycle20_mainW2.json
155588020789	1	0	-	-	UNRESOLVED-BY-KNOB (carried only by artefacts that declare no dps)	-	UNMEASURED	data/machine2_cycle26_boundary.json
15570653585	1	1	50	-	POINT	-	UNMEASURED	data/machine2_dn_dps50_n30.json
1557065359	1	1	60	-	POINT	-	UNMEASURED	data/machine2_dn_n70_dps60.txt
155714656279	1	0	-	-	UNRESOLVED-BY-KNOB (carried only by artefacts that declare no dps)	-	UNMEASURED	data/machine2_cycle16_ext_results.json
155777779923	2	2	50,60	-	RANGE	-	UNMEASURED	data/machine2_dn_dps50_n30.json
155781567813	2	2	50,60	-	RANGE	-	UNMEASURED	data/machine2_dn_dps50_n30.json
1559720527	1	1	20,30	-	RANGE	-	UNMEASURED	data/machine2_cycle17_census.json
156112909294	2	0	-	-	UNRESOLVED-BY-KNOB (carried only by artefacts that declare no dps)	-	UNMEASURED	data/machine2_cycle22_zeros210.json
1561357084	2	0	-	-	UNRESOLVED-BY-KNOB (carried only by artefacts that declare no dps)	-	UNMEASURED	machine2-cycle5-kappa4-2026-09-02.md
156167755588	1	1	50	-	POINT	-	UNMEASURED	data/machine2_dn_dps50_n30.json
1561677556	1	1	60	-	POINT	-	UNMEASURED	data/machine2_dn_n70_dps60.txt
156534498533	1	0	-	-	UNRESOLVED-BY-KNOB (carried only by artefacts that declare no dps)	-	UNMEASURED	data/machine2_cycle25_design_scan_k0_4.json
156622394198	6	0	-	-	UNRESOLVED-BY-KNOB (carried only by artefacts that declare no dps)	-	UNMEASURED	data/m2_c37_published_constants_census.tsv
15668249531	2	0	-	-	UNRESOLVED-BY-KNOB (carried only by artefacts that declare no dps)	-	UNMEASURED	data/code/machine2_cycle17_pt_control.py
157068699395	1	0	-	-	UNRESOLVED-BY-KNOB (carried only by artefacts that declare no dps)	-	UNMEASURED	data/machine2_cycle16_ext_results.json
157112798244	1	0	-	-	UNRESOLVED-BY-KNOB (carried only by artefacts that declare no dps)	-	UNMEASURED	data/machine2_cycle24_widthlaw.json
157138986674	1	0	-	-	UNRESOLVED-BY-KNOB (carried only by artefacts that declare no dps)	-	UNMEASURED	data/machine2_cycle20_mainW2.json
157346403805	1	0	-	-	UNRESOLVED-BY-KNOB (carried only by artefacts that declare no dps)	-	UNMEASURED	data/machine2_cycle20_mainW2.json
157418506716	1	0	-	-	UNRESOLVED-BY-KNOB (carried only by artefacts that declare no dps)	-	UNMEASURED	data/machine2_cycle23_selfconsistent.json
157488672851	1	0	-	-	UNRESOLVED-BY-KNOB (carried only by artefacts that declare no dps)	-	UNMEASURED	data/machine2_cycle20_slide_K1_zeta_T45.666_e0.3_T600.json
157597591817	2	0	-	-	UNRESOLVED-BY-KNOB (carried only by artefacts that declare no dps)	-	UNMEASURED	data/machine2_cycle22_zeros210.json
157651971057	1	0	-	-	UNRESOLVED-BY-KNOB (carried only by artefacts that declare no dps)	-	UNMEASURED	data/machine2_cycle23_selfconsistent.json
157688082664	1	1	40	-	POINT	-	UNMEASURED	data/machine2_cycle28_cover_all.json
157708779513	1	0	-	-	UNRESOLVED-BY-KNOB (carried only by artefacts that declare no dps)	-	UNMEASURED	data/machine2_cycle19_nb_results.json
157738586363	1	1	90,125,150	25,30	RANGE	-	UNMEASURED	data/m2_c38_runs.json
157830058138	1	0	-	-	UNRESOLVED-BY-KNOB (carried only by artefacts that declare no dps)	-	UNMEASURED	data/machine2_cycle23_sweep_c.json
158042310596	1	0	-	-	UNRESOLVED-BY-KNOB (carried only by artefacts that declare no dps)	-	UNMEASURED	data/machine2_cycle23_selfconsistent.json
158150300139	1	0	-	-	UNRESOLVED-BY-KNOB (carried only by artefacts that declare no dps)	-	UNMEASURED	data/machine2_cycle20_mainW2.json
158237308024	1	0	-	-	UNRESOLVED-BY-KNOB (carried only by artefacts that declare no dps)	-	UNMEASURED	data/machine2_cycle25_design_scan_k0_6.json
15831538257	1	0	-	-	UNRESOLVED-BY-KNOB (carried only by artefacts that declare no dps)	-	UNMEASURED	data/machine2_cycle20_slide_K3_epstein_D7_T4.65_e0.15_T250.json
158487933318	1	0	-	-	UNRESOLVED-BY-KNOB (carried only by artefacts that declare no dps)	-	UNMEASURED	data/machine2_cycle20_mainW2.json
158527352307	1	0	-	-	UNRESOLVED-BY-KNOB (carried only by artefacts that declare no dps)	-	UNMEASURED	data/machine2_cycle20_zerosum.json
158565537659	3	0	-	-	UNRESOLVED-BY-KNOB (carried only by artefacts that declare no dps)	-	UNMEASURED	data/machine2_cycle23_ordcheck.json
158648373222	1	0	-	-	UNRESOLVED-BY-KNOB (carried only by artefacts that declare no dps)	-	UNMEASURED	data/machine2_cycle23_selfconsistent.json
158714959433	1	0	-	-	UNRESOLVED-BY-KNOB (carried only by artefacts that declare no dps)	-	UNMEASURED	data/machine2_cycle23_selfconsistent.json
158820691200	1	0	-	-	UNRESOLVED-BY-KNOB (carried only by artefacts that declare no dps)	-	UNMEASURED	data/machine2_cycle24_widthlaw.json
158832212962	1	0	-	-	UNRESOLVED-BY-KNOB (carried only by artefacts that declare no dps)	-	UNMEASURED	data/machine2_cycle25_design_scan_k2_4.json
158849988171	2	0	-	-	UNRESOLVED-BY-KNOB (carried only by artefacts that declare no dps)	-	UNMEASURED	data/machine2_cycle22_zeros210.json
159217742928	1	0	-	-	UNRESOLVED-BY-KNOB (carried only by artefacts that declare no dps)	-	UNMEASURED	data/machine2_cycle24_widthlaw.json
159252456995	1	0	-	-	UNRESOLVED-BY-KNOB (carried only by artefacts that declare no dps)	-	UNMEASURED	data/machine2_cycle15_fold_results2.json
159252456996	1	0	-	-	UNRESOLVED-BY-KNOB (carried only by artefacts that declare no dps)	-	UNMEASURED	data/machine2_cycle15_stage2.out
159288374625	2	1	90	25	POINT	-	UNMEASURED	data/m2_c37_published_constants_census.tsv
159441868797	1	0	-	-	UNRESOLVED-BY-KNOB (carried only by artefacts that declare no dps)	-	UNMEASURED	data/machine2_cycle16_ext_results.json
159596253678	1	0	-	-	UNRESOLVED-BY-KNOB (carried only by artefacts that declare no dps)	-	UNMEASURED	data/machine2_cycle20_mainW2.json
159626186350	1	0	-	-	UNRESOLVED-BY-KNOB (carried only by artefacts that declare no dps)	-	UNMEASURED	data/machine2_cycle20_mainW2.json
159726267297	1	0	-	-	UNRESOLVED-BY-KNOB (carried only by artefacts that declare no dps)	-	UNMEASURED	data/machine2_cycle25_design_scan_k0_4.json
160101372290	1	0	-	-	UNRESOLVED-BY-KNOB (carried only by artefacts that declare no dps)	-	UNMEASURED	data/machine2_cycle16_ext_results.json
160242958311	1	0	-	-	UNRESOLVED-BY-KNOB (carried only by artefacts that declare no dps)	-	UNMEASURED	data/machine2_cycle25_design_scan_k2_4.json
160244364917	1	0	-	-	UNRESOLVED-BY-KNOB (carried only by artefacts that declare no dps)	-	UNMEASURED	data/machine2_cycle20_slide_K3_epstein_D7_T4.65_e0.15_T250.json
160352780867	1	0	-	-	UNRESOLVED-BY-KNOB (carried only by artefacts that declare no dps)	-	UNMEASURED	data/machine2_cycle25_design_scan_k0_4.json
160459202459	1	0	-	-	UNRESOLVED-BY-KNOB (carried only by artefacts that declare no dps)	-	UNMEASURED	data/machine2_cycle23_selfconsistent.json
160543787452	1	0	-	-	UNRESOLVED-BY-KNOB (carried only by artefacts that declare no dps)	-	UNMEASURED	data/machine2_cycle20_mainW2.json
1605612693	1	1	50	-	POINT	-	UNMEASURED	data/machine2_dn_dps50_n30.json
1606981731	1	0	-	-	UNRESOLVED-BY-KNOB (carried only by artefacts that declare no dps)	-	UNMEASURED	machine2-c34-the-Dstar-literal-is-removed-and-the-floor-is-not-a-number.md
160789633653	1	0	-	-	UNRESOLVED-BY-KNOB (carried only by artefacts that declare no dps)	-	UNMEASURED	data/machine2_cycle19_nb_results.json
16086074941	1	0	-	-	UNRESOLVED-BY-KNOB (carried only by artefacts that declare no dps)	-	UNMEASURED	machine2-cycle16-void-wedge-census-and-seven-off-line-zeros.md
160860749412	2	0	-	-	UNRESOLVED-BY-KNOB (carried only by artefacts that declare no dps)	-	UNMEASURED	data/machine2_cycle16_zeros_verified.json
160908266092	2	2	50,60	-	RANGE	-	UNMEASURED	data/machine2_dn_dps50_n30.json
161029820338	1	0	-	-	UNRESOLVED-BY-KNOB (carried only by artefacts that declare no dps)	-	UNMEASURED	data/machine2_cycle20_mainW2.json
161188964137	2	0	-	-	UNRESOLVED-BY-KNOB (carried only by artefacts that declare no dps)	-	UNMEASURED	data/machine2_cycle22_zeros210.json
161241879227	2	2	50,60	-	RANGE	-	UNMEASURED	data/machine2_dn_dps50_n30.json
1612632881	1	0	-	-	UNRESOLVED-BY-KNOB (carried only by artefacts that declare no dps)	-	UNMEASURED	data/machine2_cycle20_mainW2.json
161354596649	2	0	-	-	UNRESOLVED-BY-KNOB (carried only by artefacts that declare no dps)	-	UNMEASURED	data/machine2_cycle27_s3_prereg.json
161398560966	1	0	-	-	UNRESOLVED-BY-KNOB (carried only by artefacts that declare no dps)	-	UNMEASURED	data/machine2_cycle23_selfconsistent.json
161511966488	1	0	-	-	UNRESOLVED-BY-KNOB (carried only by artefacts that declare no dps)	-	UNMEASURED	data/machine2_cycle25_design_scan_k0_4.json
161679448637	1	0	-	-	UNRESOLVED-BY-KNOB (carried only by artefacts that declare no dps)	-	UNMEASURED	data/machine2_c31_fitness.out
16171122234	1	0	-	-	UNRESOLVED-BY-KNOB (carried only by artefacts that declare no dps)	-	UNMEASURED	data/machine2_cycle23_selfconsistent.json
161823874821	1	0	-	-	UNRESOLVED-BY-KNOB (carried only by artefacts that declare no dps)	-	UNMEASURED	data/machine2_cycle23_selfconsistent.json
1620983874	3	0	-	-	UNRESOLVED-BY-KNOB (carried only by artefacts that declare no dps)	-	UNMEASURED	data/machine2_c32_arith.out
16215736339	1	0	-	-	UNRESOLVED-BY-KNOB (carried only by artefacts that declare no dps)	-	UNMEASURED	data/machine2_c32_bias.out
162157937856	2	0	-	-	UNRESOLVED-BY-KNOB (carried only by artefacts that declare no dps)	-	UNMEASURED	data/m2_c37_published_constants_census.tsv
162171957055	1	0	-	-	UNRESOLVED-BY-KNOB (carried only by artefacts that declare no dps)	-	UNMEASURED	data/machine2_cycle16_scan_results.json
162224772726	1	0	-	-	UNRESOLVED-BY-KNOB (carried only by artefacts that declare no dps)	-	UNMEASURED	data/machine2_cycle16_scan_results.json
1622722356	1	1	20,30	-	RANGE	-	UNMEASURED	data/machine2_cycle17_census.json
162341182589	2	0	-	-	UNRESOLVED-BY-KNOB (carried only by artefacts that declare no dps)	-	UNMEASURED	data/m2_c37_published_constants_census.tsv
1623411826	5	1	60	-	POINT	-	UNMEASURED	data/code/machine2_c31_calibrate.py
162380089335	1	0	-	-	UNRESOLVED-BY-KNOB (carried only by artefacts that declare no dps)	-	UNMEASURED	data/machine2_cycle23_shifts.json
162384302856	1	0	-	-	UNRESOLVED-BY-KNOB (carried only by artefacts that declare no dps)	-	UNMEASURED	data/machine2_c32_bias.out
162428309919	1	0	-	-	UNRESOLVED-BY-KNOB (carried only by artefacts that declare no dps)	-	UNMEASURED	data/machine2_c32_bias.out
162458828876	1	0	-	-	UNRESOLVED-BY-KNOB (carried only by artefacts that declare no dps)	-	UNMEASURED	data/machine2_c32_bias.out
162484804941	1	0	-	-	UNRESOLVED-BY-KNOB (carried only by artefacts that declare no dps)	-	UNMEASURED	data/machine2_c32_bias.out
162518707277	1	0	-	-	UNRESOLVED-BY-KNOB (carried only by artefacts that declare no dps)	-	UNMEASURED	data/machine2_cycle19_nb_results.json
162531005655	1	0	-	-	UNRESOLVED-BY-KNOB (carried only by artefacts that declare no dps)	-	UNMEASURED	data/machine2_c32_bias.out
162673531163	11	4	60,80	-	RANGE	-	UNMEASURED	data/code/machine2_c31_calibrate.py
162928109628	1	0	-	-	UNRESOLVED-BY-KNOB (carried only by artefacts that declare no dps)	-	UNMEASURED	data/machine2_cycle20_mainW2.json
163030709687	2	0	-	-	UNRESOLVED-BY-KNOB (carried only by artefacts that declare no dps)	-	UNMEASURED	data/machine2_cycle22_zeros210.json
1630548243	1	0	-	-	UNRESOLVED-BY-KNOB (carried only by artefacts that declare no dps)	-	UNMEASURED	data/machine2_cycle26_bandlaw.json
163063248398	1	0	-	-	UNRESOLVED-BY-KNOB (carried only by artefacts that declare no dps)	-	UNMEASURED	data/machine2_cycle19_nb_results.json
163153392203	1	1	90	25	POINT	-	UNMEASURED	data/machine2_c35_signgroup.json
163260665727	6	0	-	-	UNRESOLVED-BY-KNOB (carried only by artefacts that declare no dps)	-	UNMEASURED	data/machine2_cycle29_s3_branch_recheck.json
163260665728	1	0	-	-	UNRESOLVED-BY-KNOB (carried only by artefacts that declare no dps)	-	UNMEASURED	data/machine2_cycle29_s3_scored.json
16331738309	1	0	-	-	UNRESOLVED-BY-KNOB (carried only by artefacts that declare no dps)	-	UNMEASURED	data/machine2_cycle29_s3_scored.json
163339469782	2	0	-	-	UNRESOLVED-BY-KNOB (carried only by artefacts that declare no dps)	-	UNMEASURED	data/m2_c37_published_constants_census.tsv
163339469783	4	0	-	-	UNRESOLVED-BY-KNOB (carried only by artefacts that declare no dps)	-	UNMEASURED	data/m2_c37_published_constants_census.tsv
1633394698	13	6	60,80	-	RANGE	-	UNMEASURED	data/code/m2_c30_counterfactual.py
163426071045	1	0	-	-	UNRESOLVED-BY-KNOB (carried only by artefacts that declare no dps)	-	UNMEASURED	machine2-response-to-m1L164-census-M-branch-amendment-v21-and-b-hypothesis-conceded-2026-09-05.md
163426071046	1	0	-	-	UNRESOLVED-BY-KNOB (carried only by artefacts that declare no dps)	-	UNMEASURED	machine2-response-to-m1L164-census-M-branch-amendment-v21-and-b-hypothesis-conceded-2026-09-05.md
163445171130	1	0	-	-	UNRESOLVED-BY-KNOB (carried only by artefacts that declare no dps)	-	UNMEASURED	data/machine2_cycle16_ext_results.json
163456717958	1	0	-	-	UNRESOLVED-BY-KNOB (carried only by artefacts that declare no dps)	-	UNMEASURED	data/machine2_cycle19_nb_results.json
1635034593	1	0	-	-	UNRESOLVED-BY-KNOB (carried only by artefacts that declare no dps)	-	UNMEASURED	machine2-E8-verdict-cycle6-2026-09-02.md
1635034606	1	0	-	-	UNRESOLVED-BY-KNOB (carried only by artefacts that declare no dps)	-	UNMEASURED	machine2-ERRATUM-3-e8-range-2026-09-03.md
1635038333	1	0	-	-	UNRESOLVED-BY-KNOB (carried only by artefacts that declare no dps)	-	UNMEASURED	machine2-ERRATUM-3-e8-range-2026-09-03.md
1635038894	1	0	-	-	UNRESOLVED-BY-KNOB (carried only by artefacts that declare no dps)	-	UNMEASURED	machine2-ERRATUM-3-e8-range-2026-09-03.md
1635038895	1	0	-	-	UNRESOLVED-BY-KNOB (carried only by artefacts that declare no dps)	-	UNMEASURED	machine2-E8-verdict-cycle6-2026-09-02.md
1635088938	1	0	-	-	UNRESOLVED-BY-KNOB (carried only by artefacts that declare no dps)	-	UNMEASURED	machine2-E8-verdict-cycle6-2026-09-02.md
163662871610	1	0	-	-	UNRESOLVED-BY-KNOB (carried only by artefacts that declare no dps)	-	UNMEASURED	data/machine2_cycle20_slide_K3_epstein_D7_T3.875_e0.15_T250.json
163849023510	1	0	-	-	UNRESOLVED-BY-KNOB (carried only by artefacts that declare no dps)	-	UNMEASURED	data/machine2_cycle20_mainW2.json
163956679376	1	0	-	-	UNRESOLVED-BY-KNOB (carried only by artefacts that declare no dps)	-	UNMEASURED	data/machine2_cycle20_mainW2.json
163961496594	1	0	-	-	UNRESOLVED-BY-KNOB (carried only by artefacts that declare no dps)	-	UNMEASURED	data/machine2_cycle20_slide_K3_epstein_D7_T4.65_e0.15_T250.json
1639822722	3	1	60	-	POINT	-	UNMEASURED	data/code/machine2_c31_calibrate.py
164143604205	1	0	-	-	UNRESOLVED-BY-KNOB (carried only by artefacts that declare no dps)	-	UNMEASURED	data/machine2_cycle20_mainW2.json
164144176896	1	0	-	-	UNRESOLVED-BY-KNOB (carried only by artefacts that declare no dps)	-	UNMEASURED	data/machine2_cycle29_s3_scored.json
164230833555	1	0	-	-	UNRESOLVED-BY-KNOB (carried only by artefacts that declare no dps)	-	UNMEASURED	data/machine2_cycle16_ext_results.json
164285073407	1	0	-	-	UNRESOLVED-BY-KNOB (carried only by artefacts that declare no dps)	-	UNMEASURED	data/machine2_cycle20_slide_K3_epstein_D7_T4.65_e0.15_T250.json
164521001744	4	1	60	-	POINT	-	UNMEASURED	data/m2_c37_published_constants_census.tsv
1645733612	5	0	-	-	UNRESOLVED-BY-KNOB (carried only by artefacts that declare no dps)	-	UNMEASURED	data/code/m2_c29_s3_grade.py
16463176255	1	0	-	-	UNRESOLVED-BY-KNOB (carried only by artefacts that declare no dps)	-	UNMEASURED	data/machine2_cycle24_gt_basis0.json
164762366438	1	0	-	-	UNRESOLVED-BY-KNOB (carried only by artefacts that declare no dps)	-	UNMEASURED	data/machine2_cycle20_mainW2.json
164766649423	1	0	-	-	UNRESOLVED-BY-KNOB (carried only by artefacts that declare no dps)	-	UNMEASURED	data/machine2_cycle19_nb_results.json
164848202093	1	0	-	-	UNRESOLVED-BY-KNOB (carried only by artefacts that declare no dps)	-	UNMEASURED	data/machine2_cycle20_mainW2.json
164988701820	1	0	-	-	UNRESOLVED-BY-KNOB (carried only by artefacts that declare no dps)	-	UNMEASURED	data/machine2_c31_fitness_constants.json
164990457617	9	1	40	-	POINT	-	UNMEASURED	data/code/m2_c26_boundary.py
165237433339	1	1	50	-	POINT	-	UNMEASURED	data/machine2_dn_dps50_n30.json
165247440451	1	0	-	-	UNRESOLVED-BY-KNOB (carried only by artefacts that declare no dps)	-	UNMEASURED	data/machine2_cycle23_shifts.json
1652743196	1	0	-	-	UNRESOLVED-BY-KNOB (carried only by artefacts that declare no dps)	-	UNMEASURED	data/machine2_cycle23_shifts.json
165382521093	2	2	50,60	-	RANGE	-	UNMEASURED	data/machine2_dn_dps50_n30.json
165512305525	1	0	-	-	UNRESOLVED-BY-KNOB (carried only by artefacts that declare no dps)	-	UNMEASURED	data/machine2_cycle16_ext_results.json
165515189518	1	0	-	-	UNRESOLVED-BY-KNOB (carried only by artefacts that declare no dps)	-	UNMEASURED	data/machine2_cycle25_design_scan_k2_4.json
165537069187	3	0	-	-	UNRESOLVED-BY-KNOB (carried only by artefacts that declare no dps)	-	UNMEASURED	data/machine2_cycle22_zeros210.json
165739740110	1	0	-	-	UNRESOLVED-BY-KNOB (carried only by artefacts that declare no dps)	-	UNMEASURED	data/machine2_cycle16_scan_results.json
165817407155	1	0	-	-	UNRESOLVED-BY-KNOB (carried only by artefacts that declare no dps)	-	UNMEASURED	data/machine2_cycle25_design_scan_k2_4.json
165846784517	1	0	-	-	UNRESOLVED-BY-KNOB (carried only by artefacts that declare no dps)	-	UNMEASURED	data/machine2_cycle25_design_scan_k2_4.json
166064084025	1	0	-	-	UNRESOLVED-BY-KNOB (carried only by artefacts that declare no dps)	-	UNMEASURED	data/machine2_cycle16_scan_results.json
166196041168	1	0	-	-	UNRESOLVED-BY-KNOB (carried only by artefacts that declare no dps)	-	UNMEASURED	data/machine2_cycle25_design_scan_k2_4.json
1662006388	1	0	-	-	UNRESOLVED-BY-KNOB (carried only by artefacts that declare no dps)	-	UNMEASURED	data/machine2_cycle20_slide_K3_epstein_D7_T4.65_e0.15_T250.json
166266850652	1	0	-	-	UNRESOLVED-BY-KNOB (carried only by artefacts that declare no dps)	-	UNMEASURED	data/machine2_cycle25_design_scan_k0_4.json
166295574383	1	0	-	-	UNRESOLVED-BY-KNOB (carried only by artefacts that declare no dps)	-	UNMEASURED	data/machine2_cycle29_s3_scored.json
166360754583	1	0	-	-	UNRESOLVED-BY-KNOB (carried only by artefacts that declare no dps)	-	UNMEASURED	data/machine2_cycle23_design_scan.json
16640118719	1	0	-	-	UNRESOLVED-BY-KNOB (carried only by artefacts that declare no dps)	-	UNMEASURED	data/machine2_cycle27_s3_prereg.out
166401187190	1	0	-	-	UNRESOLVED-BY-KNOB (carried only by artefacts that declare no dps)	-	UNMEASURED	data/machine2_cycle27_s3_prereg.json
166425187987	1	0	-	-	UNRESOLVED-BY-KNOB (carried only by artefacts that declare no dps)	-	UNMEASURED	data/machine2_cycle20_mainW2.json
166664060282	1	0	-	-	UNRESOLVED-BY-KNOB (carried only by artefacts that declare no dps)	-	UNMEASURED	data/machine2_cycle23_selfconsistent.json
166666666667	1	0	-	-	UNRESOLVED-BY-KNOB (carried only by artefacts that declare no dps)	-	UNMEASURED	data/machine2_floor_kernel_check.out
1666666667	1	0	-	-	UNRESOLVED-BY-KNOB (carried only by artefacts that declare no dps)	-	UNMEASURED	data/machine2_cycle26_branch.json
166703804857	1	0	-	-	UNRESOLVED-BY-KNOB (carried only by artefacts that declare no dps)	-	UNMEASURED	data/machine2_cycle19_nb_results.json
166889824772	1	0	-	-	UNRESOLVED-BY-KNOB (carried only by artefacts that declare no dps)	-	UNMEASURED	data/machine2_cycle16_ext_results.json
166994041102	1	0	-	-	UNRESOLVED-BY-KNOB (carried only by artefacts that declare no dps)	-	UNMEASURED	data/machine2_cycle23_selfconsistent.json
167007891005	1	0	-	-	UNRESOLVED-BY-KNOB (carried only by artefacts that declare no dps)	-	UNMEASURED	data/machine2_cycle23_selfconsistent.json
167174680781	3	0	-	-	UNRESOLVED-BY-KNOB (carried only by artefacts that declare no dps)	-	UNMEASURED	data/machine2_cycle23_ordcheck.json
167184439978	3	0	-	-	UNRESOLVED-BY-KNOB (carried only by artefacts that declare no dps)	-	UNMEASURED	data/machine2_cycle22_zeros210.json
167213369058	1	0	-	-	UNRESOLVED-BY-KNOB (carried only by artefacts that declare no dps)	-	UNMEASURED	data/machine2_cycle29_s3_scored.json
1676548017	1	0	-	-	UNRESOLVED-BY-KNOB (carried only by artefacts that declare no dps)	-	UNMEASURED	data/machine2_cycle20_mainW2.json
167657951317	1	0	-	-	UNRESOLVED-BY-KNOB (carried only by artefacts that declare no dps)	-	UNMEASURED	data/machine2_cycle23_selfconsistent.json
167695567363	2	2	40	-	POINT	-	UNMEASURED	data/machine2_cycle27_anchorblind_c2.json
167764947618	1	0	-	-	UNRESOLVED-BY-KNOB (carried only by artefacts that declare no dps)	-	UNMEASURED	data/machine2_cycle19_nb_results.json
167917149570	1	0	-	-	UNRESOLVED-BY-KNOB (carried only by artefacts that declare no dps)	-	UNMEASURED	data/machine2_cycle16_ext_results.json
1679240895	1	0	-	-	UNRESOLVED-BY-KNOB (carried only by artefacts that declare no dps)	-	UNMEASURED	data/machine2_cycle20_mainW2.json
168196110684	1	0	-	-	UNRESOLVED-BY-KNOB (carried only by artefacts that declare no dps)	-	UNMEASURED	data/machine2_cycle20_mainW2.json
168199239727	5	5	90,110,125,150	25,30	RANGE	-	UNMEASURED	data/m2_c38_runs.json
168199239728	5	3	90,110,120,125	25,30	RANGE	-	UNMEASURED	data/code/machine2_c34_analyse.py
168295138132	1	0	-	-	UNRESOLVED-BY-KNOB (carried only by artefacts that declare no dps)	-	UNMEASURED	data/machine2_cycle25_design_scan_k0_4.json
168297995105	1	0	-	-	UNRESOLVED-BY-KNOB (carried only by artefacts that declare no dps)	-	UNMEASURED	data/machine2_cycle20_mainW2.json
16846169557	1	0	-	-	UNRESOLVED-BY-KNOB (carried only by artefacts that declare no dps)	-	UNMEASURED	data/machine2_cycle25_design_scan_k0_4.json
16853065152	1	1	60	-	POINT	-	UNMEASURED	data/machine2_dn_n70_dps60.txt
168530651520	1	1	50	-	POINT	-	UNMEASURED	data/machine2_dn_dps50_n30.json
168692597113	1	0	-	-	UNRESOLVED-BY-KNOB (carried only by artefacts that declare no dps)	-	UNMEASURED	data/machine2_cycle23_shifts.json
168718727958	1	0	-	-	UNRESOLVED-BY-KNOB (carried only by artefacts that declare no dps)	-	UNMEASURED	data/machine2_cycle29_s3_scored.json
168738866608	1	0	-	-	UNRESOLVED-BY-KNOB (carried only by artefacts that declare no dps)	-	UNMEASURED	data/machine2_cycle20_mainW2.json
168769269972	1	0	-	-	UNRESOLVED-BY-KNOB (carried only by artefacts that declare no dps)	-	UNMEASURED	data/machine2_cycle19_nb_results.json
1689121284	1	0	-	-	UNRESOLVED-BY-KNOB (carried only by artefacts that declare no dps)	-	UNMEASURED	data/machine2_cycle26_bandlaw.json
168966967452	1	0	-	-	UNRESOLVED-BY-KNOB (carried only by artefacts that declare no dps)	-	UNMEASURED	data/machine2_cycle16_scan_results.json
168967596658	1	0	-	-	UNRESOLVED-BY-KNOB (carried only by artefacts that declare no dps)	-	UNMEASURED	data/machine2_cycle25_design_scan_k0_4.json
169094515415	2	0	-	-	UNRESOLVED-BY-KNOB (carried only by artefacts that declare no dps)	-	UNMEASURED	data/machine2_cycle22_zeros210.json
169187251405	1	0	-	-	UNRESOLVED-BY-KNOB (carried only by artefacts that declare no dps)	-	UNMEASURED	data/machine2_cycle29_s3_scored.json
169266503045	1	0	-	-	UNRESOLVED-BY-KNOB (carried only by artefacts that declare no dps)	-	UNMEASURED	data/machine2_cycle20_slide_K1_zeta_T49.7738324_e0.3_T600.json
169276288986	1	1	90,110,125	25,30	RANGE	-	UNMEASURED	data/machine2_c34_refit.json
169318300699	1	0	-	-	UNRESOLVED-BY-KNOB (carried only by artefacts that declare no dps)	-	UNMEASURED	data/machine2_cycle16_ext_results.json
169360083739	1	0	-	-	UNRESOLVED-BY-KNOB (carried only by artefacts that declare no dps)	-	UNMEASURED	data/machine2_cycle25_design_scan_k0_6.json
1693751323	2	0	-	-	UNRESOLVED-BY-KNOB (carried only by artefacts that declare no dps)	-	UNMEASURED	data/m2_c37_published_constants_census.tsv
1694117518	1	1	50	-	POINT	-	UNMEASURED	data/machine2_dn_dps50_n30.json
169418176415	1	0	-	-	UNRESOLVED-BY-KNOB (carried only by artefacts that declare no dps)	-	UNMEASURED	data/machine2_cycle23_selfconsistent.json
169480513456	1	0	-	-	UNRESOLVED-BY-KNOB (carried only by artefacts that declare no dps)	-	UNMEASURED	data/machine2_cycle29_s3_scored.json
169564271824	1	0	-	-	UNRESOLVED-BY-KNOB (carried only by artefacts that declare no dps)	-	UNMEASURED	data/machine2_cycle25_design_scan_k0_4.json
169610447864	1	0	-	-	UNRESOLVED-BY-KNOB (carried only by artefacts that declare no dps)	-	UNMEASURED	data/machine2_cycle25_bands.json
169911976479	2	0	-	-	UNRESOLVED-BY-KNOB (carried only by artefacts that declare no dps)	-	UNMEASURED	data/machine2_cycle22_zeros210.json
170066373385	1	0	-	-	UNRESOLVED-BY-KNOB (carried only by artefacts that declare no dps)	-	UNMEASURED	data/machine2_cycle19_nb_results.json
170071326717	1	0	-	-	UNRESOLVED-BY-KNOB (carried only by artefacts that declare no dps)	-	UNMEASURED	data/machine2_cycle16_ext_results.json
1700717636	1	1	60	-	POINT	-	UNMEASURED	data/m2_c30_scored.json
170171897605	3	0	-	-	UNRESOLVED-BY-KNOB (carried only by artefacts that declare no dps)	-	UNMEASURED	data/machine2_cycle29_s3_grade.out
1702170025	5	0	-	-	UNRESOLVED-BY-KNOB (carried only by artefacts that declare no dps)	-	UNMEASURED	data/m2_c37_published_constants_census.tsv
170293561616	1	0	-	-	UNRESOLVED-BY-KNOB (carried only by artefacts that declare no dps)	-	UNMEASURED	data/machine2_cycle26_bandlaw.json
170348870152	1	0	-	-	UNRESOLVED-BY-KNOB (carried only by artefacts that declare no dps)	-	UNMEASURED	data/machine2_cycle20_mainW2.json
170393955527	1	0	-	-	UNRESOLVED-BY-KNOB (carried only by artefacts that declare no dps)	-	UNMEASURED	data/machine2_cycle20_slide_K1_zeta_T0_e0.3_T600.json
170513070422	1	0	-	-	UNRESOLVED-BY-KNOB (carried only by artefacts that declare no dps)	-	UNMEASURED	data/machine2_cycle16_scan_results.json
170572176681	1	0	-	-	UNRESOLVED-BY-KNOB (carried only by artefacts that declare no dps)	-	UNMEASURED	data/machine2_cycle29_s3_scored.json
1706055367	1	0	-	-	UNRESOLVED-BY-KNOB (carried only by artefacts that declare no dps)	-	UNMEASURED	machine2-c34-the-Dstar-literal-is-removed-and-the-floor-is-not-a-number.md
1706096794	1	1	60	-	POINT	-	UNMEASURED	data/machine2_c31b_scored.json
170784126591	1	0	-	-	UNRESOLVED-BY-KNOB (carried only by artefacts that declare no dps)	-	UNMEASURED	data/machine2_cycle24_widthlaw.json
1709051224	1	0	-	-	UNRESOLVED-BY-KNOB (carried only by artefacts that declare no dps)	-	UNMEASURED	data/machine2_c31_fitness.out
170965351122	2	2	50,60	-	RANGE	-	UNMEASURED	data/machine2_dn_dps50_n30.json
171066463921	2	2	50,60	-	RANGE	-	UNMEASURED	data/machine2_dn_dps50_n30.json
171095404272	1	0	-	-	UNRESOLVED-BY-KNOB (carried only by artefacts that declare no dps)	-	UNMEASURED	data/machine2_cycle20_slide_K3_epstein_D7_T3.875_e0.15_T250.json
171175685981	1	0	-	-	UNRESOLVED-BY-KNOB (carried only by artefacts that declare no dps)	-	UNMEASURED	data/machine2_cycle16_scan_results.json
171242276817	1	0	-	-	UNRESOLVED-BY-KNOB (carried only by artefacts that declare no dps)	-	UNMEASURED	data/machine2_cycle24_widthlaw.json
171322227451	1	0	-	-	UNRESOLVED-BY-KNOB (carried only by artefacts that declare no dps)	-	UNMEASURED	data/machine2_cycle19_nb_results.json
171754759325	1	0	-	-	UNRESOLVED-BY-KNOB (carried only by artefacts that declare no dps)	-	UNMEASURED	data/machine2_cycle25_design_scan_k2_4.json
171818042475	1	0	-	-	UNRESOLVED-BY-KNOB (carried only by artefacts that declare no dps)	-	UNMEASURED	data/machine2_cycle16_low_results.json
171999686854	1	0	-	-	UNRESOLVED-BY-KNOB (carried only by artefacts that declare no dps)	-	UNMEASURED	data/machine2_cycle20_slide_K1_zeta_T49.7738324_e0.3_T600.json
172009834159	1	0	-	-	UNRESOLVED-BY-KNOB (carried only by artefacts that declare no dps)	-	UNMEASURED	data/machine2_cycle25_bands.json
172024146567	1	0	-	-	UNRESOLVED-BY-KNOB (carried only by artefacts that declare no dps)	-	UNMEASURED	data/machine2_cycle29_s3_scored.json
172129455594	1	0	-	-	UNRESOLVED-BY-KNOB (carried only by artefacts that declare no dps)	-	UNMEASURED	data/machine2_cycle16_scan_results.json
172138642830	1	0	-	-	UNRESOLVED-BY-KNOB (carried only by artefacts that declare no dps)	-	UNMEASURED	data/machine2_cycle16_ext_results.json
172314512978	4	0	-	-	UNRESOLVED-BY-KNOB (carried only by artefacts that declare no dps)	-	UNMEASURED	data/m2_c37_published_constants_census.tsv
172355864301	1	0	-	-	UNRESOLVED-BY-KNOB (carried only by artefacts that declare no dps)	-	UNMEASURED	data/machine2_cycle25_design_scan_k0_4.json
172363714405	1	0	-	-	UNRESOLVED-BY-KNOB (carried only by artefacts that declare no dps)	-	UNMEASURED	data/machine2_cycle20_slide_K1_zeta_T49.7738324_e0.3_T600.json
172371275434	1	0	-	-	UNRESOLVED-BY-KNOB (carried only by artefacts that declare no dps)	-	UNMEASURED	data/machine2_cycle20_slide_K1_zeta_T0_e0.3_T600.json
172413793103	1	0	-	-	UNRESOLVED-BY-KNOB (carried only by artefacts that declare no dps)	-	UNMEASURED	data/machine2_floor_kernel_check.out
172830860112	1	0	-	-	UNRESOLVED-BY-KNOB (carried only by artefacts that declare no dps)	-	UNMEASURED	data/machine2_cycle25_design_scan_k2_4.json
172831759259	1	0	-	-	UNRESOLVED-BY-KNOB (carried only by artefacts that declare no dps)	-	UNMEASURED	data/machine2_cycle24_gt_basis7.json
1728317593	1	0	-	-	UNRESOLVED-BY-KNOB (carried only by artefacts that declare no dps)	-	UNMEASURED	data/machine2_cycle24_groundtruth.out
173323966389	1	0	-	-	UNRESOLVED-BY-KNOB (carried only by artefacts that declare no dps)	-	UNMEASURED	data/machine2_cycle15_fold_results.json
1733457457	1	0	-	-	UNRESOLVED-BY-KNOB (carried only by artefacts that declare no dps)	-	UNMEASURED	machine2-cycle5-kappa4-2026-09-02.md
173388141896	1	0	-	-	UNRESOLVED-BY-KNOB (carried only by artefacts that declare no dps)	-	UNMEASURED	data/machine2_cycle25_design_scan_k2_4.json
173411536519	2	0	-	-	UNRESOLVED-BY-KNOB (carried only by artefacts that declare no dps)	-	UNMEASURED	data/machine2_cycle22_zeros210.json
173828621781	1	0	-	-	UNRESOLVED-BY-KNOB (carried only by artefacts that declare no dps)	-	UNMEASURED	data/machine2_cycle20_mainW2.json
173876987011	1	0	-	-	UNRESOLVED-BY-KNOB (carried only by artefacts that declare no dps)	-	UNMEASURED	data/machine2_cycle20_mainW2.json
1739124105	1	0	-	-	UNRESOLVED-BY-KNOB (carried only by artefacts that declare no dps)	-	UNMEASURED	data/machine2_cycle20_mainW2.json
174039906254	1	0	-	-	UNRESOLVED-BY-KNOB (carried only by artefacts that declare no dps)	-	UNMEASURED	data/machine2_cycle16_ext_results.json
174167427591	1	1	90	25	POINT	-	UNMEASURED	data/machine2_c35_signgroup.json
174237550660	1	0	-	-	UNRESOLVED-BY-KNOB (carried only by artefacts that declare no dps)	-	UNMEASURED	data/machine2_cycle16_scan_results.json
174275194379	1	0	-	-	UNRESOLVED-BY-KNOB (carried only by artefacts that declare no dps)	-	UNMEASURED	data/machine2_cycle16_ext_results.json
174548263641	1	0	-	-	UNRESOLVED-BY-KNOB (carried only by artefacts that declare no dps)	-	UNMEASURED	data/machine2_cycle16_ext_results.json
174594635413	1	0	-	-	UNRESOLVED-BY-KNOB (carried only by artefacts that declare no dps)	-	UNMEASURED	data/machine2_cycle20_mainW2.json
174611299581	1	0	-	-	UNRESOLVED-BY-KNOB (carried only by artefacts that declare no dps)	-	UNMEASURED	data/machine2_cycle20_mainW2.json
1746870679	1	0	-	-	UNRESOLVED-BY-KNOB (carried only by artefacts that declare no dps)	-	UNMEASURED	data/machine2_cycle20_mainW2.json
174754191523	2	0	-	-	UNRESOLVED-BY-KNOB (carried only by artefacts that declare no dps)	-	UNMEASURED	data/machine2_cycle22_zeros210.json
1747959795	1	0	-	-	UNRESOLVED-BY-KNOB (carried only by artefacts that declare no dps)	-	UNMEASURED	data/machine2_cycle20_mainW2.json
1748029666	1	0	-	-	UNRESOLVED-BY-KNOB (carried only by artefacts that declare no dps)	-	UNMEASURED	data/machine2_cycle23_shifts.json
174947469337	1	0	-	-	UNRESOLVED-BY-KNOB (carried only by artefacts that declare no dps)	-	UNMEASURED	data/machine2_cycle19_nb_results.json
1749599804	1	0	-	-	UNRESOLVED-BY-KNOB (carried only by artefacts that declare no dps)	-	UNMEASURED	data/machine2_cycle23_design_scan.json
1750211189	1	0	-	-	UNRESOLVED-BY-KNOB (carried only by artefacts that declare no dps)	-	UNMEASURED	data/machine2_cycle20_mainW2.json
175046339690	1	0	-	-	UNRESOLVED-BY-KNOB (carried only by artefacts that declare no dps)	-	UNMEASURED	data/machine2_cycle16_ext_results.json
1750466395	4	0	-	-	UNRESOLVED-BY-KNOB (carried only by artefacts that declare no dps)	-	UNMEASURED	data/m2_c37_published_constants_census.tsv
175055179685	3	0	-	-	UNRESOLVED-BY-KNOB (carried only by artefacts that declare no dps)	-	UNMEASURED	data/m2_c37_published_constants_census.tsv
17505517969	5	0	-	-	UNRESOLVED-BY-KNOB (carried only by artefacts that declare no dps)	-	UNMEASURED	data/m2_c37_published_constants_census.tsv
175135535160	1	1	45	-	POINT	-	UNMEASURED	data/machine2_cycle21_birth_locus.out
175135535327	1	1	45	-	POINT	-	UNMEASURED	data/machine2_cycle21_birth_locus.out
175164893473	1	0	-	-	UNRESOLVED-BY-KNOB (carried only by artefacts that declare no dps)	-	UNMEASURED	data/machine2_cycle16_ext_results.json
175262540742	1	0	-	-	UNRESOLVED-BY-KNOB (carried only by artefacts that declare no dps)	-	UNMEASURED	data/machine2_cycle20_slide_K3_epstein_D7_T4.65_e0.15_T250.json
175264994218	1	0	-	-	UNRESOLVED-BY-KNOB (carried only by artefacts that declare no dps)	-	UNMEASURED	data/machine2_cycle16_scan_results.json
175559790481	1	0	-	-	UNRESOLVED-BY-KNOB (carried only by artefacts that declare no dps)	-	UNMEASURED	data/machine2_cycle20_mainW2.json
175593123039	1	0	-	-	UNRESOLVED-BY-KNOB (carried only by artefacts that declare no dps)	-	UNMEASURED	data/machine2_cycle16_low_results.json
175718113483	1	0	-	-	UNRESOLVED-BY-KNOB (carried only by artefacts that declare no dps)	-	UNMEASURED	data/machine2_cycle25_design_scan_k2_4.json
1757838239	1	0	-	-	UNRESOLVED-BY-KNOB (carried only by artefacts that declare no dps)	-	UNMEASURED	machine2-cycle22-witness-fires-on-the-bare-zero-side.md
175783823902	7	1	40	-	POINT	-	UNMEASURED	data/code/m2_c23_cancel.py
1758075742	1	0	-	-	UNRESOLVED-BY-KNOB (carried only by artefacts that declare no dps)	-	UNMEASURED	data/machine2_cycle20_mainW2.json
175883278606	1	0	-	-	UNRESOLVED-BY-KNOB (carried only by artefacts that declare no dps)	-	UNMEASURED	data/machine2_cycle20_mainW2.json
175915178584	1	0	-	-	UNRESOLVED-BY-KNOB (carried only by artefacts that declare no dps)	-	UNMEASURED	data/machine2_cycle25_design_scan_k0_6.json
175932886205	1	1	90	25	POINT	-	UNMEASURED	data/machine2_c35_signgroup.json
175975141274	1	0	-	-	UNRESOLVED-BY-KNOB (carried only by artefacts that declare no dps)	-	UNMEASURED	data/machine2_cycle25_design_scan_k0_4.json
176107877954	1	0	-	-	UNRESOLVED-BY-KNOB (carried only by artefacts that declare no dps)	-	UNMEASURED	data/machine2_cycle16_gate1.json
176216299492	1	0	-	-	UNRESOLVED-BY-KNOB (carried only by artefacts that declare no dps)	-	UNMEASURED	data/machine2_cycle20_slide_K3_epstein_D7_T4.65_e0.15_T250.json
176287498364	1	0	-	-	UNRESOLVED-BY-KNOB (carried only by artefacts that declare no dps)	-	UNMEASURED	data/machine2_cycle23_selfconsistent.json
176333190118	1	0	-	-	UNRESOLVED-BY-KNOB (carried only by artefacts that declare no dps)	-	UNMEASURED	data/machine2_cycle19_nb_results.json
176405548957	1	0	-	-	UNRESOLVED-BY-KNOB (carried only by artefacts that declare no dps)	-	UNMEASURED	data/machine2_cycle29_s3_scored.json
176441434297	2	0	-	-	UNRESOLVED-BY-KNOB (carried only by artefacts that declare no dps)	-	UNMEASURED	data/machine2_cycle22_zeros210.json
176535161397	1	0	-	-	UNRESOLVED-BY-KNOB (carried only by artefacts that declare no dps)	-	UNMEASURED	data/machine2_cycle20_mainW2.json
176649161851	1	0	-	-	UNRESOLVED-BY-KNOB (carried only by artefacts that declare no dps)	-	UNMEASURED	data/machine2_cycle15_fold_results.json
176697482303	1	0	-	-	UNRESOLVED-BY-KNOB (carried only by artefacts that declare no dps)	-	UNMEASURED	data/machine2_cycle16_ext_results.json
17680862165	1	0	-	-	UNRESOLVED-BY-KNOB (carried only by artefacts that declare no dps)	-	UNMEASURED	data/machine2_cycle29_s3_scored.json
176956495176	1	0	-	-	UNRESOLVED-BY-KNOB (carried only by artefacts that declare no dps)	-	UNMEASURED	data/machine2_cycle26_bandlaw.json
177183452239	1	0	-	-	UNRESOLVED-BY-KNOB (carried only by artefacts that declare no dps)	-	UNMEASURED	data/machine2_cycle29_s3_scored.json
177216957049	1	0	-	-	UNRESOLVED-BY-KNOB (carried only by artefacts that declare no dps)	-	UNMEASURED	data/machine2_cycle25_design_scan_k2_4.json
177317885339	1	0	-	-	UNRESOLVED-BY-KNOB (carried only by artefacts that declare no dps)	-	UNMEASURED	data/machine2_cycle29_s3_scored.json
1776470914	1	0	-	-	UNRESOLVED-BY-KNOB (carried only by artefacts that declare no dps)	-	UNMEASURED	machine2-two-channel-law-2026-09-02.md
1776484357	1	0	-	-	UNRESOLVED-BY-KNOB (carried only by artefacts that declare no dps)	-	UNMEASURED	machine2-two-channel-law-2026-09-02.md
177787003985	1	0	-	-	UNRESOLVED-BY-KNOB (carried only by artefacts that declare no dps)	-	UNMEASURED	data/machine2_cycle20_mainW2.json
177790764493	1	0	-	-	UNRESOLVED-BY-KNOB (carried only by artefacts that declare no dps)	-	UNMEASURED	data/machine2_cycle20_slide_K3_epstein_D7_T4.65_e0.15_T250.json
178121324289	1	0	-	-	UNRESOLVED-BY-KNOB (carried only by artefacts that declare no dps)	-	UNMEASURED	data/machine2_cycle20_mainW2.json
178152292257	1	0	-	-	UNRESOLVED-BY-KNOB (carried only by artefacts that declare no dps)	-	UNMEASURED	data/machine2_cycle20_mainW2.json
178204951940	6	3	60	-	POINT	-	UNMEASURED	data/m2_c37_published_constants_census.tsv
178339079954	1	0	-	-	UNRESOLVED-BY-KNOB (carried only by artefacts that declare no dps)	-	UNMEASURED	data/machine2_cycle26_boundary.json
178356552322	1	0	-	-	UNRESOLVED-BY-KNOB (carried only by artefacts that declare no dps)	-	UNMEASURED	data/machine2_cycle19_nb_results.json
178377407776	2	0	-	-	UNRESOLVED-BY-KNOB (carried only by artefacts that declare no dps)	-	UNMEASURED	data/machine2_cycle22_zeros210.json
178377552691	1	0	-	-	UNRESOLVED-BY-KNOB (carried only by artefacts that declare no dps)	-	UNMEASURED	data/machine2_cycle25_design_scan_k0_4.json
178418984875	1	0	-	-	UNRESOLVED-BY-KNOB (carried only by artefacts that declare no dps)	-	UNMEASURED	data/machine2_cycle19_nb_results.json
178758124800	1	1	40	-	POINT	-	UNMEASURED	data/machine2_cycle28_cover_all.json
178811559372	2	1	90	25	POINT	-	UNMEASURED	data/m2_c37_published_constants_census.tsv
178817500779	1	1	130,150	-	RANGE	-	UNMEASURED	data/m2_c37_fprime.out
178849549911	1	0	-	-	UNRESOLVED-BY-KNOB (carried only by artefacts that declare no dps)	-	UNMEASURED	data/machine2_cycle15_fold_results.json
178877842293	1	0	-	-	UNRESOLVED-BY-KNOB (carried only by artefacts that declare no dps)	-	UNMEASURED	data/machine2_cycle20_mainW2.json
1788942681	1	0	-	-	UNRESOLVED-BY-KNOB (carried only by artefacts that declare no dps)	-	UNMEASURED	data/machine2_cycle29_s3_scored.out
178894268147	1	0	-	-	UNRESOLVED-BY-KNOB (carried only by artefacts that declare no dps)	-	UNMEASURED	data/machine2_cycle29_s3_scored.json
178906200832	1	0	-	-	UNRESOLVED-BY-KNOB (carried only by artefacts that declare no dps)	-	UNMEASURED	data/machine2_cycle16_scan_results.json
179030417337	1	0	-	-	UNRESOLVED-BY-KNOB (carried only by artefacts that declare no dps)	-	UNMEASURED	data/machine2_cycle20_slide_K3_epstein_D7_T3.875_e0.15_T250.json
179163833052	1	0	-	-	UNRESOLVED-BY-KNOB (carried only by artefacts that declare no dps)	-	UNMEASURED	data/machine2_cycle24_breakdown.json
17923056837	1	0	-	-	UNRESOLVED-BY-KNOB (carried only by artefacts that declare no dps)	-	UNMEASURED	data/machine2_cycle25_design_scan_k0_4.json
179264719563	1	1	40	-	POINT	-	UNMEASURED	data/machine2_cycle28_cover_all.json
179362670202	2	2	50,60	-	RANGE	-	UNMEASURED	data/machine2_dn_dps50_n30.json
179536415535	1	0	-	-	UNRESOLVED-BY-KNOB (carried only by artefacts that declare no dps)	-	UNMEASURED	data/machine2_cycle19_nb_results.json
179916484020	2	0	-	-	UNRESOLVED-BY-KNOB (carried only by artefacts that declare no dps)	-	UNMEASURED	data/machine2_cycle22_zeros210.json
180059652217	2	0	-	-	UNRESOLVED-BY-KNOB (carried only by artefacts that declare no dps)	-	UNMEASURED	data/machine2_cycle24_breakdown.json
1801217052	1	0	-	-	UNRESOLVED-BY-KNOB (carried only by artefacts that declare no dps)	-	UNMEASURED	data/machine2_cycle26_bandlaw.json
180183011583	3	1	45	-	POINT	-	UNMEASURED	data/c28resp/m2_census_m8_fromscratch.py
180261592495	1	0	-	-	UNRESOLVED-BY-KNOB (carried only by artefacts that declare no dps)	-	UNMEASURED	data/machine2_cycle25_design_scan_k0_6.json
180897147315	1	0	-	-	UNRESOLVED-BY-KNOB (carried only by artefacts that declare no dps)	-	UNMEASURED	data/machine2_cycle23_selfconsistent.json
181051298271	1	0	-	-	UNRESOLVED-BY-KNOB (carried only by artefacts that declare no dps)	-	UNMEASURED	data/machine2_cycle20_mainW2.json
1811418175	1	0	-	-	UNRESOLVED-BY-KNOB (carried only by artefacts that declare no dps)	-	UNMEASURED	data/machine2_cycle20_mainW2.json
181145389893	1	0	-	-	UNRESOLVED-BY-KNOB (carried only by artefacts that declare no dps)	-	UNMEASURED	data/machine2_cycle25_design_scan_k0_4.json
181222234597	21	16	45,50,60,80,120,300	-	RANGE	-	UNMEASURED	data/c28resp/m2_c28r_btrunc.py
181348227934	1	0	-	-	UNRESOLVED-BY-KNOB (carried only by artefacts that declare no dps)	-	UNMEASURED	data/machine2_cycle23_selfconsistent.json
181462150932	1	0	-	-	UNRESOLVED-BY-KNOB (carried only by artefacts that declare no dps)	-	UNMEASURED	data/machine2_cycle20_mainW2.json
181503735840	1	0	-	-	UNRESOLVED-BY-KNOB (carried only by artefacts that declare no dps)	-	UNMEASURED	data/machine2_cycle24_widthlaw.json
181509260795	1	0	-	-	UNRESOLVED-BY-KNOB (carried only by artefacts that declare no dps)	-	UNMEASURED	data/machine2_cycle25_design_scan_k0_4.json
181513721704	1	0	-	-	UNRESOLVED-BY-KNOB (carried only by artefacts that declare no dps)	-	UNMEASURED	data/machine2_cycle20_mainW2.json
181550453447	1	0	-	-	UNRESOLVED-BY-KNOB (carried only by artefacts that declare no dps)	-	UNMEASURED	data/machine2_cycle25_design_scan_k2_4.json
181752575997	1	0	-	-	UNRESOLVED-BY-KNOB (carried only by artefacts that declare no dps)	-	UNMEASURED	data/machine2_cycle25_design_scan_k0_4.json
182046360499	1	0	-	-	UNRESOLVED-BY-KNOB (carried only by artefacts that declare no dps)	-	UNMEASURED	data/machine2_cycle15_fold_results.json
182169606617	3	0	-	-	UNRESOLVED-BY-KNOB (carried only by artefacts that declare no dps)	-	UNMEASURED	data/m2_c37_published_constants_census.tsv
1821701907	1	1	20,30	-	RANGE	-	UNMEASURED	data/machine2_cycle17_census.json
182177056279	1	0	-	-	UNRESOLVED-BY-KNOB (carried only by artefacts that declare no dps)	-	UNMEASURED	data/machine2_cycle26_bandlaw.json
182207078484	2	0	-	-	UNRESOLVED-BY-KNOB (carried only by artefacts that declare no dps)	-	UNMEASURED	data/machine2_cycle22_zeros210.json
182233537835	1	0	-	-	UNRESOLVED-BY-KNOB (carried only by artefacts that declare no dps)	-	UNMEASURED	data/machine2_cycle23_shifts.json
182265765094	1	0	-	-	UNRESOLVED-BY-KNOB (carried only by artefacts that declare no dps)	-	UNMEASURED	data/machine2_cycle23_selfconsistent.json
182450753056	1	0	-	-	UNRESOLVED-BY-KNOB (carried only by artefacts that declare no dps)	-	UNMEASURED	data/machine2_cycle20_mainW2.json
1825378448	1	1	50	-	POINT	-	UNMEASURED	data/machine2_dn_dps50_n30.json
182549573333	1	0	-	-	UNRESOLVED-BY-KNOB (carried only by artefacts that declare no dps)	-	UNMEASURED	data/machine2_cycle20_mainW2.json
182566071387	1	0	-	-	UNRESOLVED-BY-KNOB (carried only by artefacts that declare no dps)	-	UNMEASURED	data/machine2_cycle16_ext_results.json
182711625011	29	16	90,110,125,150,200,400	25,30	RANGE	-	UNMEASURED	data/code/m2_c38_score.py
182716628899	1	0	-	-	UNRESOLVED-BY-KNOB (carried only by artefacts that declare no dps)	-	UNMEASURED	data/machine2_c30_design.out
182716890360	5	2	60	-	POINT	-	UNMEASURED	data/code/machine2_c31_oos_runner.py
182919931961	1	0	-	-	UNRESOLVED-BY-KNOB (carried only by artefacts that declare no dps)	-	UNMEASURED	machine2-response-to-m1L164-census-M-branch-amendment-v21-and-b-hypothesis-conceded-2026-09-05.md
183167230061	1	0	-	-	UNRESOLVED-BY-KNOB (carried only by artefacts that declare no dps)	-	UNMEASURED	data/machine2_cycle25_design_scan_k2_4.json
1832175245	1	0	-	-	UNRESOLVED-BY-KNOB (carried only by artefacts that declare no dps)	-	UNMEASURED	data/machine2_cycle25_scored.json
183397042069	1	0	-	-	UNRESOLVED-BY-KNOB (carried only by artefacts that declare no dps)	-	UNMEASURED	data/machine2_cycle19_nb_results.json
183557608831	1	0	-	-	UNRESOLVED-BY-KNOB (carried only by artefacts that declare no dps)	-	UNMEASURED	data/machine2_cycle23_selfconsistent.json
183665970772	1	0	-	-	UNRESOLVED-BY-KNOB (carried only by artefacts that declare no dps)	-	UNMEASURED	data/machine2_cycle20_slide_K1_zeta_T45.666_e0.3_T600.json
183706975210	1	0	-	-	UNRESOLVED-BY-KNOB (carried only by artefacts that declare no dps)	-	UNMEASURED	data/machine2_cycle20_mainW2.json
183780525462	1	0	-	-	UNRESOLVED-BY-KNOB (carried only by artefacts that declare no dps)	-	UNMEASURED	data/machine2_cycle24_gt_basis0.json
183802148374	2	2	50,60	-	RANGE	-	UNMEASURED	data/machine2_dn_dps50_n30.json
184057401869	2	0	-	-	UNRESOLVED-BY-KNOB (carried only by artefacts that declare no dps)	-	UNMEASURED	data/m2_c37_published_constants_census.tsv
1840650811	1	0	-	-	UNRESOLVED-BY-KNOB (carried only by artefacts that declare no dps)	-	UNMEASURED	machine2-two-channel-law-2026-09-02.md
184065081245	2	0	-	-	UNRESOLVED-BY-KNOB (carried only by artefacts that declare no dps)	-	UNMEASURED	data/m2_c37_published_constants_census.tsv
184177673264	1	0	-	-	UNRESOLVED-BY-KNOB (carried only by artefacts that declare no dps)	-	UNMEASURED	data/machine2_cycle20_mainW2.json
1842563361	1	0	-	-	UNRESOLVED-BY-KNOB (carried only by artefacts that declare no dps)	-	UNMEASURED	machine2-cycle17-certified-zero-census-delta-one-seventh-2026-09-04.md
184287777533	1	0	-	-	UNRESOLVED-BY-KNOB (carried only by artefacts that declare no dps)	-	UNMEASURED	data/machine2_cycle23_selfconsistent.json
184392967023	8	0	-	-	UNRESOLVED-BY-KNOB (carried only by artefacts that declare no dps)	-	UNMEASURED	data/m2_c37_published_constants_census.tsv
184487480374	1	0	-	-	UNRESOLVED-BY-KNOB (carried only by artefacts that declare no dps)	-	UNMEASURED	data/machine2_cycle19_nb_results.json
184848652866	1	0	-	-	UNRESOLVED-BY-KNOB (carried only by artefacts that declare no dps)	-	UNMEASURED	data/machine2_cycle19_nb_results.json
184856181857	2	0	-	-	UNRESOLVED-BY-KNOB (carried only by artefacts that declare no dps)	-	UNMEASURED	data/machine2_cycle27_s3_prereg.json
184866256879	1	0	-	-	UNRESOLVED-BY-KNOB (carried only by artefacts that declare no dps)	-	UNMEASURED	data/machine2_cycle25_design_scan_k0_4.json
1848744678	1	0	-	-	UNRESOLVED-BY-KNOB (carried only by artefacts that declare no dps)	-	UNMEASURED	machine2-cycle22-witness-fires-on-the-bare-zero-side.md
184874467848	4	0	-	-	UNRESOLVED-BY-KNOB (carried only by artefacts that declare no dps)	-	UNMEASURED	data/machine2_cycle22_scored_witness.json
184882732303	1	0	-	-	UNRESOLVED-BY-KNOB (carried only by artefacts that declare no dps)	-	UNMEASURED	data/machine2_cycle16_zeros_verified.json
185236625763	1	0	-	-	UNRESOLVED-BY-KNOB (carried only by artefacts that declare no dps)	-	UNMEASURED	data/machine2_cycle23_design_scan.json
18528531318	1	0	-	-	UNRESOLVED-BY-KNOB (carried only by artefacts that declare no dps)	-	UNMEASURED	machine2-cycle16-void-wedge-census-and-seven-off-line-zeros.md
185285313183	2	0	-	-	UNRESOLVED-BY-KNOB (carried only by artefacts that declare no dps)	-	UNMEASURED	data/machine2_cycle16_zeros_verified.json
185314933861	1	0	-	-	UNRESOLVED-BY-KNOB (carried only by artefacts that declare no dps)	-	UNMEASURED	data/machine2_cycle20_slide_K1_zeta_T45.666_e0.3_T600.json
185318141423	2	2	50,60	-	RANGE	-	UNMEASURED	data/machine2_dn_dps50_n30.json
185326224570	1	0	-	-	UNRESOLVED-BY-KNOB (carried only by artefacts that declare no dps)	-	UNMEASURED	data/machine2_cycle16_ext_results.json
185532356418	1	0	-	-	UNRESOLVED-BY-KNOB (carried only by artefacts that declare no dps)	-	UNMEASURED	data/machine2_cycle16_low_results.json
185598783677	4	0	-	-	UNRESOLVED-BY-KNOB (carried only by artefacts that declare no dps)	-	UNMEASURED	data/machine2_cycle22_scored_witness.json
1855987837	1	0	-	-	UNRESOLVED-BY-KNOB (carried only by artefacts that declare no dps)	-	UNMEASURED	machine2-cycle22-witness-fires-on-the-bare-zero-side.md
185901211691	1	0	-	-	UNRESOLVED-BY-KNOB (carried only by artefacts that declare no dps)	-	UNMEASURED	data/machine2_cycle20_mainW2.json
18590265117	1	0	-	-	UNRESOLVED-BY-KNOB (carried only by artefacts that declare no dps)	-	UNMEASURED	data/machine2_cycle20_mainW2.json
186002460923	1	0	-	-	UNRESOLVED-BY-KNOB (carried only by artefacts that declare no dps)	-	UNMEASURED	data/machine2_cycle16_ext_results.json
186027270841	1	0	-	-	UNRESOLVED-BY-KNOB (carried only by artefacts that declare no dps)	-	UNMEASURED	data/machine2_cycle23_selfconsistent.json
186114566202	1	0	-	-	UNRESOLVED-BY-KNOB (carried only by artefacts that declare no dps)	-	UNMEASURED	data/machine2_cycle29_s3_scored.json
186131532640	1	0	-	-	UNRESOLVED-BY-KNOB (carried only by artefacts that declare no dps)	-	UNMEASURED	data/machine2_cycle19_nb_results.json
186214051277	1	0	-	-	UNRESOLVED-BY-KNOB (carried only by artefacts that declare no dps)	-	UNMEASURED	data/machine2_cycle24_widthlaw.json
186248140261	1	0	-	-	UNRESOLVED-BY-KNOB (carried only by artefacts that declare no dps)	-	UNMEASURED	data/machine2_cycle20_mainW2.json
1863672103	1	0	-	-	UNRESOLVED-BY-KNOB (carried only by artefacts that declare no dps)	-	UNMEASURED	data/machine2_cycle20_mainW2.json
186392802741	1	0	-	-	UNRESOLVED-BY-KNOB (carried only by artefacts that declare no dps)	-	UNMEASURED	data/machine2_cycle20_slide_K1_zeta_T49.7738324_e0.3_T600.json
186458427446	1	0	-	-	UNRESOLVED-BY-KNOB (carried only by artefacts that declare no dps)	-	UNMEASURED	data/machine2_cycle25_design_scan_k2_4.json
186491537321	1	0	-	-	UNRESOLVED-BY-KNOB (carried only by artefacts that declare no dps)	-	UNMEASURED	data/machine2_cycle25_design_scan_k0_4.json
186636715683	1	0	-	-	UNRESOLVED-BY-KNOB (carried only by artefacts that declare no dps)	-	UNMEASURED	data/machine2_cycle16_ext_results.json
186679586405	1	0	-	-	UNRESOLVED-BY-KNOB (carried only by artefacts that declare no dps)	-	UNMEASURED	data/machine2_cycle24_widthlaw.json
186785424412	1	0	-	-	UNRESOLVED-BY-KNOB (carried only by artefacts that declare no dps)	-	UNMEASURED	data/machine2_cycle20_mainW2.json
186828715965	1	0	-	-	UNRESOLVED-BY-KNOB (carried only by artefacts that declare no dps)	-	UNMEASURED	data/machine2_cycle23_selfconsistent.json
187033113407	1	0	-	-	UNRESOLVED-BY-KNOB (carried only by artefacts that declare no dps)	-	UNMEASURED	data/machine2_cycle20_mainW2.json
1871991303	1	0	-	-	UNRESOLVED-BY-KNOB (carried only by artefacts that declare no dps)	-	UNMEASURED	data/machine2_cycle26_bandlaw.json
187228922583	2	0	-	-	UNRESOLVED-BY-KNOB (carried only by artefacts that declare no dps)	-	UNMEASURED	data/machine2_cycle22_zeros210.json
187255791401	1	0	-	-	UNRESOLVED-BY-KNOB (carried only by artefacts that declare no dps)	-	UNMEASURED	data/machine2_cycle15_fold_results2.json
187255791402	1	0	-	-	UNRESOLVED-BY-KNOB (carried only by artefacts that declare no dps)	-	UNMEASURED	data/machine2_cycle15_stage2.out
1874098568	1	0	-	-	UNRESOLVED-BY-KNOB (carried only by artefacts that declare no dps)	-	UNMEASURED	data/machine2_cycle15_stage3.out
187409856804	1	0	-	-	UNRESOLVED-BY-KNOB (carried only by artefacts that declare no dps)	-	UNMEASURED	data/machine2_cycle15_fold_results3.json
187499902454	1	0	-	-	UNRESOLVED-BY-KNOB (carried only by artefacts that declare no dps)	-	UNMEASURED	data/machine2_cycle25_design_scan_k2_4.json
187502396171	1	0	-	-	UNRESOLVED-BY-KNOB (carried only by artefacts that declare no dps)	-	UNMEASURED	data/machine2_cycle15_fold_results2.json
187502396172	1	0	-	-	UNRESOLVED-BY-KNOB (carried only by artefacts that declare no dps)	-	UNMEASURED	data/machine2_cycle15_stage2.out
187517308388	1	0	-	-	UNRESOLVED-BY-KNOB (carried only by artefacts that declare no dps)	-	UNMEASURED	data/machine2_cycle20_mainW2.json
1875297562	1	1	60	-	POINT	-	UNMEASURED	data/m2_c30_scored.json
187562108974	4	0	-	-	UNRESOLVED-BY-KNOB (carried only by artefacts that declare no dps)	-	UNMEASURED	data/m2_c37_published_constants_census.tsv
187621042695	1	0	-	-	UNRESOLVED-BY-KNOB (carried only by artefacts that declare no dps)	-	UNMEASURED	data/machine2_cycle16_gate1.json
187711462594	3	0	-	-	UNRESOLVED-BY-KNOB (carried only by artefacts that declare no dps)	-	UNMEASURED	data/machine2_cycle15_fold_results.json
187741074947	1	0	-	-	UNRESOLVED-BY-KNOB (carried only by artefacts that declare no dps)	-	UNMEASURED	data/machine2_cycle16_low_results.json
188167792886	2	1	60	-	POINT	-	UNMEASURED	data/m2_c37_published_constants_census.tsv
1882139459	1	0	-	-	UNRESOLVED-BY-KNOB (carried only by artefacts that declare no dps)	-	UNMEASURED	data/machine2_cycle27_s3_prereg.out
188240071945	1	0	-	-	UNRESOLVED-BY-KNOB (carried only by artefacts that declare no dps)	-	UNMEASURED	data/machine2_cycle25_design_scan_k0_6.json
18836734938	1	0	-	-	UNRESOLVED-BY-KNOB (carried only by artefacts that declare no dps)	-	UNMEASURED	data/machine2_cycle23_selfconsistent.json
188492488630	2	0	-	-	UNRESOLVED-BY-KNOB (carried only by artefacts that declare no dps)	-	UNMEASURED	data/m2_c37_published_constants_census.tsv
188492488631	2	0	-	-	UNRESOLVED-BY-KNOB (carried only by artefacts that declare no dps)	-	UNMEASURED	data/m2_c37_published_constants_census.tsv
1884924950	2	0	-	-	UNRESOLVED-BY-KNOB (carried only by artefacts that declare no dps)	-	UNMEASURED	data/m2_c37_published_constants_census.tsv
188639385392	1	0	-	-	UNRESOLVED-BY-KNOB (carried only by artefacts that declare no dps)	-	UNMEASURED	data/machine2_cycle20_slide_K3_epstein_D7_T4.65_e0.15_T250.json
189159388363	1	0	-	-	UNRESOLVED-BY-KNOB (carried only by artefacts that declare no dps)	-	UNMEASURED	data/machine2_cycle16_ext_results.json
189252004173	1	0	-	-	UNRESOLVED-BY-KNOB (carried only by artefacts that declare no dps)	-	UNMEASURED	data/machine2_cycle25_design_scan_k0_6.json
189311024845	1	0	-	-	UNRESOLVED-BY-KNOB (carried only by artefacts that declare no dps)	-	UNMEASURED	data/machine2_cycle27_s3_prereg.json
1894003939	1	0	-	-	UNRESOLVED-BY-KNOB (carried only by artefacts that declare no dps)	-	UNMEASURED	data/machine2_cycle20_slide_K1_zeta_T45.666_e0.3_T600.json
189416158656	2	0	-	-	UNRESOLVED-BY-KNOB (carried only by artefacts that declare no dps)	-	UNMEASURED	data/machine2_cycle22_zeros210.json
189438750761	1	0	-	-	UNRESOLVED-BY-KNOB (carried only by artefacts that declare no dps)	-	UNMEASURED	data/machine2_cycle20_mainW2.json
190078509574	1	1	40	-	POINT	-	UNMEASURED	data/machine2_cycle28_cover_all.json
19023982794	1	0	-	-	UNRESOLVED-BY-KNOB (carried only by artefacts that declare no dps)	-	UNMEASURED	data/machine2_cycle23_sweep_c.json
19028408929	1	1	50	-	POINT	-	UNMEASURED	data/machine2_dn_dps50_n30.json
1902840893	1	1	60	-	POINT	-	UNMEASURED	data/machine2_dn_n70_dps60.txt
1905754914	1	1	60	-	POINT	-	UNMEASURED	data/machine2_dn_n70_dps60.txt
190575491442	1	1	50	-	POINT	-	UNMEASURED	data/machine2_dn_dps50_n30.json
190600734469	1	0	-	-	UNRESOLVED-BY-KNOB (carried only by artefacts that declare no dps)	-	UNMEASURED	data/machine2_cycle20_instrumentB_zetaOnZero.json
190823950088	2	0	-	-	UNRESOLVED-BY-KNOB (carried only by artefacts that declare no dps)	-	UNMEASURED	data/machine2_cycle20_mainW2.json
190839116279	1	0	-	-	UNRESOLVED-BY-KNOB (carried only by artefacts that declare no dps)	-	UNMEASURED	data/machine2_cycle20_instrumentB_zetaOnZero.json
190844970266	1	0	-	-	UNRESOLVED-BY-KNOB (carried only by artefacts that declare no dps)	-	UNMEASURED	data/machine2_cycle20_slide_K1_zeta_T49.7738324_e0.3_T600.json
19085641556	1	0	-	-	UNRESOLVED-BY-KNOB (carried only by artefacts that declare no dps)	-	UNMEASURED	data/machine2_cycle20_slide_K1_zeta_T49.7738324_e0.3_T600.json
191071253315	1	0	-	-	UNRESOLVED-BY-KNOB (carried only by artefacts that declare no dps)	-	UNMEASURED	data/machine2_cycle20_mainW2.json
191124025992	1	0	-	-	UNRESOLVED-BY-KNOB (carried only by artefacts that declare no dps)	-	UNMEASURED	data/machine2_cycle16_low_results.json
191605629509	1	0	-	-	UNRESOLVED-BY-KNOB (carried only by artefacts that declare no dps)	-	UNMEASURED	data/machine2_cycle25_bandaudit.json
191605629863	18	6	40	-	POINT	-	UNMEASURED	data/code/m2_c27_anchorblind.py
191605629864	1	0	-	-	UNRESOLVED-BY-KNOB (carried only by artefacts that declare no dps)	-	UNMEASURED	data/machine2_cycle25_scored.json
191605642511	6	0	-	-	UNRESOLVED-BY-KNOB (carried only by artefacts that declare no dps)	-	UNMEASURED	data/m2_c37_published_constants_census.tsv
191615490850	4	0	-	-	UNRESOLVED-BY-KNOB (carried only by artefacts that declare no dps)	-	UNMEASURED	data/m2_c37_published_constants_census.tsv
191615490851	2	0	-	-	UNRESOLVED-BY-KNOB (carried only by artefacts that declare no dps)	-	UNMEASURED	data/machine2_cycle25_prereg.out
191631896558	1	0	-	-	UNRESOLVED-BY-KNOB (carried only by artefacts that declare no dps)	-	UNMEASURED	data/machine2_cycle24_widthlaw.json
191729785778	1	0	-	-	UNRESOLVED-BY-KNOB (carried only by artefacts that declare no dps)	-	UNMEASURED	data/machine2_cycle25_scored.json
192026656360	2	0	-	-	UNRESOLVED-BY-KNOB (carried only by artefacts that declare no dps)	-	UNMEASURED	data/machine2_cycle22_zeros210.json
1920810313	1	0	-	-	UNRESOLVED-BY-KNOB (carried only by artefacts that declare no dps)	-	UNMEASURED	data/machine2_cycle26_branch.json
192082590471	1	0	-	-	UNRESOLVED-BY-KNOB (carried only by artefacts that declare no dps)	-	UNMEASURED	data/machine2_cycle25_scored.json
192151016554	1	0	-	-	UNRESOLVED-BY-KNOB (carried only by artefacts that declare no dps)	-	UNMEASURED	data/machine2_cycle27_s3_prereg.json
192169231229	1	0	-	-	UNRESOLVED-BY-KNOB (carried only by artefacts that declare no dps)	-	UNMEASURED	data/machine2_cycle20_mainW2.json
192250183814	1	1	90	25	POINT	-	UNMEASURED	data/machine2_c35_signgroup.json
192377545456	2	0	-	-	UNRESOLVED-BY-KNOB (carried only by artefacts that declare no dps)	-	UNMEASURED	data/machine2_cycle25_prereg.json
192383335469	1	0	-	-	UNRESOLVED-BY-KNOB (carried only by artefacts that declare no dps)	-	UNMEASURED	data/machine2_cycle25_bands.json
192439778696	1	0	-	-	UNRESOLVED-BY-KNOB (carried only by artefacts that declare no dps)	-	UNMEASURED	data/machine2_cycle20_mainW2.json
192495225559	1	0	-	-	UNRESOLVED-BY-KNOB (carried only by artefacts that declare no dps)	-	UNMEASURED	data/machine2_cycle20_slide_K3_epstein_D7_T4.65_e0.15_T250.json
192562483441	5	0	-	-	UNRESOLVED-BY-KNOB (carried only by artefacts that declare no dps)	-	UNMEASURED	data/m2_c37_published_constants_census.tsv
1927230284	2	1	60	-	POINT	-	UNMEASURED	data/code/machine2_c31_calibrate.py
192723028429	1	0	-	-	UNRESOLVED-BY-KNOB (carried only by artefacts that declare no dps)	-	UNMEASURED	data/machine2_c32_bias.out
19272302843	1	0	-	-	UNRESOLVED-BY-KNOB (carried only by artefacts that declare no dps)	-	UNMEASURED	data/machine2_c32_bias.out
192728448136	1	0	-	-	UNRESOLVED-BY-KNOB (carried only by artefacts that declare no dps)	-	UNMEASURED	data/machine2_cycle25_scored.json
192749421202	1	0	-	-	UNRESOLVED-BY-KNOB (carried only by artefacts that declare no dps)	-	UNMEASURED	data/machine2_cycle23_selfconsistent.json
1929766952	2	0	-	-	UNRESOLVED-BY-KNOB (carried only by artefacts that declare no dps)	-	UNMEASURED	data/m2_c37_p2_commit_message_route.out
192976695244	2	0	-	-	UNRESOLVED-BY-KNOB (carried only by artefacts that declare no dps)	-	UNMEASURED	data/machine2_cycle16_zeros_verified.json
193002110145	4	0	-	-	UNRESOLVED-BY-KNOB (carried only by artefacts that declare no dps)	-	UNMEASURED	data/m2_c37_published_constants_census.tsv
193046217944	2	0	-	-	UNRESOLVED-BY-KNOB (carried only by artefacts that declare no dps)	-	UNMEASURED	data/m2_c37_published_constants_census.tsv
193079726603	2	0	-	-	UNRESOLVED-BY-KNOB (carried only by artefacts that declare no dps)	-	UNMEASURED	data/machine2_cycle22_zeros210.json
193123103889	1	0	-	-	UNRESOLVED-BY-KNOB (carried only by artefacts that declare no dps)	-	UNMEASURED	data/machine2_cycle20_slide_K1_zeta_T49.7738324_e0.3_T600.json
193184003064	1	1	40	-	POINT	-	UNMEASURED	data/machine2_cycle28_cover_all.json
193245448246	1	0	-	-	UNRESOLVED-BY-KNOB (carried only by artefacts that declare no dps)	-	UNMEASURED	data/machine2_cycle20_mainW2.json
193249004481	1	0	-	-	UNRESOLVED-BY-KNOB (carried only by artefacts that declare no dps)	-	UNMEASURED	data/machine2_cycle23_controls.json
193359511995	1	0	-	-	UNRESOLVED-BY-KNOB (carried only by artefacts that declare no dps)	-	UNMEASURED	data/machine2_b_vector_check.txt
193409535124	1	0	-	-	UNRESOLVED-BY-KNOB (carried only by artefacts that declare no dps)	-	UNMEASURED	data/machine2_cycle26_bandlaw.json
1934742392	4	0	-	-	UNRESOLVED-BY-KNOB (carried only by artefacts that declare no dps)	-	UNMEASURED	data/machine2_cycle25_bands.json
19357195270	2	0	-	-	UNRESOLVED-BY-KNOB (carried only by artefacts that declare no dps)	-	UNMEASURED	data/m2_c37_p2_commit_message_route.out
193711798853	1	0	-	-	UNRESOLVED-BY-KNOB (carried only by artefacts that declare no dps)	-	UNMEASURED	data/machine2_cycle29_s3_scored.json
193863649551	2	1	40	-	POINT	-	UNMEASURED	data/m2_c37_published_constants_census.tsv
194005609211	1	0	-	-	UNRESOLVED-BY-KNOB (carried only by artefacts that declare no dps)	-	UNMEASURED	data/machine2_c31_fitness_constants.json
194214189811	1	1	90	25	POINT	-	UNMEASURED	data/machine2_c35_signgroup.json
194411362754	1	0	-	-	UNRESOLVED-BY-KNOB (carried only by artefacts that declare no dps)	-	UNMEASURED	data/machine2_cycle20_mainW2.json
194433814261	1	0	-	-	UNRESOLVED-BY-KNOB (carried only by artefacts that declare no dps)	-	UNMEASURED	data/machine2_cycle25_design_scan_k0_4.json
194591014906	1	0	-	-	UNRESOLVED-BY-KNOB (carried only by artefacts that declare no dps)	-	UNMEASURED	data/machine2_debate_n8_sanity.out
194618917966	1	0	-	-	UNRESOLVED-BY-KNOB (carried only by artefacts that declare no dps)	-	UNMEASURED	data/machine2_cycle25_design_scan_k2_4.json
194642356352	1	0	-	-	UNRESOLVED-BY-KNOB (carried only by artefacts that declare no dps)	-	UNMEASURED	data/machine2_cycle20_slide_K3_epstein_D7_T4.65_e0.15_T250.json
194701497802	2	0	-	-	UNRESOLVED-BY-KNOB (carried only by artefacts that declare no dps)	-	UNMEASURED	data/machine2_cycle27_s3_prereg.json
194825574192	1	0	-	-	UNRESOLVED-BY-KNOB (carried only by artefacts that declare no dps)	-	UNMEASURED	data/machine2_cycle25_design_scan_k0_6.json
195265396679	2	0	-	-	UNRESOLVED-BY-KNOB (carried only by artefacts that declare no dps)	-	UNMEASURED	data/machine2_cycle22_zeros210.json
195380858207	1	0	-	-	UNRESOLVED-BY-KNOB (carried only by artefacts that declare no dps)	-	UNMEASURED	data/machine2_debate_n8_sanity.out
195468404579	1	0	-	-	UNRESOLVED-BY-KNOB (carried only by artefacts that declare no dps)	-	UNMEASURED	data/machine2_cycle20_mainW2.json
195484087291	1	0	-	-	UNRESOLVED-BY-KNOB (carried only by artefacts that declare no dps)	-	UNMEASURED	data/machine2_cycle29_s3_scored.json
195724123108	1	0	-	-	UNRESOLVED-BY-KNOB (carried only by artefacts that declare no dps)	-	UNMEASURED	data/machine2_cycle16_ext_results.json
196000814515	1	1	40	-	POINT	-	UNMEASURED	data/machine2_cycle28_cover_all.json
196164414026	1	0	-	-	UNRESOLVED-BY-KNOB (carried only by artefacts that declare no dps)	-	UNMEASURED	data/machine2_cycle19_nb_results.json
196304036113	1	0	-	-	UNRESOLVED-BY-KNOB (carried only by artefacts that declare no dps)	-	UNMEASURED	data/machine2_cycle19_nb_results.json
196386288375	1	0	-	-	UNRESOLVED-BY-KNOB (carried only by artefacts that declare no dps)	-	UNMEASURED	data/machine2_cycle20_mainW2.json
196513936856	8	2	40	-	POINT	-	UNMEASURED	data/m2_c37_published_constants_census.tsv
196513962593	1	0	-	-	UNRESOLVED-BY-KNOB (carried only by artefacts that declare no dps)	-	UNMEASURED	data/machine2_cycle25_bandaudit.json
196515942147	6	0	-	-	UNRESOLVED-BY-KNOB (carried only by artefacts that declare no dps)	-	UNMEASURED	data/m2_c37_published_constants_census.tsv
196575949062	2	0	-	-	UNRESOLVED-BY-KNOB (carried only by artefacts that declare no dps)	-	UNMEASURED	data/machine2_cycle16_ext_results.json
196579462579	6	0	-	-	UNRESOLVED-BY-KNOB (carried only by artefacts that declare no dps)	-	UNMEASURED	data/m2_c37_published_constants_census.tsv
196579644414	1	0	-	-	UNRESOLVED-BY-KNOB (carried only by artefacts that declare no dps)	-	UNMEASURED	data/machine2_cycle25_bandaudit.json
196583321256	1	0	-	-	UNRESOLVED-BY-KNOB (carried only by artefacts that declare no dps)	-	UNMEASURED	data/machine2_cycle20_mainW2.json
196589952864	4	0	-	-	UNRESOLVED-BY-KNOB (carried only by artefacts that declare no dps)	-	UNMEASURED	data/m2_c37_published_constants_census.tsv
196589952865	2	0	-	-	UNRESOLVED-BY-KNOB (carried only by artefacts that declare no dps)	-	UNMEASURED	data/machine2_cycle25_prereg.out
196620850317	6	0	-	-	UNRESOLVED-BY-KNOB (carried only by artefacts that declare no dps)	-	UNMEASURED	data/m2_c37_published_constants_census.tsv
196733526095	1	0	-	-	UNRESOLVED-BY-KNOB (carried only by artefacts that declare no dps)	-	UNMEASURED	data/machine2_cycle23_scored.json
196733526096	1	0	-	-	UNRESOLVED-BY-KNOB (carried only by artefacts that declare no dps)	-	UNMEASURED	machine2-cycle23-REVEAL-and-letter-the-family-fires-my-prereg-falls-m1s-prediction-holds.md
196876481840	2	0	-	-	UNRESOLVED-BY-KNOB (carried only by artefacts that declare no dps)	-	UNMEASURED	data/machine2_cycle22_zeros210.json
196895285878	1	0	-	-	UNRESOLVED-BY-KNOB (carried only by artefacts that declare no dps)	-	UNMEASURED	data/machine2_cycle20_mainW2.json
196943036750	1	0	-	-	UNRESOLVED-BY-KNOB (carried only by artefacts that declare no dps)	-	UNMEASURED	data/machine2_cycle19_nb_results.json
196953098976	6	0	-	-	UNRESOLVED-BY-KNOB (carried only by artefacts that declare no dps)	-	UNMEASURED	data/m2_c37_published_constants_census.tsv
1969667904	1	0	-	-	UNRESOLVED-BY-KNOB (carried only by artefacts that declare no dps)	-	UNMEASURED	data/machine2_cycle26_bandlaw.json
1970788922	1	1	20,30	-	RANGE	-	UNMEASURED	data/machine2_cycle17_census.json
197454234232	1	0	-	-	UNRESOLVED-BY-KNOB (carried only by artefacts that declare no dps)	-	UNMEASURED	data/machine2_cycle20_mainW2.json
197481829902	1	0	-	-	UNRESOLVED-BY-KNOB (carried only by artefacts that declare no dps)	-	UNMEASURED	data/machine2_cycle25_design_scan_k0_4.json
197598193489	1	1	40	-	POINT	-	UNMEASURED	data/machine2_cycle28_cover_all.json
197613178359	1	0	-	-	UNRESOLVED-BY-KNOB (carried only by artefacts that declare no dps)	-	UNMEASURED	data/machine2_cycle23_selfconsistent.json
197682134782	1	0	-	-	UNRESOLVED-BY-KNOB (carried only by artefacts that declare no dps)	-	UNMEASURED	data/machine2_cycle29_s3_scored.json
197728382874	1	0	-	-	UNRESOLVED-BY-KNOB (carried only by artefacts that declare no dps)	-	UNMEASURED	data/machine2_cycle23_sweep_c.json
197762316066	1	0	-	-	UNRESOLVED-BY-KNOB (carried only by artefacts that declare no dps)	-	UNMEASURED	data/machine2_cycle20_mainW2.json
197812315633	1	0	-	-	UNRESOLVED-BY-KNOB (carried only by artefacts that declare no dps)	-	UNMEASURED	data/machine2_cycle25_design_scan_k0_4.json
197899738838	2	0	-	-	UNRESOLVED-BY-KNOB (carried only by artefacts that declare no dps)	-	UNMEASURED	data/machine2_cycle16_zeros_verified.json
198015309676	3	0	-	-	UNRESOLVED-BY-KNOB (carried only by artefacts that declare no dps)	-	UNMEASURED	data/m2_c37_published_constants_census.tsv
198040139857	1	0	-	-	UNRESOLVED-BY-KNOB (carried only by artefacts that declare no dps)	-	UNMEASURED	data/machine2_cycle24_widthlaw.json
198447681268	1	0	-	-	UNRESOLVED-BY-KNOB (carried only by artefacts that declare no dps)	-	UNMEASURED	data/machine2_cycle26_branch.json
198567940861	1	0	-	-	UNRESOLVED-BY-KNOB (carried only by artefacts that declare no dps)	-	UNMEASURED	data/machine2_cycle20_mainW2.json
198742430416	2	2	50,60	-	RANGE	-	UNMEASURED	data/machine2_dn_dps50_n30.json
1987781944	1	0	-	-	UNRESOLVED-BY-KNOB (carried only by artefacts that declare no dps)	-	UNMEASURED	data/machine2_cycle26_bandlaw.json
198784667591	2	0	-	-	UNRESOLVED-BY-KNOB (carried only by artefacts that declare no dps)	-	UNMEASURED	data/machine2_cycle16_ext_results.json
199212858769	1	0	-	-	UNRESOLVED-BY-KNOB (carried only by artefacts that declare no dps)	-	UNMEASURED	data/machine2_cycle25_design_scan_k2_4.json
199247623941	10	4	60,80	-	RANGE	-	UNMEASURED	data/code/machine2_c31_calibrate.py
199302731975	1	0	-	-	UNRESOLVED-BY-KNOB (carried only by artefacts that declare no dps)	-	UNMEASURED	data/machine2_cycle25_design_scan_k2_4.json
199740520616	1	0	-	-	UNRESOLVED-BY-KNOB (carried only by artefacts that declare no dps)	-	UNMEASURED	data/machine2_cycle19_nb_results.json
1998398544	1	0	-	-	UNRESOLVED-BY-KNOB (carried only by artefacts that declare no dps)	-	UNMEASURED	data/machine2_cycle15_fold_results2.json
199877782467	5	0	-	-	UNRESOLVED-BY-KNOB (carried only by artefacts that declare no dps)	-	UNMEASURED	data/m2_c37_published_constants_census.tsv
1999600469	1	0	-	-	UNRESOLVED-BY-KNOB (carried only by artefacts that declare no dps)	-	UNMEASURED	data/machine2_cycle15_fold_results2.json
1999997019	1	0	-	-	UNRESOLVED-BY-KNOB (carried only by artefacts that declare no dps)	-	UNMEASURED	data/machine2_cycle15_fold_results2.json
200047468656	22	8	40	-	POINT	-	UNMEASURED	data/code/m2_c27_anchorblind.py
200168453226	1	0	-	-	UNRESOLVED-BY-KNOB (carried only by artefacts that declare no dps)	-	UNMEASURED	data/machine2_cycle24_widthlaw.json
200226629361	1	0	-	-	UNRESOLVED-BY-KNOB (carried only by artefacts that declare no dps)	-	UNMEASURED	data/machine2_cycle25_design_scan_k0_6.json
200317305780	2	2	40	-	POINT	-	UNMEASURED	data/machine2_cycle27_anchorblind_c2.json
200369667416	2	1	90	25	POINT	-	UNMEASURED	data/m2_c37_published_constants_census.tsv
2005291429	1	0	-	-	UNRESOLVED-BY-KNOB (carried only by artefacts that declare no dps)	-	UNMEASURED	data/machine2_cycle26_bandlaw.json
200572445677	1	0	-	-	UNRESOLVED-BY-KNOB (carried only by artefacts that declare no dps)	-	UNMEASURED	data/machine2_cycle25_prereg.json
200872359963	1	0	-	-	UNRESOLVED-BY-KNOB (carried only by artefacts that declare no dps)	-	UNMEASURED	data/machine2_cycle19_nb_results.json
200890803367	1	0	-	-	UNRESOLVED-BY-KNOB (carried only by artefacts that declare no dps)	-	UNMEASURED	data/machine2_cycle25_design_scan_k2_4.json
200921523981	1	0	-	-	UNRESOLVED-BY-KNOB (carried only by artefacts that declare no dps)	-	UNMEASURED	data/machine2_cycle16_e1_recheck.json
201172981755	1	0	-	-	UNRESOLVED-BY-KNOB (carried only by artefacts that declare no dps)	-	UNMEASURED	data/machine2_cycle20_mainW2.json
201264346604	1	0	-	-	UNRESOLVED-BY-KNOB (carried only by artefacts that declare no dps)	-	UNMEASURED	data/machine2_cycle25_design_scan_k0_6.json
201264751943	2	0	-	-	UNRESOLVED-BY-KNOB (carried only by artefacts that declare no dps)	-	UNMEASURED	data/machine2_cycle22_zeros210.json
201440013133	1	0	-	-	UNRESOLVED-BY-KNOB (carried only by artefacts that declare no dps)	-	UNMEASURED	data/machine2_cycle23_shifts.json
201611253266	3	0	-	-	UNRESOLVED-BY-KNOB (carried only by artefacts that declare no dps)	-	UNMEASURED	data/machine2_cycle23_ordcheck.json
201642073013	1	0	-	-	UNRESOLVED-BY-KNOB (carried only by artefacts that declare no dps)	-	UNMEASURED	data/machine2_cycle19_nb_results.json
201840115852	1	1	40	-	POINT	-	UNMEASURED	data/machine2_cycle28_cover_all.json
201869013578	1	0	-	-	UNRESOLVED-BY-KNOB (carried only by artefacts that declare no dps)	-	UNMEASURED	data/machine2_cycle23_shifts.json
201939262555	1	1	90	25	POINT	-	UNMEASURED	data/machine2_c35_signgroup.json
201990595493	1	0	-	-	UNRESOLVED-BY-KNOB (carried only by artefacts that declare no dps)	-	UNMEASURED	data/machine2_cycle25_bandaudit.json
202304793333	1	0	-	-	UNRESOLVED-BY-KNOB (carried only by artefacts that declare no dps)	-	UNMEASURED	data/machine2_cycle20_slide_K1_zeta_T49.7738324_e0.3_T600.json
202372537013	1	0	-	-	UNRESOLVED-BY-KNOB (carried only by artefacts that declare no dps)	-	UNMEASURED	data/machine2_cycle20_slide_K1_zeta_T49.7738324_e0.3_T600.json
202376446719	1	0	-	-	UNRESOLVED-BY-KNOB (carried only by artefacts that declare no dps)	-	UNMEASURED	data/machine2_cycle19_nb_results.json
202406759364	1	0	-	-	UNRESOLVED-BY-KNOB (carried only by artefacts that declare no dps)	-	UNMEASURED	data/machine2_cycle20_instrumentB_zetaOnZero.json
202464650653	1	0	-	-	UNRESOLVED-BY-KNOB (carried only by artefacts that declare no dps)	-	UNMEASURED	data/machine2_cycle20_slide_K1_zeta_T49.7738324_e0.3_T600.json
202493594514	2	0	-	-	UNRESOLVED-BY-KNOB (carried only by artefacts that declare no dps)	-	UNMEASURED	data/machine2_cycle22_zeros210.json
202551217149	1	0	-	-	UNRESOLVED-BY-KNOB (carried only by artefacts that declare no dps)	-	UNMEASURED	data/machine2_cycle20_instrumentB_zetaOnZero.json
202582288971	1	0	-	-	UNRESOLVED-BY-KNOB (carried only by artefacts that declare no dps)	-	UNMEASURED	data/machine2_cycle20_mainW2.json
202604636095	1	0	-	-	UNRESOLVED-BY-KNOB (carried only by artefacts that declare no dps)	-	UNMEASURED	data/machine2_cycle20_slide_K1_zeta_T0_e0.3_T600.json
202787577797	1	0	-	-	UNRESOLVED-BY-KNOB (carried only by artefacts that declare no dps)	-	UNMEASURED	data/machine2_cycle20_slide_K1_zeta_T45.666_e0.3_T600.json
202932718614	1	0	-	-	UNRESOLVED-BY-KNOB (carried only by artefacts that declare no dps)	-	UNMEASURED	data/machine2_cycle19_nb_results.json
203008231254	4	3	90,110,125	25,30	RANGE	-	UNMEASURED	data/machine2_c34_refit.json
203011514422	3	3	90,125,150	25,30	RANGE	-	UNMEASURED	data/m2_c38_runs.json
203111791880	1	0	-	-	UNRESOLVED-BY-KNOB (carried only by artefacts that declare no dps)	-	UNMEASURED	data/machine2_cycle24_breakdown.json
203240714184	1	0	-	-	UNRESOLVED-BY-KNOB (carried only by artefacts that declare no dps)	-	UNMEASURED	data/machine2_cycle20_mainW2.json
203297700212	1	0	-	-	UNRESOLVED-BY-KNOB (carried only by artefacts that declare no dps)	-	UNMEASURED	data/machine2_cycle16_zeros_verified.json
203373871354	1	0	-	-	UNRESOLVED-BY-KNOB (carried only by artefacts that declare no dps)	-	UNMEASURED	data/machine2_cycle25_prereg.json
203466154018	1	0	-	-	UNRESOLVED-BY-KNOB (carried only by artefacts that declare no dps)	-	UNMEASURED	data/machine2_cycle20_mainW2.json
203481867891	5	0	-	-	UNRESOLVED-BY-KNOB (carried only by artefacts that declare no dps)	-	UNMEASURED	data/m2_c37_published_constants_census.tsv
203823156811	1	0	-	-	UNRESOLVED-BY-KNOB (carried only by artefacts that declare no dps)	-	UNMEASURED	data/machine2_cycle25_design_scan_k0_4.json
2039331695	1	0	-	-	UNRESOLVED-BY-KNOB (carried only by artefacts that declare no dps)	-	UNMEASURED	data/machine2_cycle20_mainW2.json
204018935262	1	0	-	-	UNRESOLVED-BY-KNOB (carried only by artefacts that declare no dps)	-	UNMEASURED	data/machine2_cycle20_slide_K1_zeta_T49.7738324_e0.3_T600.json
2040457912	1	0	-	-	UNRESOLVED-BY-KNOB (carried only by artefacts that declare no dps)	-	UNMEASURED	data/machine2_cycle25_bands.json
204179112582	1	0	-	-	UNRESOLVED-BY-KNOB (carried only by artefacts that declare no dps)	-	UNMEASURED	data/machine2_cycle16_gate1.json
204189671803	2	0	-	-	UNRESOLVED-BY-KNOB (carried only by artefacts that declare no dps)	-	UNMEASURED	data/machine2_cycle22_zeros210.json
204223183392	1	0	-	-	UNRESOLVED-BY-KNOB (carried only by artefacts that declare no dps)	-	UNMEASURED	data/machine2_cycle20_mainW2.json
204251432895	2	0	-	-	UNRESOLVED-BY-KNOB (carried only by artefacts that declare no dps)	-	UNMEASURED	data/machine2_cycle19_nb_results.json
20432452753	2	0	-	-	UNRESOLVED-BY-KNOB (carried only by artefacts that declare no dps)	-	UNMEASURED	data/m2_c37_published_constants_census.tsv
204324527531	10	2	40	-	POINT	-	UNMEASURED	data/m2_c37_published_constants_census.tsv
204341448957	4	3	40	-	POINT	-	UNMEASURED	data/m2_c37_published_constants_census.tsv
204754755834	1	0	-	-	UNRESOLVED-BY-KNOB (carried only by artefacts that declare no dps)	-	UNMEASURED	data/machine2_c32_higher_coeffs.out
204755373988	5	2	60	-	POINT	-	UNMEASURED	data/code/machine2_c31_oos_runner.py
204755376957	2	0	-	-	UNRESOLVED-BY-KNOB (carried only by artefacts that declare no dps)	-	UNMEASURED	data/m2_c37_published_constants_census.tsv
204755387162	1	0	-	-	UNRESOLVED-BY-KNOB (carried only by artefacts that declare no dps)	-	UNMEASURED	data/machine2_c32_higher_coeffs.out
204755387553	33	16	90,110,125,150,200,400	25,30	RANGE	-	UNMEASURED	data/code/m2_c38_score.py
204755387554	3	0	-	-	UNRESOLVED-BY-KNOB (carried only by artefacts that declare no dps)	-	UNMEASURED	data/m2_c37_published_constants_census.tsv
204981473328	2	2	50,60	-	RANGE	-	UNMEASURED	data/machine2_dn_dps50_n30.json
204996013470	2	2	50,60	-	RANGE	-	UNMEASURED	data/machine2_dn_dps50_n30.json
2050493612	1	1	50	-	POINT	-	UNMEASURED	data/machine2_dn_dps50_n30.json
205056048997	1	0	-	-	UNRESOLVED-BY-KNOB (carried only by artefacts that declare no dps)	-	UNMEASURED	data/machine2_cycle16_scan_results.json
205284578149	1	0	-	-	UNRESOLVED-BY-KNOB (carried only by artefacts that declare no dps)	-	UNMEASURED	data/machine2_cycle23_selfconsistent.json
205394697202	2	0	-	-	UNRESOLVED-BY-KNOB (carried only by artefacts that declare no dps)	-	UNMEASURED	data/machine2_cycle22_zeros210.json
205396494820	1	0	-	-	UNRESOLVED-BY-KNOB (carried only by artefacts that declare no dps)	-	UNMEASURED	data/machine2_cycle26_bandlaw.json
205413649139	1	1	40	-	POINT	-	UNMEASURED	data/machine2_cycle28_cover_all.json
205424724698	3	0	-	-	UNRESOLVED-BY-KNOB (carried only by artefacts that declare no dps)	-	UNMEASURED	data/m2_c37_published_constants_census.tsv
205424724699	1	0	-	-	UNRESOLVED-BY-KNOB (carried only by artefacts that declare no dps)	-	UNMEASURED	data/machine2_cycle15_fold_results.json
2054247247	1	0	-	-	UNRESOLVED-BY-KNOB (carried only by artefacts that declare no dps)	-	UNMEASURED	machine2-cycle15-l105-epstein-fold-answer.md
205604187343	1	0	-	-	UNRESOLVED-BY-KNOB (carried only by artefacts that declare no dps)	-	UNMEASURED	data/machine2_cycle20_slide_K3_epstein_D7_T4.65_e0.15_T250.json
205745633122	1	0	-	-	UNRESOLVED-BY-KNOB (carried only by artefacts that declare no dps)	-	UNMEASURED	data/machine2_cycle25_design_scan_k2_4.json
205780678907	1	1	40	-	POINT	-	UNMEASURED	data/machine2_cycle28_cover_all.json
206117621004	1	0	-	-	UNRESOLVED-BY-KNOB (carried only by artefacts that declare no dps)	-	UNMEASURED	data/machine2_cycle23_selfconsistent.json
206264179397	9	2	40	-	POINT	-	UNMEASURED	data/m2_c37_published_constants_census.tsv
206264179398	1	0	-	-	UNRESOLVED-BY-KNOB (carried only by artefacts that declare no dps)	-	UNMEASURED	data/machine2_cycle25_scored.json
206264205508	1	0	-	-	UNRESOLVED-BY-KNOB (carried only by artefacts that declare no dps)	-	UNMEASURED	data/machine2_cycle25_bandaudit.json
206266051388	4	0	-	-	UNRESOLVED-BY-KNOB (carried only by artefacts that declare no dps)	-	UNMEASURED	data/m2_c37_published_constants_census.tsv
206266051389	2	0	-	-	UNRESOLVED-BY-KNOB (carried only by artefacts that declare no dps)	-	UNMEASURED	data/machine2_cycle25_prereg.out
206350507453	6	0	-	-	UNRESOLVED-BY-KNOB (carried only by artefacts that declare no dps)	-	UNMEASURED	data/m2_c37_published_constants_census.tsv
206386752541	1	0	-	-	UNRESOLVED-BY-KNOB (carried only by artefacts that declare no dps)	-	UNMEASURED	data/machine2_cycle29_s3_scored.json
206452384501	1	0	-	-	UNRESOLVED-BY-KNOB (carried only by artefacts that declare no dps)	-	UNMEASURED	data/machine2_cycle27_s3_prereg.json
206452384502	1	0	-	-	UNRESOLVED-BY-KNOB (carried only by artefacts that declare no dps)	-	UNMEASURED	data/machine2_cycle27_s3_prereg.json
2065320231	1	0	-	-	UNRESOLVED-BY-KNOB (carried only by artefacts that declare no dps)	-	UNMEASURED	data/machine2_cycle20_mainW2.json
206557382315	1	0	-	-	UNRESOLVED-BY-KNOB (carried only by artefacts that declare no dps)	-	UNMEASURED	data/machine2_cycle20_slide_K1_zeta_T0_e0.3_T600.json
206577326412	1	0	-	-	UNRESOLVED-BY-KNOB (carried only by artefacts that declare no dps)	-	UNMEASURED	data/machine2_cycle23_selfconsistent.json
206584219745	1	0	-	-	UNRESOLVED-BY-KNOB (carried only by artefacts that declare no dps)	-	UNMEASURED	data/machine2_cycle20_slide_K1_zeta_T0_e0.3_T600.json
207070935162	2	0	-	-	UNRESOLVED-BY-KNOB (carried only by artefacts that declare no dps)	-	UNMEASURED	data/m2_c37_published_constants_census.tsv
2070709352	1	0	-	-	UNRESOLVED-BY-KNOB (carried only by artefacts that declare no dps)	-	UNMEASURED	data/machine2_cycle24_groundtruth.out
207375335087	2	0	-	-	UNRESOLVED-BY-KNOB (carried only by artefacts that declare no dps)	-	UNMEASURED	data/machine2_cycle25_prereg.json
2074130287	6	0	-	-	UNRESOLVED-BY-KNOB (carried only by artefacts that declare no dps)	-	UNMEASURED	data/m2_c37_published_constants_census.tsv
207483352912	1	0	-	-	UNRESOLVED-BY-KNOB (carried only by artefacts that declare no dps)	-	UNMEASURED	data/machine2_cycle20_slide_K3_epstein_D7_T4.65_e0.15_T250.json
207530599273	2	0	-	-	UNRESOLVED-BY-KNOB (carried only by artefacts that declare no dps)	-	UNMEASURED	data/machine2_cycle27_s3_prereg.json
207570235745	1	0	-	-	UNRESOLVED-BY-KNOB (carried only by artefacts that declare no dps)	-	UNMEASURED	data/machine2_cycle19_nb_results.json
207580105031	1	0	-	-	UNRESOLVED-BY-KNOB (carried only by artefacts that declare no dps)	-	UNMEASURED	data/machine2_cycle16_scan_results.json
207707550085	6	0	-	-	UNRESOLVED-BY-KNOB (carried only by artefacts that declare no dps)	-	UNMEASURED	data/m2_c37_published_constants_census.tsv
207707728630	1	0	-	-	UNRESOLVED-BY-KNOB (carried only by artefacts that declare no dps)	-	UNMEASURED	data/machine2_cycle25_bandaudit.json
207716973874	4	0	-	-	UNRESOLVED-BY-KNOB (carried only by artefacts that declare no dps)	-	UNMEASURED	data/m2_c37_published_constants_census.tsv
207716973875	2	0	-	-	UNRESOLVED-BY-KNOB (carried only by artefacts that declare no dps)	-	UNMEASURED	data/machine2_cycle25_prereg.out
207723881734	1	0	-	-	UNRESOLVED-BY-KNOB (carried only by artefacts that declare no dps)	-	UNMEASURED	data/machine2_cycle25_scored.json
207725900059	1	1	50	-	POINT	-	UNMEASURED	data/machine2_dn_dps50_n30.json
207777172869	1	0	-	-	UNRESOLVED-BY-KNOB (carried only by artefacts that declare no dps)	-	UNMEASURED	data/machine2_cycle20_mainW2.json
20781875113	1	0	-	-	UNRESOLVED-BY-KNOB (carried only by artefacts that declare no dps)	-	UNMEASURED	data/machine2_cycle20_mainW2.json
207906258887	2	0	-	-	UNRESOLVED-BY-KNOB (carried only by artefacts that declare no dps)	-	UNMEASURED	data/machine2_cycle22_zeros210.json
208016900598	6	0	-	-	UNRESOLVED-BY-KNOB (carried only by artefacts that declare no dps)	-	UNMEASURED	data/m2_c37_published_constants_census.tsv
208090854758	1	0	-	-	UNRESOLVED-BY-KNOB (carried only by artefacts that declare no dps)	-	UNMEASURED	data/machine2_cycle25_scored.json
208109356718	1	0	-	-	UNRESOLVED-BY-KNOB (carried only by artefacts that declare no dps)	-	UNMEASURED	data/machine2_cycle20_slide_K3_epstein_D7_T4.65_e0.15_T250.json
208276143712	3	0	-	-	UNRESOLVED-BY-KNOB (carried only by artefacts that declare no dps)	-	UNMEASURED	data/m2_c37_published_constants_census.tsv
208276143713	2	0	-	-	UNRESOLVED-BY-KNOB (carried only by artefacts that declare no dps)	-	UNMEASURED	data/machine2_cycle25_prereg.out
208435070787	1	0	-	-	UNRESOLVED-BY-KNOB (carried only by artefacts that declare no dps)	-	UNMEASURED	data/machine2_cycle25_scored.json
208443855361	1	0	-	-	UNRESOLVED-BY-KNOB (carried only by artefacts that declare no dps)	-	UNMEASURED	data/machine2_cycle25_scored.json
2085554128	1	0	-	-	UNRESOLVED-BY-KNOB (carried only by artefacts that declare no dps)	-	UNMEASURED	data/machine2_cycle26_bandlaw.json
208786008838	1	0	-	-	UNRESOLVED-BY-KNOB (carried only by artefacts that declare no dps)	-	UNMEASURED	data/machine2_cycle25_scored.json
208829283750	1	0	-	-	UNRESOLVED-BY-KNOB (carried only by artefacts that declare no dps)	-	UNMEASURED	data/machine2_cycle16_ext_results.json
208926662590	1	1	40	-	POINT	-	UNMEASURED	data/machine2_cycle28_cover_all.json
209116062122	1	0	-	-	UNRESOLVED-BY-KNOB (carried only by artefacts that declare no dps)	-	UNMEASURED	data/machine2_cycle25_design_scan_k0_4.json
209183802509	1	0	-	-	UNRESOLVED-BY-KNOB (carried only by artefacts that declare no dps)	-	UNMEASURED	data/machine2_cycle23_selfconsistent.json
209195157461	1	0	-	-	UNRESOLVED-BY-KNOB (carried only by artefacts that declare no dps)	-	UNMEASURED	data/machine2_cycle29_s3_scored.json
209441547066	1	0	-	-	UNRESOLVED-BY-KNOB (carried only by artefacts that declare no dps)	-	UNMEASURED	data/machine2_cycle23_shifts.json
209576509716	2	0	-	-	UNRESOLVED-BY-KNOB (carried only by artefacts that declare no dps)	-	UNMEASURED	data/machine2_cycle22_zeros210.json
209576509717	2	0	-	-	UNRESOLVED-BY-KNOB (carried only by artefacts that declare no dps)	-	UNMEASURED	data/machine2_cycle24_exposure.out
2097951244	1	0	-	-	UNRESOLVED-BY-KNOB (carried only by artefacts that declare no dps)	-	UNMEASURED	data/machine2_cycle25_design_scan_k0_4.json
2098163398	1	0	-	-	UNRESOLVED-BY-KNOB (carried only by artefacts that declare no dps)	-	UNMEASURED	data/machine2_cycle26_bandlaw.json
209828260235	1	0	-	-	UNRESOLVED-BY-KNOB (carried only by artefacts that declare no dps)	-	UNMEASURED	data/machine2_cycle16_low_results.json
209860313838	1	0	-	-	UNRESOLVED-BY-KNOB (carried only by artefacts that declare no dps)	-	UNMEASURED	data/machine2_cycle16_ext_results.json
209933714272	1	0	-	-	UNRESOLVED-BY-KNOB (carried only by artefacts that declare no dps)	-	UNMEASURED	data/machine2_cycle25_scored.json
210220396387	13	0	-	-	UNRESOLVED-BY-KNOB (carried only by artefacts that declare no dps)	-	UNMEASURED	data/m2_c37_published_constants_census.tsv
2102203964	4	0	-	-	UNRESOLVED-BY-KNOB (carried only by artefacts that declare no dps)	-	UNMEASURED	data/m2_c37_published_constants_census.tsv
210267837907	1	0	-	-	UNRESOLVED-BY-KNOB (carried only by artefacts that declare no dps)	-	UNMEASURED	data/machine2_cycle25_scored.json
210565684131	1	0	-	-	UNRESOLVED-BY-KNOB (carried only by artefacts that declare no dps)	-	UNMEASURED	data/machine2_cycle27_s3_prereg.json
210565684132	1	0	-	-	UNRESOLVED-BY-KNOB (carried only by artefacts that declare no dps)	-	UNMEASURED	data/machine2_cycle27_s3_prereg.out
210576787100	1	0	-	-	UNRESOLVED-BY-KNOB (carried only by artefacts that declare no dps)	-	UNMEASURED	data/machine2_cycle19_nb_results.json
210582126168	1	0	-	-	UNRESOLVED-BY-KNOB (carried only by artefacts that declare no dps)	-	UNMEASURED	data/machine2_cycle20_mainW2.json
210692349691	1	0	-	-	UNRESOLVED-BY-KNOB (carried only by artefacts that declare no dps)	-	UNMEASURED	data/machine2_cycle19_nb_results.json
2110821472	1	0	-	-	UNRESOLVED-BY-KNOB (carried only by artefacts that declare no dps)	-	UNMEASURED	machine2-cycle23-REVEAL-and-letter-the-family-fires-my-prereg-falls-m1s-prediction-holds.md
211082147227	3	0	-	-	UNRESOLVED-BY-KNOB (carried only by artefacts that declare no dps)	-	UNMEASURED	data/m2_c37_published_constants_census.tsv
211085433738	1	0	-	-	UNRESOLVED-BY-KNOB (carried only by artefacts that declare no dps)	-	UNMEASURED	data/machine2_cycle29_s3_scored.json
211260204228	1	0	-	-	UNRESOLVED-BY-KNOB (carried only by artefacts that declare no dps)	-	UNMEASURED	data/machine2_cycle23_shifts.json
211607406194	1	0	-	-	UNRESOLVED-BY-KNOB (carried only by artefacts that declare no dps)	-	UNMEASURED	data/machine2_cycle19_nb_results.json
211716952056	1	0	-	-	UNRESOLVED-BY-KNOB (carried only by artefacts that declare no dps)	-	UNMEASURED	data/machine2_cycle25_design_scan_k0_6.json
211836918111	1	0	-	-	UNRESOLVED-BY-KNOB (carried only by artefacts that declare no dps)	-	UNMEASURED	data/machine2_cycle19_nb_results.json
212161564381	1	0	-	-	UNRESOLVED-BY-KNOB (carried only by artefacts that declare no dps)	-	UNMEASURED	data/machine2_cycle25_design_scan_k0_6.json
212316726696	5	5	90,110,125,150	25,30	RANGE	-	UNMEASURED	data/m2_c38_runs.json
212316726697	5	3	90,110,120,125	25,30	RANGE	-	UNMEASURED	data/code/machine2_c34_analyse.py
212353734468	1	0	-	-	UNRESOLVED-BY-KNOB (carried only by artefacts that declare no dps)	-	UNMEASURED	data/machine2_cycle25_design_scan_k2_4.json
212397798080	1	0	-	-	UNRESOLVED-BY-KNOB (carried only by artefacts that declare no dps)	-	UNMEASURED	data/machine2_cycle16_gate1.json
212537051200	3	0	-	-	UNRESOLVED-BY-KNOB (carried only by artefacts that declare no dps)	-	UNMEASURED	data/m2_c37_published_constants_census.tsv
212537051201	2	0	-	-	UNRESOLVED-BY-KNOB (carried only by artefacts that declare no dps)	-	UNMEASURED	data/machine2_cycle25_prereg.out
212545035714	1	0	-	-	UNRESOLVED-BY-KNOB (carried only by artefacts that declare no dps)	-	UNMEASURED	data/machine2_cycle16_ext_results.json
212690825829	1	0	-	-	UNRESOLVED-BY-KNOB (carried only by artefacts that declare no dps)	-	UNMEASURED	data/machine2_cycle20_slide_K1_zeta_T0_e0.3_T600.json
213045355481	1	0	-	-	UNRESOLVED-BY-KNOB (carried only by artefacts that declare no dps)	-	UNMEASURED	data/machine2_cycle20_slide_K1_zeta_T49.7738324_e0.3_T600.json
213465105343	1	0	-	-	UNRESOLVED-BY-KNOB (carried only by artefacts that declare no dps)	-	UNMEASURED	data/machine2_cycle20_instrumentB_zetaOnZero.json
213561327862	1	0	-	-	UNRESOLVED-BY-KNOB (carried only by artefacts that declare no dps)	-	UNMEASURED	data/machine2_cycle20_instrumentB_zetaOnZero.json
213586870586	1	0	-	-	UNRESOLVED-BY-KNOB (carried only by artefacts that declare no dps)	-	UNMEASURED	data/machine2_cycle19_nb_results.json
213619981781	1	0	-	-	UNRESOLVED-BY-KNOB (carried only by artefacts that declare no dps)	-	UNMEASURED	data/machine2_cycle20_slide_K1_zeta_T49.7738324_e0.3_T600.json
213671587247	1	0	-	-	UNRESOLVED-BY-KNOB (carried only by artefacts that declare no dps)	-	UNMEASURED	data/machine2_cycle20_mainW2.json
213688373315	1	1	30	-	POINT	-	UNMEASURED	data/machine2_cycle21_identity_referee.out
213689160942	1	1	30	-	POINT	-	UNMEASURED	data/machine2_cycle21_identity_referee.out
213696297769	1	0	-	-	UNRESOLVED-BY-KNOB (carried only by artefacts that declare no dps)	-	UNMEASURED	data/machine2_cycle23_selfconsistent.json
213841720065	1	0	-	-	UNRESOLVED-BY-KNOB (carried only by artefacts that declare no dps)	-	UNMEASURED	data/machine2_cycle20_zerosum.json
2138479348	1	0	-	-	UNRESOLVED-BY-KNOB (carried only by artefacts that declare no dps)	-	UNMEASURED	data/machine2_cycle20_slide_K3_epstein_D7_T4.65_e0.15_T250.json
213917202234	1	0	-	-	UNRESOLVED-BY-KNOB (carried only by artefacts that declare no dps)	-	UNMEASURED	data/machine2_cycle25_design_scan_k2_4.json
214163570106	1	0	-	-	UNRESOLVED-BY-KNOB (carried only by artefacts that declare no dps)	-	UNMEASURED	data/machine2_cycle20_slide_K3_epstein_D7_T4.65_e0.15_T250.json
214273994979	1	1	40	-	POINT	-	UNMEASURED	data/machine2_cycle28_cover_all.json
214565046396	1	0	-	-	UNRESOLVED-BY-KNOB (carried only by artefacts that declare no dps)	-	UNMEASURED	data/machine2_cycle23_shifts.json
214703746870	1	0	-	-	UNRESOLVED-BY-KNOB (carried only by artefacts that declare no dps)	-	UNMEASURED	data/machine2_cycle20_slide_K3_epstein_D7_T3.875_e0.15_T250.json
215283009031	5	0	-	-	UNRESOLVED-BY-KNOB (carried only by artefacts that declare no dps)	-	UNMEASURED	data/m2_c37_published_constants_census.tsv
215350056557	1	0	-	-	UNRESOLVED-BY-KNOB (carried only by artefacts that declare no dps)	-	UNMEASURED	data/machine2_cycle16_low_results.json
215387464496	1	0	-	-	UNRESOLVED-BY-KNOB (carried only by artefacts that declare no dps)	-	UNMEASURED	data/machine2_cycle16_ext_results.json
215737692167	1	0	-	-	UNRESOLVED-BY-KNOB (carried only by artefacts that declare no dps)	-	UNMEASURED	data/machine2_cycle25_design_scan_k0_4.json
215750389633	1	0	-	-	UNRESOLVED-BY-KNOB (carried only by artefacts that declare no dps)	-	UNMEASURED	data/machine2_cycle20_slide_K3_epstein_D7_T3.875_e0.15_T250.json
21590141038	1	0	-	-	UNRESOLVED-BY-KNOB (carried only by artefacts that declare no dps)	-	UNMEASURED	machine2-cycle16-void-wedge-census-and-seven-off-line-zeros.md
215901410382	2	0	-	-	UNRESOLVED-BY-KNOB (carried only by artefacts that declare no dps)	-	UNMEASURED	data/machine2_cycle16_zeros_verified.json
215955161294	1	0	-	-	UNRESOLVED-BY-KNOB (carried only by artefacts that declare no dps)	-	UNMEASURED	data/machine2_cycle29_s3_scored.json
216039352018	1	0	-	-	UNRESOLVED-BY-KNOB (carried only by artefacts that declare no dps)	-	UNMEASURED	data/machine2_cycle25_design_scan_k0_4.json
216043038116	1	0	-	-	UNRESOLVED-BY-KNOB (carried only by artefacts that declare no dps)	-	UNMEASURED	data/machine2_cycle25_design_scan_k0_4.json
2164257036	1	0	-	-	UNRESOLVED-BY-KNOB (carried only by artefacts that declare no dps)	-	UNMEASURED	data/machine2_cycle20_slide_K1_zeta_T49.7738324_e0.3_T600.json
216445619524	1	0	-	-	UNRESOLVED-BY-KNOB (carried only by artefacts that declare no dps)	-	UNMEASURED	data/machine2_cycle25_design_scan_k2_4.json
216524955754	1	0	-	-	UNRESOLVED-BY-KNOB (carried only by artefacts that declare no dps)	-	UNMEASURED	data/machine2_cycle25_design_scan_k2_4.json
216846225892	3	0	-	-	UNRESOLVED-BY-KNOB (carried only by artefacts that declare no dps)	-	UNMEASURED	data/m2_c37_published_constants_census.tsv
2168660357	1	0	-	-	UNRESOLVED-BY-KNOB (carried only by artefacts that declare no dps)	-	UNMEASURED	data/machine2_cycle26_bandlaw.json
216900712398	1	0	-	-	UNRESOLVED-BY-KNOB (carried only by artefacts that declare no dps)	-	UNMEASURED	data/machine2_cycle25_design_scan_k0_4.json
216990402103	1	1	40	-	POINT	-	UNMEASURED	data/machine2_transfer_checks.out
216990402213	1	1	40	-	POINT	-	UNMEASURED	data/machine2_transfer_checks.out
217253730732	1	0	-	-	UNRESOLVED-BY-KNOB (carried only by artefacts that declare no dps)	-	UNMEASURED	data/machine2_cycle25_design_scan_k0_6.json
217457881836	1	0	-	-	UNRESOLVED-BY-KNOB (carried only by artefacts that declare no dps)	-	UNMEASURED	data/machine2_cycle29_s3_scored.json
217484297888	1	0	-	-	UNRESOLVED-BY-KNOB (carried only by artefacts that declare no dps)	-	UNMEASURED	data/machine2_cycle25_design_scan_k2_4.json
217581657134	3	0	-	-	UNRESOLVED-BY-KNOB (carried only by artefacts that declare no dps)	-	UNMEASURED	data/m2_c37_published_constants_census.tsv
217581657135	2	0	-	-	UNRESOLVED-BY-KNOB (carried only by artefacts that declare no dps)	-	UNMEASURED	data/machine2_cycle25_prereg.out
217602570913	1	1	50	-	POINT	-	UNMEASURED	data/machine2_dn_dps50_n30.json
217624231264	1	0	-	-	UNRESOLVED-BY-KNOB (carried only by artefacts that declare no dps)	-	UNMEASURED	data/machine2_cycle23_shifts.json
21770157865	1	0	-	-	UNRESOLVED-BY-KNOB (carried only by artefacts that declare no dps)	-	UNMEASURED	data/machine2_cycle23_selfconsistent.json
2181258483	1	0	-	-	UNRESOLVED-BY-KNOB (carried only by artefacts that declare no dps)	-	UNMEASURED	data/machine2_cycle26_bandlaw.json
218916829554	1	0	-	-	UNRESOLVED-BY-KNOB (carried only by artefacts that declare no dps)	-	UNMEASURED	data/machine2_cycle23_selfconsistent.json
218964760153	1	0	-	-	UNRESOLVED-BY-KNOB (carried only by artefacts that declare no dps)	-	UNMEASURED	data/machine2_cycle29_s3_scored.json
21896515686	1	0	-	-	UNRESOLVED-BY-KNOB (carried only by artefacts that declare no dps)	-	UNMEASURED	data/machine2_cycle20_slide_K1_zeta_T49.7738324_e0.3_T600.json
219065037987	1	0	-	-	UNRESOLVED-BY-KNOB (carried only by artefacts that declare no dps)	-	UNMEASURED	data/machine2_cycle20_mainW2.json
219370506761	3	1	45	-	POINT	-	UNMEASURED	data/c28resp/m2_census_m8_fromscratch.py
219716486985	2	0	-	-	UNRESOLVED-BY-KNOB (carried only by artefacts that declare no dps)	-	UNMEASURED	data/machine2_cycle19_nb_results.json
219864754115	1	0	-	-	UNRESOLVED-BY-KNOB (carried only by artefacts that declare no dps)	-	UNMEASURED	data/machine2_cycle29_s3_scored.json
2199129231	1	0	-	-	UNRESOLVED-BY-KNOB (carried only by artefacts that declare no dps)	-	UNMEASURED	data/machine2_cycle20_mainW2.json
220067745077	1	0	-	-	UNRESOLVED-BY-KNOB (carried only by artefacts that declare no dps)	-	UNMEASURED	data/machine2_cycle24_widthlaw.json
220081893712	1	0	-	-	UNRESOLVED-BY-KNOB (carried only by artefacts that declare no dps)	-	UNMEASURED	data/machine2_cycle20_slide_K1_zeta_T0_e0.3_T600.json
220104416328	1	0	-	-	UNRESOLVED-BY-KNOB (carried only by artefacts that declare no dps)	-	UNMEASURED	data/machine2_cycle23_selfconsistent.json
220153544075	1	0	-	-	UNRESOLVED-BY-KNOB (carried only by artefacts that declare no dps)	-	UNMEASURED	data/machine2_cycle29_s3_scored.json
220454593239	1	0	-	-	UNRESOLVED-BY-KNOB (carried only by artefacts that declare no dps)	-	UNMEASURED	data/machine2_cycle16_gate1.json
2204799214	1	0	-	-	UNRESOLVED-BY-KNOB (carried only by artefacts that declare no dps)	-	UNMEASURED	data/machine2_cycle25_scored.out
220479921410	3	2	40	-	POINT	-	UNMEASURED	data/machine2_cycle25_scored.json
220695933568	2	2	40	-	POINT	-	UNMEASURED	data/machine2_cycle27_anchorblind_c1.json
220827159163	1	0	-	-	UNRESOLVED-BY-KNOB (carried only by artefacts that declare no dps)	-	UNMEASURED	data/machine2_cycle16_ext_results.json
220871852879	2	0	-	-	UNRESOLVED-BY-KNOB (carried only by artefacts that declare no dps)	-	UNMEASURED	data/machine2_cycle16_ext_results.json
221002403564	1	0	-	-	UNRESOLVED-BY-KNOB (carried only by artefacts that declare no dps)	-	UNMEASURED	data/machine2_cycle25_design_scan_k0_4.json
221242863275	1	0	-	-	UNRESOLVED-BY-KNOB (carried only by artefacts that declare no dps)	-	UNMEASURED	data/machine2_cycle19_nb_results.json
22150581876	1	0	-	-	UNRESOLVED-BY-KNOB (carried only by artefacts that declare no dps)	-	UNMEASURED	data/machine2_cycle29_s3_scored.json
221566494847	1	0	-	-	UNRESOLVED-BY-KNOB (carried only by artefacts that declare no dps)	-	UNMEASURED	data/machine2_cycle25_design_scan_k0_4.json
22178584841	1	0	-	-	UNRESOLVED-BY-KNOB (carried only by artefacts that declare no dps)	-	UNMEASURED	data/machine2_cycle29_s3_scored.json
221812867476	1	0	-	-	UNRESOLVED-BY-KNOB (carried only by artefacts that declare no dps)	-	UNMEASURED	data/machine2_cycle25_design_scan_k0_4.json
222094160512	1	1	90	25	POINT	-	UNMEASURED	data/machine2_c35_signgroup.json
2221441542	1	0	-	-	UNRESOLVED-BY-KNOB (carried only by artefacts that declare no dps)	-	UNMEASURED	data/machine2_cycle20_gates.json
222223040981	1	1	90	25	POINT	-	UNMEASURED	data/machine2_c35_signgroup.json
222393528911	1	0	-	-	UNRESOLVED-BY-KNOB (carried only by artefacts that declare no dps)	-	UNMEASURED	data/machine2_cycle20_zerosum.json
222518874602	1	0	-	-	UNRESOLVED-BY-KNOB (carried only by artefacts that declare no dps)	-	UNMEASURED	data/machine2_cycle23_selfconsistent.json
222597158223	1	0	-	-	UNRESOLVED-BY-KNOB (carried only by artefacts that declare no dps)	-	UNMEASURED	data/machine2_cycle25_design_scan_k2_4.json
222797262803	1	0	-	-	UNRESOLVED-BY-KNOB (carried only by artefacts that declare no dps)	-	UNMEASURED	data/machine2_cycle20_slide_K1_zeta_T49.7738324_e0.3_T600.json
223007353408	1	0	-	-	UNRESOLVED-BY-KNOB (carried only by artefacts that declare no dps)	-	UNMEASURED	data/machine2_cycle25_design_scan_k0_6.json
223081972899	1	0	-	-	UNRESOLVED-BY-KNOB (carried only by artefacts that declare no dps)	-	UNMEASURED	data/machine2_cycle20_slide_K1_zeta_T0_e0.3_T600.json
223110957325	1	0	-	-	UNRESOLVED-BY-KNOB (carried only by artefacts that declare no dps)	-	UNMEASURED	data/machine2_cycle20_slide_K1_zeta_T0_e0.3_T600.json
223134575957	1	0	-	-	UNRESOLVED-BY-KNOB (carried only by artefacts that declare no dps)	-	UNMEASURED	data/machine2_cycle20_mainW2.json
22344475817	4	0	-	-	UNRESOLVED-BY-KNOB (carried only by artefacts that declare no dps)	-	UNMEASURED	data/m2_c37_published_constants_census.tsv
2234447582	1	0	-	-	UNRESOLVED-BY-KNOB (carried only by artefacts that declare no dps)	-	UNMEASURED	data/machine2_cycle25_prereg.json
223488960978	6	1	40	-	POINT	-	UNMEASURED	data/code/m2_c27_s3_prereg.py
2235882192	1	0	-	-	UNRESOLVED-BY-KNOB (carried only by artefacts that declare no dps)	-	UNMEASURED	data/machine2_cycle20_mainW2.json
223622029087	1	0	-	-	UNRESOLVED-BY-KNOB (carried only by artefacts that declare no dps)	-	UNMEASURED	data/machine2_cycle19_nb_results.json
223865770905	1	0	-	-	UNRESOLVED-BY-KNOB (carried only by artefacts that declare no dps)	-	UNMEASURED	data/machine2_cycle15_fold_results.json
223888972533	2	2	40	-	POINT	-	UNMEASURED	data/machine2_cycle27_firesflip_c1.json
223914688357	4	3	90,125,150	25,30	RANGE	-	UNMEASURED	data/m2_c38_runs.json
2239681612	1	0	-	-	UNRESOLVED-BY-KNOB (carried only by artefacts that declare no dps)	-	UNMEASURED	data/machine2_cycle25_design_scan_k2_4.json
224220883795	1	0	-	-	UNRESOLVED-BY-KNOB (carried only by artefacts that declare no dps)	-	UNMEASURED	data/machine2_cycle20_zerosum.json
2243994825	1	0	-	-	UNRESOLVED-BY-KNOB (carried only by artefacts that declare no dps)	-	UNMEASURED	data/machine2_cycle20_gates.json
2246020084	2	0	-	-	UNRESOLVED-BY-KNOB (carried only by artefacts that declare no dps)	-	UNMEASURED	data/machine2_cycle15_fold_results3.json
224602008423	1	0	-	-	UNRESOLVED-BY-KNOB (carried only by artefacts that declare no dps)	-	UNMEASURED	data/machine2_cycle15_fold_results5.json
224761260362	2	2	40	-	POINT	-	UNMEASURED	data/machine2_cycle27_firesflip_c1.json
224941651561	1	0	-	-	UNRESOLVED-BY-KNOB (carried only by artefacts that declare no dps)	-	UNMEASURED	data/machine2_cycle23_selfconsistent.json
225261661359	1	0	-	-	UNRESOLVED-BY-KNOB (carried only by artefacts that declare no dps)	-	UNMEASURED	data/machine2_cycle25_design_scan_k0_6.json
225392064020	1	0	-	-	UNRESOLVED-BY-KNOB (carried only by artefacts that declare no dps)	-	UNMEASURED	data/machine2_cycle20_slide_K1_zeta_T49.7738324_e0.3_T600.json
22541107411	1	0	-	-	UNRESOLVED-BY-KNOB (carried only by artefacts that declare no dps)	-	UNMEASURED	machine2-cycle15-l105-epstein-fold-answer.md
225411074112	3	0	-	-	UNRESOLVED-BY-KNOB (carried only by artefacts that declare no dps)	-	UNMEASURED	data/machine2_cycle15_fold_results8.json
225548545915	1	0	-	-	UNRESOLVED-BY-KNOB (carried only by artefacts that declare no dps)	-	UNMEASURED	data/machine2_cycle25_design_scan_k2_4.json
2256632216	1	1	20,30	-	RANGE	-	UNMEASURED	data/machine2_cycle17_census.json
225694053265	2	0	-	-	UNRESOLVED-BY-KNOB (carried only by artefacts that declare no dps)	-	UNMEASURED	machine2-rediscovery-rate-2026-09-03.md
225778461717	1	0	-	-	UNRESOLVED-BY-KNOB (carried only by artefacts that declare no dps)	-	UNMEASURED	data/machine2_cycle16_e1_recheck.json
225801968740	1	1	40	-	POINT	-	UNMEASURED	data/machine2_cycle28_cover_all.json
226277026225	1	0	-	-	UNRESOLVED-BY-KNOB (carried only by artefacts that declare no dps)	-	UNMEASURED	data/machine2_cycle25_design_scan_k0_4.json
227329956881	1	0	-	-	UNRESOLVED-BY-KNOB (carried only by artefacts that declare no dps)	-	UNMEASURED	data/machine2_cycle20_slide_K1_zeta_T0_e0.3_T600.json
2273618037	1	0	-	-	UNRESOLVED-BY-KNOB (carried only by artefacts that declare no dps)	-	UNMEASURED	data/machine2_cycle25_scored.json
227577983053	1	0	-	-	UNRESOLVED-BY-KNOB (carried only by artefacts that declare no dps)	-	UNMEASURED	data/machine2_cycle19_nb_results.json
227725888304	1	0	-	-	UNRESOLVED-BY-KNOB (carried only by artefacts that declare no dps)	-	UNMEASURED	data/machine2_cycle19_nb_results.json
2279162905	1	0	-	-	UNRESOLVED-BY-KNOB (carried only by artefacts that declare no dps)	-	UNMEASURED	data/machine2_cycle27_s3_prereg.out
227946873948	1	0	-	-	UNRESOLVED-BY-KNOB (carried only by artefacts that declare no dps)	-	UNMEASURED	data/machine2_cycle20_mainW2.json
2280110531	1	0	-	-	UNRESOLVED-BY-KNOB (carried only by artefacts that declare no dps)	-	UNMEASURED	data/machine2_cycle24_groundtruth.out
228011053137	1	0	-	-	UNRESOLVED-BY-KNOB (carried only by artefacts that declare no dps)	-	UNMEASURED	data/machine2_cycle24_gt_basis2.json
228506939349	1	0	-	-	UNRESOLVED-BY-KNOB (carried only by artefacts that declare no dps)	-	UNMEASURED	data/machine2_cycle16_e1_recheck.json
228633426007	1	0	-	-	UNRESOLVED-BY-KNOB (carried only by artefacts that declare no dps)	-	UNMEASURED	data/machine2_cycle24_widthlaw.json
228852108150	1	0	-	-	UNRESOLVED-BY-KNOB (carried only by artefacts that declare no dps)	-	UNMEASURED	data/machine2_cycle20_slide_K3_epstein_D7_T4.65_e0.15_T250.json
228928477770	1	0	-	-	UNRESOLVED-BY-KNOB (carried only by artefacts that declare no dps)	-	UNMEASURED	data/machine2_cycle27_s3_prereg.json
228928477771	1	0	-	-	UNRESOLVED-BY-KNOB (carried only by artefacts that declare no dps)	-	UNMEASURED	data/machine2_cycle27_s3_prereg.json
229286104479	1	0	-	-	UNRESOLVED-BY-KNOB (carried only by artefacts that declare no dps)	-	UNMEASURED	data/machine2_cycle23_selfconsistent.json
229380627765	1	0	-	-	UNRESOLVED-BY-KNOB (carried only by artefacts that declare no dps)	-	UNMEASURED	data/machine2_cycle19_nb_results.json
229409946683	1	0	-	-	UNRESOLVED-BY-KNOB (carried only by artefacts that declare no dps)	-	UNMEASURED	data/machine2_cycle20_zerosum.json
229729985089	1	0	-	-	UNRESOLVED-BY-KNOB (carried only by artefacts that declare no dps)	-	UNMEASURED	data/machine2_cycle20_slide_K1_zeta_T45.666_e0.3_T600.json
229955502705	1	0	-	-	UNRESOLVED-BY-KNOB (carried only by artefacts that declare no dps)	-	UNMEASURED	data/machine2_cycle24_widthlaw.json
229958370016	1	0	-	-	UNRESOLVED-BY-KNOB (carried only by artefacts that declare no dps)	-	UNMEASURED	data/machine2_cycle24_breakdown.json
229972634951	1	0	-	-	UNRESOLVED-BY-KNOB (carried only by artefacts that declare no dps)	-	UNMEASURED	data/machine2_cycle16_ext_results.json
230164486094	5	1	40	-	POINT	-	UNMEASURED	data/code/m2_c27_s3_prereg.py
230186600267	1	0	-	-	UNRESOLVED-BY-KNOB (carried only by artefacts that declare no dps)	-	UNMEASURED	data/machine2_cycle16_low_results.json
230258509299	4	1	20	-	POINT	-	UNMEASURED	data/code/machine2_cycle16_eval2.py
230398947374	1	0	-	-	UNRESOLVED-BY-KNOB (carried only by artefacts that declare no dps)	-	UNMEASURED	data/machine2_cycle16_zeros_verified.json
230553343464	1	0	-	-	UNRESOLVED-BY-KNOB (carried only by artefacts that declare no dps)	-	UNMEASURED	data/machine2_cycle20_instrumentB_zetaInGap.json
230570100426	1	0	-	-	UNRESOLVED-BY-KNOB (carried only by artefacts that declare no dps)	-	UNMEASURED	data/machine2_cycle29_s3_scored.json
230631696047	1	0	-	-	UNRESOLVED-BY-KNOB (carried only by artefacts that declare no dps)	-	UNMEASURED	data/machine2_cycle20_slide_K1_zeta_T45.666_e0.3_T600.json
230683591632	1	0	-	-	UNRESOLVED-BY-KNOB (carried only by artefacts that declare no dps)	-	UNMEASURED	data/machine2_cycle20_instrumentB_zetaInGap.json
230852454443	3	0	-	-	UNRESOLVED-BY-KNOB (carried only by artefacts that declare no dps)	-	UNMEASURED	data/m2_c37_published_constants_census.tsv
230852454444	2	0	-	-	UNRESOLVED-BY-KNOB (carried only by artefacts that declare no dps)	-	UNMEASURED	data/machine2_cycle25_prereg.out
230972157459	1	0	-	-	UNRESOLVED-BY-KNOB (carried only by artefacts that declare no dps)	-	UNMEASURED	data/machine2_cycle24_widthlaw.json
231108161866	1	0	-	-	UNRESOLVED-BY-KNOB (carried only by artefacts that declare no dps)	-	UNMEASURED	data/machine2_cycle24_widthlaw.json
231419535293	1	0	-	-	UNRESOLVED-BY-KNOB (carried only by artefacts that declare no dps)	-	UNMEASURED	data/machine2_cycle20_slide_K1_zeta_T0_e0.3_T600.json
231512362021	1	0	-	-	UNRESOLVED-BY-KNOB (carried only by artefacts that declare no dps)	-	UNMEASURED	data/machine2_cycle16_ext_results.json
231792256460	1	0	-	-	UNRESOLVED-BY-KNOB (carried only by artefacts that declare no dps)	-	UNMEASURED	data/machine2_cycle16_ext_results.json
232139868298	2	0	-	-	UNRESOLVED-BY-KNOB (carried only by artefacts that declare no dps)	-	UNMEASURED	data/m2_c37_published_constants_census.tsv
232735859129	1	0	-	-	UNRESOLVED-BY-KNOB (carried only by artefacts that declare no dps)	-	UNMEASURED	data/machine2_cycle25_design_scan_k2_4.json
232971098583	2	0	-	-	UNRESOLVED-BY-KNOB (carried only by artefacts that declare no dps)	-	UNMEASURED	data/machine2_cycle19_nb_results.json
23301303644	1	0	-	-	UNRESOLVED-BY-KNOB (carried only by artefacts that declare no dps)	-	UNMEASURED	data/machine2_cycle26_branch.json
233441768363	3	0	-	-	UNRESOLVED-BY-KNOB (carried only by artefacts that declare no dps)	-	UNMEASURED	data/m2_c37_published_constants_census.tsv
2334417684	1	0	-	-	UNRESOLVED-BY-KNOB (carried only by artefacts that declare no dps)	-	UNMEASURED	machine2-cycle23-REVEAL-and-letter-the-family-fires-my-prereg-falls-m1s-prediction-holds.md
233894301686	2	0	-	-	UNRESOLVED-BY-KNOB (carried only by artefacts that declare no dps)	-	UNMEASURED	data/machine2_cycle24_breakdown.json
234043145475	1	0	-	-	UNRESOLVED-BY-KNOB (carried only by artefacts that declare no dps)	-	UNMEASURED	data/machine2_cycle25_design_scan_k2_4.json
234078021398	1	0	-	-	UNRESOLVED-BY-KNOB (carried only by artefacts that declare no dps)	-	UNMEASURED	data/machine2_cycle23_selfconsistent.json
234213124188	1	0	-	-	UNRESOLVED-BY-KNOB (carried only by artefacts that declare no dps)	-	UNMEASURED	data/machine2_cycle23_selfconsistent.json
234293448033	1	0	-	-	UNRESOLVED-BY-KNOB (carried only by artefacts that declare no dps)	-	UNMEASURED	data/machine2_cycle16_ext_results.json
234430066245	2	1	45	-	POINT	-	UNMEASURED	data/machine2_cycle21_birth_locus.out
234811747119	1	0	-	-	UNRESOLVED-BY-KNOB (carried only by artefacts that declare no dps)	-	UNMEASURED	data/machine2_cycle26_branch.json
2348842115	1	0	-	-	UNRESOLVED-BY-KNOB (carried only by artefacts that declare no dps)	-	UNMEASURED	data/machine2_cycle26_bandlaw.json
235018716768	1	0	-	-	UNRESOLVED-BY-KNOB (carried only by artefacts that declare no dps)	-	UNMEASURED	data/machine2_cycle19_nb_results.json
23521265933	1	0	-	-	UNRESOLVED-BY-KNOB (carried only by artefacts that declare no dps)	-	UNMEASURED	data/machine2_cycle23_selfconsistent.json
235801500334	1	0	-	-	UNRESOLVED-BY-KNOB (carried only by artefacts that declare no dps)	-	UNMEASURED	data/machine2_cycle20_zerosum.json
2360590915	1	0	-	-	UNRESOLVED-BY-KNOB (carried only by artefacts that declare no dps)	-	UNMEASURED	data/machine2_cycle29_s3_scored.json
23620621927	1	0	-	-	UNRESOLVED-BY-KNOB (carried only by artefacts that declare no dps)	-	UNMEASURED	data/machine2_cycle25_design_scan_k2_4.json
236527131953	1	0	-	-	UNRESOLVED-BY-KNOB (carried only by artefacts that declare no dps)	-	UNMEASURED	data/machine2_cycle23_selfconsistent.json
236579031007	2	0	-	-	UNRESOLVED-BY-KNOB (carried only by artefacts that declare no dps)	-	UNMEASURED	data/m2_c37_published_constants_census.tsv
236593059937	1	0	-	-	UNRESOLVED-BY-KNOB (carried only by artefacts that declare no dps)	-	UNMEASURED	data/machine2_floor_kernel_check.out
236627035028	21	16	45,50,60,80,120,300	-	RANGE	-	UNMEASURED	data/c28resp/m2_c28r_btrunc.py
236874074806	1	0	-	-	UNRESOLVED-BY-KNOB (carried only by artefacts that declare no dps)	-	UNMEASURED	data/machine2_cycle23_shifts.json
236920755732	1	0	-	-	UNRESOLVED-BY-KNOB (carried only by artefacts that declare no dps)	-	UNMEASURED	data/machine2_cycle20_mainW2.json
236941639700	2	0	-	-	UNRESOLVED-BY-KNOB (carried only by artefacts that declare no dps)	-	UNMEASURED	data/machine2_cycle19_nb_results.json
23728498825	1	0	-	-	UNRESOLVED-BY-KNOB (carried only by artefacts that declare no dps)	-	UNMEASURED	data/machine2_cycle25_design_scan_k2_4.json
237387521759	1	0	-	-	UNRESOLVED-BY-KNOB (carried only by artefacts that declare no dps)	-	UNMEASURED	data/machine2_cycle20_mainW2.json
237413906024	1	0	-	-	UNRESOLVED-BY-KNOB (carried only by artefacts that declare no dps)	-	UNMEASURED	data/machine2_cycle16_ext_results.json
237414021726	1	0	-	-	UNRESOLVED-BY-KNOB (carried only by artefacts that declare no dps)	-	UNMEASURED	data/machine2_cycle19_nb_results.json
237748344048	1	0	-	-	UNRESOLVED-BY-KNOB (carried only by artefacts that declare no dps)	-	UNMEASURED	data/machine2_cycle25_prereg.json
237864692213	1	0	-	-	UNRESOLVED-BY-KNOB (carried only by artefacts that declare no dps)	-	UNMEASURED	data/machine2_cycle23_shifts.json
237954916665	1	0	-	-	UNRESOLVED-BY-KNOB (carried only by artefacts that declare no dps)	-	UNMEASURED	data/machine2_cycle20_slide_K3_epstein_D7_T3.875_e0.15_T250.json
237957231714	1	0	-	-	UNRESOLVED-BY-KNOB (carried only by artefacts that declare no dps)	-	UNMEASURED	data/machine2_cycle23_selfconsistent.json
238036870645	1	0	-	-	UNRESOLVED-BY-KNOB (carried only by artefacts that declare no dps)	-	UNMEASURED	data/machine2_floor_kernel_check.out
2380451138	1	0	-	-	UNRESOLVED-BY-KNOB (carried only by artefacts that declare no dps)	-	UNMEASURED	data/machine2_cycle27_s3_prereg.out
238522594985	1	1	40	-	POINT	-	UNMEASURED	data/machine2_cycle28_cover_all.json
238525533188	2	2	50,60	-	RANGE	-	UNMEASURED	data/machine2_dn_dps50_n30.json
238576855432	1	0	-	-	UNRESOLVED-BY-KNOB (carried only by artefacts that declare no dps)	-	UNMEASURED	data/machine2_cycle20_slide_K3_epstein_D7_T4.65_e0.15_T250.json
23892388783	2	1	40	-	POINT	-	UNMEASURED	data/code/m2_c23_scored.py
238923891579	1	0	-	-	UNRESOLVED-BY-KNOB (carried only by artefacts that declare no dps)	-	UNMEASURED	data/machine2_cycle23_ptable.json
238934124190	1	1	40	-	POINT	-	UNMEASURED	data/machine2_cycle28_cover_all.json
239226917144	1	0	-	-	UNRESOLVED-BY-KNOB (carried only by artefacts that declare no dps)	-	UNMEASURED	data/machine2_cycle23_selfconsistent.json
239368270116	1	0	-	-	UNRESOLVED-BY-KNOB (carried only by artefacts that declare no dps)	-	UNMEASURED	data/machine2_cycle23_selfconsistent.json
239547500054	1	0	-	-	UNRESOLVED-BY-KNOB (carried only by artefacts that declare no dps)	-	UNMEASURED	data/machine2_cycle20_mainW2.json
239583324839	1	0	-	-	UNRESOLVED-BY-KNOB (carried only by artefacts that declare no dps)	-	UNMEASURED	data/machine2_cycle25_design_scan_k0_4.json
239585471460	1	0	-	-	UNRESOLVED-BY-KNOB (carried only by artefacts that declare no dps)	-	UNMEASURED	data/machine2_cycle19_nb_results.json
239585471461	1	0	-	-	UNRESOLVED-BY-KNOB (carried only by artefacts that declare no dps)	-	UNMEASURED	data/machine2_cycle20_mainW2.json
239663887191	1	0	-	-	UNRESOLVED-BY-KNOB (carried only by artefacts that declare no dps)	-	UNMEASURED	data/machine2_cycle15_fold_results.json
239674699041	1	0	-	-	UNRESOLVED-BY-KNOB (carried only by artefacts that declare no dps)	-	UNMEASURED	data/machine2_cycle23_selfconsistent.json
239923495261	1	0	-	-	UNRESOLVED-BY-KNOB (carried only by artefacts that declare no dps)	-	UNMEASURED	data/machine2_cycle23_sweep_c.json
240059918594	1	0	-	-	UNRESOLVED-BY-KNOB (carried only by artefacts that declare no dps)	-	UNMEASURED	data/machine2_cycle20_mainW2.json
240199347091	1	0	-	-	UNRESOLVED-BY-KNOB (carried only by artefacts that declare no dps)	-	UNMEASURED	data/machine2_cycle24_widthlaw.json
2404663531	1	0	-	-	UNRESOLVED-BY-KNOB (carried only by artefacts that declare no dps)	-	UNMEASURED	data/machine2_cycle20_mainW2.json
240723721795	1	0	-	-	UNRESOLVED-BY-KNOB (carried only by artefacts that declare no dps)	-	UNMEASURED	data/machine2_cycle19_nb_results.json
240745338905	1	0	-	-	UNRESOLVED-BY-KNOB (carried only by artefacts that declare no dps)	-	UNMEASURED	data/machine2_cycle16_ext_results.json
240848876504	1	0	-	-	UNRESOLVED-BY-KNOB (carried only by artefacts that declare no dps)	-	UNMEASURED	data/machine2_cycle16_scan_results.json
240871695978	2	0	-	-	UNRESOLVED-BY-KNOB (carried only by artefacts that declare no dps)	-	UNMEASURED	data/machine2_cycle19_nb_results.json
240897647238	1	0	-	-	UNRESOLVED-BY-KNOB (carried only by artefacts that declare no dps)	-	UNMEASURED	data/machine2_cycle20_slide_K3_epstein_D7_T4.65_e0.15_T250.json
240950788187	2	2	50,60	-	RANGE	-	UNMEASURED	data/machine2_dn_dps50_n30.json
241077049854	2	1	45	-	POINT	-	UNMEASURED	data/machine2_cycle21_birth_locus.out
241324681281	10	4	60,80	-	RANGE	-	UNMEASURED	data/code/machine2_c31_calibrate.py
241723469342	1	0	-	-	UNRESOLVED-BY-KNOB (carried only by artefacts that declare no dps)	-	UNMEASURED	data/machine2_cycle25_scored.json
241764779761	1	0	-	-	UNRESOLVED-BY-KNOB (carried only by artefacts that declare no dps)	-	UNMEASURED	data/machine2_cycle25_scored.json
241807873747	1	0	-	-	UNRESOLVED-BY-KNOB (carried only by artefacts that declare no dps)	-	UNMEASURED	data/machine2_cycle25_scored.json
241834102883	1	0	-	-	UNRESOLVED-BY-KNOB (carried only by artefacts that declare no dps)	-	UNMEASURED	data/machine2_cycle25_scored.json
24184873998	1	0	-	-	UNRESOLVED-BY-KNOB (carried only by artefacts that declare no dps)	-	UNMEASURED	data/machine2_cycle25_scored.json
241852923882	1	0	-	-	UNRESOLVED-BY-KNOB (carried only by artefacts that declare no dps)	-	UNMEASURED	data/machine2_cycle19_nb_results.json
241854678902	1	0	-	-	UNRESOLVED-BY-KNOB (carried only by artefacts that declare no dps)	-	UNMEASURED	data/machine2_cycle16_low_results.json
241874871269	1	0	-	-	UNRESOLVED-BY-KNOB (carried only by artefacts that declare no dps)	-	UNMEASURED	data/machine2_cycle25_scored.json
241895838398	1	0	-	-	UNRESOLVED-BY-KNOB (carried only by artefacts that declare no dps)	-	UNMEASURED	data/machine2_cycle25_scored.json
241936416980	2	0	-	-	UNRESOLVED-BY-KNOB (carried only by artefacts that declare no dps)	-	UNMEASURED	data/machine2_cycle25_prereg.json
242033852178	2	0	-	-	UNRESOLVED-BY-KNOB (carried only by artefacts that declare no dps)	-	UNMEASURED	data/machine2_cycle19_nb_results.json
242252083333	1	0	-	-	UNRESOLVED-BY-KNOB (carried only by artefacts that declare no dps)	-	UNMEASURED	data/machine2_cycle19_nb_results.json
242445253065	2	2	50,60	-	RANGE	-	UNMEASURED	data/machine2_dn_dps50_n30.json
242630441938	1	0	-	-	UNRESOLVED-BY-KNOB (carried only by artefacts that declare no dps)	-	UNMEASURED	data/machine2_cycle19_nb_results.json
242662509297	1	0	-	-	UNRESOLVED-BY-KNOB (carried only by artefacts that declare no dps)	-	UNMEASURED	data/machine2_cycle20_mainW2.json
242768847831	1	0	-	-	UNRESOLVED-BY-KNOB (carried only by artefacts that declare no dps)	-	UNMEASURED	data/machine2_cycle16_scan_results.json
242795200955	1	0	-	-	UNRESOLVED-BY-KNOB (carried only by artefacts that declare no dps)	-	UNMEASURED	data/machine2_c32_bias.out
242977183697	1	0	-	-	UNRESOLVED-BY-KNOB (carried only by artefacts that declare no dps)	-	UNMEASURED	data/machine2_cycle25_design_scan_k2_4.json
2434213735	1	0	-	-	UNRESOLVED-BY-KNOB (carried only by artefacts that declare no dps)	-	UNMEASURED	data/machine2_cycle27_s3_prereg.out
243421373531	1	0	-	-	UNRESOLVED-BY-KNOB (carried only by artefacts that declare no dps)	-	UNMEASURED	data/machine2_cycle27_s3_prereg.json
2434402706	5	0	-	-	UNRESOLVED-BY-KNOB (carried only by artefacts that declare no dps)	-	UNMEASURED	data/code/m2_c29_s3_grade.py
243501400571	1	0	-	-	UNRESOLVED-BY-KNOB (carried only by artefacts that declare no dps)	-	UNMEASURED	data/machine2_cycle25_design_scan_k0_6.json
243675501823	1	1	90,125,150	25,30	RANGE	-	UNMEASURED	data/m2_c38_runs.json
2437638771	2	0	-	-	UNRESOLVED-BY-KNOB (carried only by artefacts that declare no dps)	-	UNMEASURED	machine2-CORRECTED-kappa-tables-2026-09-02-RELAY-BY-astra-pa.md
2437777929	3	0	-	-	UNRESOLVED-BY-KNOB (carried only by artefacts that declare no dps)	-	UNMEASURED	data/m2_c37_published_constants_census.tsv
243793152667	1	0	-	-	UNRESOLVED-BY-KNOB (carried only by artefacts that declare no dps)	-	UNMEASURED	data/machine2_cycle16_ext_results.json
24381044413	3	0	-	-	UNRESOLVED-BY-KNOB (carried only by artefacts that declare no dps)	-	UNMEASURED	data/m2_c37_published_constants_census.tsv
243810444134	1	0	-	-	UNRESOLVED-BY-KNOB (carried only by artefacts that declare no dps)	-	UNMEASURED	data/m2_c38_testimony_classified.tsv
243883678852	2	2	50,60	-	RANGE	-	UNMEASURED	data/machine2_dn_dps50_n30.json
24402991465	1	0	-	-	UNRESOLVED-BY-KNOB (carried only by artefacts that declare no dps)	-	UNMEASURED	data/machine2_cycle25_design_scan_k0_6.json
244638176026	1	0	-	-	UNRESOLVED-BY-KNOB (carried only by artefacts that declare no dps)	-	UNMEASURED	data/machine2_cycle20_slide_K1_zeta_T45.666_e0.3_T600.json
244666738249	1	0	-	-	UNRESOLVED-BY-KNOB (carried only by artefacts that declare no dps)	-	UNMEASURED	data/machine2_cycle20_slide_K1_zeta_T49.7738324_e0.3_T600.json
244827647605	1	0	-	-	UNRESOLVED-BY-KNOB (carried only by artefacts that declare no dps)	-	UNMEASURED	data/machine2_cycle25_scored.json
244865042966	1	0	-	-	UNRESOLVED-BY-KNOB (carried only by artefacts that declare no dps)	-	UNMEASURED	data/machine2_cycle25_scored.json
244865922274	1	0	-	-	UNRESOLVED-BY-KNOB (carried only by artefacts that declare no dps)	-	UNMEASURED	data/machine2_cycle25_scored.json
244903365343	2	0	-	-	UNRESOLVED-BY-KNOB (carried only by artefacts that declare no dps)	-	UNMEASURED	data/machine2_cycle25_prereg.json
244916545415	1	0	-	-	UNRESOLVED-BY-KNOB (carried only by artefacts that declare no dps)	-	UNMEASURED	data/machine2_cycle20_instrumentB_zetaInGap.json
245085461494	1	0	-	-	UNRESOLVED-BY-KNOB (carried only by artefacts that declare no dps)	-	UNMEASURED	data/machine2_cycle20_slide_K1_zeta_T0_e0.3_T600.json
2451113533	1	0	-	-	UNRESOLVED-BY-KNOB (carried only by artefacts that declare no dps)	-	UNMEASURED	data/machine2_cycle29_s3_scored.json
245121541254	1	0	-	-	UNRESOLVED-BY-KNOB (carried only by artefacts that declare no dps)	-	UNMEASURED	data/machine2_cycle20_slide_K1_zeta_T0_e0.3_T600.json
245167756696	1	0	-	-	UNRESOLVED-BY-KNOB (carried only by artefacts that declare no dps)	-	UNMEASURED	data/machine2_cycle16_scan_results.json
245214752912	1	1	90,110,125	25,30	RANGE	-	UNMEASURED	data/machine2_c34_refit.json
245271286924	1	0	-	-	UNRESOLVED-BY-KNOB (carried only by artefacts that declare no dps)	-	UNMEASURED	data/machine2_cycle20_instrumentB_zetaInGap.json
245325355329	1	0	-	-	UNRESOLVED-BY-KNOB (carried only by artefacts that declare no dps)	-	UNMEASURED	data/machine2_cycle20_slide_K1_zeta_T45.666_e0.3_T600.json
245500447881	2	0	-	-	UNRESOLVED-BY-KNOB (carried only by artefacts that declare no dps)	-	UNMEASURED	data/machine2_cycle19_nb_results.json
245568151569	2	0	-	-	UNRESOLVED-BY-KNOB (carried only by artefacts that declare no dps)	-	UNMEASURED	data/machine2_cycle20_mainW2.json
245573350632	1	0	-	-	UNRESOLVED-BY-KNOB (carried only by artefacts that declare no dps)	-	UNMEASURED	data/machine2_cycle20_instrumentB_K10W2.json
245603670079	1	0	-	-	UNRESOLVED-BY-KNOB (carried only by artefacts that declare no dps)	-	UNMEASURED	data/machine2_cycle23_selfconsistent.json
245679898427	1	0	-	-	UNRESOLVED-BY-KNOB (carried only by artefacts that declare no dps)	-	UNMEASURED	data/machine2_cycle20_instrumentB_K10W2.json
246253592807	1	0	-	-	UNRESOLVED-BY-KNOB (carried only by artefacts that declare no dps)	-	UNMEASURED	data/machine2_cycle24_breakdown.json
246611528968	1	0	-	-	UNRESOLVED-BY-KNOB (carried only by artefacts that declare no dps)	-	UNMEASURED	data/machine2_cycle20_mainW2.json
246634316554	1	0	-	-	UNRESOLVED-BY-KNOB (carried only by artefacts that declare no dps)	-	UNMEASURED	data/machine2_cycle24_breakdown.json
2467708651	1	0	-	-	UNRESOLVED-BY-KNOB (carried only by artefacts that declare no dps)	-	UNMEASURED	machine2-cycle16-void-wedge-census-and-seven-off-line-zeros.md
246770865109	2	0	-	-	UNRESOLVED-BY-KNOB (carried only by artefacts that declare no dps)	-	UNMEASURED	data/machine2_cycle16_zeros_verified.json
246937160073	1	0	-	-	UNRESOLVED-BY-KNOB (carried only by artefacts that declare no dps)	-	UNMEASURED	data/machine2_cycle16_ext_results.json
247084342078	2	1	50	-	POINT	-	UNMEASURED	data/machine2_cycle15_fold_results4.json
247229905555	1	0	-	-	UNRESOLVED-BY-KNOB (carried only by artefacts that declare no dps)	-	UNMEASURED	data/machine2_cycle20_mainW2.json
247249364725	1	0	-	-	UNRESOLVED-BY-KNOB (carried only by artefacts that declare no dps)	-	UNMEASURED	data/machine2_cycle24_widthlaw.json
247288454010	1	0	-	-	UNRESOLVED-BY-KNOB (carried only by artefacts that declare no dps)	-	UNMEASURED	data/machine2_cycle20_mainW2.json
247346113650	1	0	-	-	UNRESOLVED-BY-KNOB (carried only by artefacts that declare no dps)	-	UNMEASURED	data/machine2_cycle20_mainW2.json
247487962124	1	0	-	-	UNRESOLVED-BY-KNOB (carried only by artefacts that declare no dps)	-	UNMEASURED	data/machine2_cycle24_widthlaw.json
247619047619	1	0	-	-	UNRESOLVED-BY-KNOB (carried only by artefacts that declare no dps)	-	UNMEASURED	data/machine2_c33_role_power.out
247867488137	2	0	-	-	UNRESOLVED-BY-KNOB (carried only by artefacts that declare no dps)	-	UNMEASURED	data/machine2_cycle24_breakdown.json
248028400447	1	0	-	-	UNRESOLVED-BY-KNOB (carried only by artefacts that declare no dps)	-	UNMEASURED	data/machine2_cycle20_mainW2.json
248102485326	1	1	90	25	POINT	-	UNMEASURED	data/machine2_c35_signgroup.json
2481207775	1	0	-	-	UNRESOLVED-BY-KNOB (carried only by artefacts that declare no dps)	-	UNMEASURED	data/machine2_cycle27_s3_prereg.out
248355336378	1	0	-	-	UNRESOLVED-BY-KNOB (carried only by artefacts that declare no dps)	-	UNMEASURED	data/machine2_cycle23_selfconsistent.json
248486498050	1	0	-	-	UNRESOLVED-BY-KNOB (carried only by artefacts that declare no dps)	-	UNMEASURED	data/machine2_cycle19_nb_results.json
248486714833	1	0	-	-	UNRESOLVED-BY-KNOB (carried only by artefacts that declare no dps)	-	UNMEASURED	data/machine2_cycle19_nb_results.json
248493110102	1	0	-	-	UNRESOLVED-BY-KNOB (carried only by artefacts that declare no dps)	-	UNMEASURED	data/machine2_cycle19_nb_results.json
248514589932	1	0	-	-	UNRESOLVED-BY-KNOB (carried only by artefacts that declare no dps)	-	UNMEASURED	data/machine2_cycle19_nb_results.json
248581363791	1	0	-	-	UNRESOLVED-BY-KNOB (carried only by artefacts that declare no dps)	-	UNMEASURED	data/machine2_cycle19_nb_results.json
248728503287	1	0	-	-	UNRESOLVED-BY-KNOB (carried only by artefacts that declare no dps)	-	UNMEASURED	data/machine2_cycle24_widthlaw.json
248827525872	1	0	-	-	UNRESOLVED-BY-KNOB (carried only by artefacts that declare no dps)	-	UNMEASURED	data/machine2_cycle19_nb_results.json
2488408425	1	0	-	-	UNRESOLVED-BY-KNOB (carried only by artefacts that declare no dps)	-	UNMEASURED	data/machine2_cycle20_mainW2.json
2488754876	4	0	-	-	UNRESOLVED-BY-KNOB (carried only by artefacts that declare no dps)	-	UNMEASURED	data/m2_c37_published_constants_census.tsv
249176512383	1	0	-	-	UNRESOLVED-BY-KNOB (carried only by artefacts that declare no dps)	-	UNMEASURED	data/machine2_cycle25_design_scan_k0_4.json
249305649388	1	0	-	-	UNRESOLVED-BY-KNOB (carried only by artefacts that declare no dps)	-	UNMEASURED	data/machine2_cycle23_selfconsistent.json
249313767436	1	0	-	-	UNRESOLVED-BY-KNOB (carried only by artefacts that declare no dps)	-	UNMEASURED	data/machine2_cycle20_slide_K1_zeta_T49.7738324_e0.3_T600.json
2494385867	1	1	60	-	POINT	-	UNMEASURED	data/m2_c30_scored.json
249503879775	1	0	-	-	UNRESOLVED-BY-KNOB (carried only by artefacts that declare no dps)	-	UNMEASURED	data/machine2_cycle25_design_scan_k0_4.json
249585193753	1	0	-	-	UNRESOLVED-BY-KNOB (carried only by artefacts that declare no dps)	-	UNMEASURED	data/machine2_cycle16_ext_results.json
249682422147	1	0	-	-	UNRESOLVED-BY-KNOB (carried only by artefacts that declare no dps)	-	UNMEASURED	data/machine2_cycle20_slide_K1_zeta_T0_e0.3_T600.json
249721035835	2	1	90	25	POINT	-	UNMEASURED	data/m2_c37_published_constants_census.tsv
249796542302	1	0	-	-	UNRESOLVED-BY-KNOB (carried only by artefacts that declare no dps)	-	UNMEASURED	data/machine2_cycle23_selfconsistent.json
249834292983	1	0	-	-	UNRESOLVED-BY-KNOB (carried only by artefacts that declare no dps)	-	UNMEASURED	data/machine2_cycle19_nb_results.json
249933098116	1	0	-	-	UNRESOLVED-BY-KNOB (carried only by artefacts that declare no dps)	-	UNMEASURED	data/machine2_cycle20_slide_K1_zeta_T0_e0.3_T600.json
2501085758	2	0	-	-	UNRESOLVED-BY-KNOB (carried only by artefacts that declare no dps)	-	UNMEASURED	data/machine2_cycle27_s3_prereg.out
250108575801	14	1	40	-	POINT	-	UNMEASURED	data/code/m2_c25_prereg.py
250196994653	1	0	-	-	UNRESOLVED-BY-KNOB (carried only by artefacts that declare no dps)	-	UNMEASURED	data/machine2_cycle16_zeros_verified.json
250196994654	1	0	-	-	UNRESOLVED-BY-KNOB (carried only by artefacts that declare no dps)	-	UNMEASURED	data/machine2_cycle16_zeros_verified.out
250490181075	1	0	-	-	UNRESOLVED-BY-KNOB (carried only by artefacts that declare no dps)	-	UNMEASURED	data/machine2_c31_fitness_constants.json
250607007084	1	0	-	-	UNRESOLVED-BY-KNOB (carried only by artefacts that declare no dps)	-	UNMEASURED	data/machine2_cycle20_slide_K1_zeta_T0_e0.3_T600.json
2507391232	1	0	-	-	UNRESOLVED-BY-KNOB (carried only by artefacts that declare no dps)	-	UNMEASURED	data/machine2_cycle15_fold_results5.json
250795860400	1	0	-	-	UNRESOLVED-BY-KNOB (carried only by artefacts that declare no dps)	-	UNMEASURED	data/machine2_cycle19_nb_results.json
2509044331	1	0	-	-	UNRESOLVED-BY-KNOB (carried only by artefacts that declare no dps)	-	UNMEASURED	data/machine2_cycle20_mainW2.json
250990924422	1	0	-	-	UNRESOLVED-BY-KNOB (carried only by artefacts that declare no dps)	-	UNMEASURED	data/machine2_cycle25_design_scan_k0_6.json
251084069382	2	2	90,110,125	25,30	RANGE	-	UNMEASURED	data/machine2_c34_refit.json
251084069383	1	0	-	-	UNRESOLVED-BY-KNOB (carried only by artefacts that declare no dps)	-	UNMEASURED	machine2-c34-the-Dstar-literal-is-removed-and-the-floor-is-not-a-number.md
251334517539	1	0	-	-	UNRESOLVED-BY-KNOB (carried only by artefacts that declare no dps)	-	UNMEASURED	data/machine2_c31_fitness_constants.json
251383108602	1	0	-	-	UNRESOLVED-BY-KNOB (carried only by artefacts that declare no dps)	-	UNMEASURED	data/machine2_cycle23_selfconsistent.json
251673039399	1	0	-	-	UNRESOLVED-BY-KNOB (carried only by artefacts that declare no dps)	-	UNMEASURED	data/machine2_cycle25_design_scan_k0_4.json
251749136722	1	0	-	-	UNRESOLVED-BY-KNOB (carried only by artefacts that declare no dps)	-	UNMEASURED	data/machine2_cycle25_scored.json
251760017023	1	0	-	-	UNRESOLVED-BY-KNOB (carried only by artefacts that declare no dps)	-	UNMEASURED	data/machine2_cycle25_design_scan_k0_6.json
251837123134	1	0	-	-	UNRESOLVED-BY-KNOB (carried only by artefacts that declare no dps)	-	UNMEASURED	data/machine2_cycle25_design_scan_k0_6.json
251927528069	1	0	-	-	UNRESOLVED-BY-KNOB (carried only by artefacts that declare no dps)	-	UNMEASURED	data/machine2_cycle23_scored.json
251997372867	1	0	-	-	UNRESOLVED-BY-KNOB (carried only by artefacts that declare no dps)	-	UNMEASURED	data/machine2_cycle23_selfconsistent.json
2520096603	1	0	-	-	UNRESOLVED-BY-KNOB (carried only by artefacts that declare no dps)	-	UNMEASURED	data/machine2_cycle20_slide_K1_zeta_T49.7738324_e0.3_T600.json
252085683722	1	0	-	-	UNRESOLVED-BY-KNOB (carried only by artefacts that declare no dps)	-	UNMEASURED	data/machine2_cycle20_zerosum.json
252166892435	1	0	-	-	UNRESOLVED-BY-KNOB (carried only by artefacts that declare no dps)	-	UNMEASURED	data/machine2_cycle23_selfconsistent.json
2524545338	1	0	-	-	UNRESOLVED-BY-KNOB (carried only by artefacts that declare no dps)	-	UNMEASURED	machine2-c34-the-Dstar-literal-is-removed-and-the-floor-is-not-a-number.md
252523637396	1	0	-	-	UNRESOLVED-BY-KNOB (carried only by artefacts that declare no dps)	-	UNMEASURED	data/machine2_cycle25_design_scan_k0_6.json
252925177961	1	1	90	25	POINT	-	UNMEASURED	data/machine2_c35_signgroup.json
253001668559	1	0	-	-	UNRESOLVED-BY-KNOB (carried only by artefacts that declare no dps)	-	UNMEASURED	data/machine2_cycle16_ext_results.json
253191819893	1	0	-	-	UNRESOLVED-BY-KNOB (carried only by artefacts that declare no dps)	-	UNMEASURED	data/machine2_cycle25_design_scan_k0_6.json
253445986125	1	0	-	-	UNRESOLVED-BY-KNOB (carried only by artefacts that declare no dps)	-	UNMEASURED	data/machine2_cycle16_ext_results.json
253493978396	1	0	-	-	UNRESOLVED-BY-KNOB (carried only by artefacts that declare no dps)	-	UNMEASURED	data/machine2_cycle20_mainW2.json
253601621437	2	1	45	-	POINT	-	UNMEASURED	data/machine2_cycle21_birth_locus.out
253850559075	1	0	-	-	UNRESOLVED-BY-KNOB (carried only by artefacts that declare no dps)	-	UNMEASURED	data/machine2_cycle19_nb_results.json
253850559076	1	0	-	-	UNRESOLVED-BY-KNOB (carried only by artefacts that declare no dps)	-	UNMEASURED	data/machine2_cycle20_mainW2.json
254002630811	1	0	-	-	UNRESOLVED-BY-KNOB (carried only by artefacts that declare no dps)	-	UNMEASURED	data/machine2_cycle16_scan_results.json
254097617738	1	0	-	-	UNRESOLVED-BY-KNOB (carried only by artefacts that declare no dps)	-	UNMEASURED	data/machine2_cycle25_design_scan_k0_4.json
254191637170	1	0	-	-	UNRESOLVED-BY-KNOB (carried only by artefacts that declare no dps)	-	UNMEASURED	data/machine2_cycle20_mainW2.json
254335750958	1	0	-	-	UNRESOLVED-BY-KNOB (carried only by artefacts that declare no dps)	-	UNMEASURED	data/machine2_cycle20_slide_K3_epstein_D7_T3.875_e0.15_T250.json
254347524175	1	0	-	-	UNRESOLVED-BY-KNOB (carried only by artefacts that declare no dps)	-	UNMEASURED	data/machine2_cycle19_nb_results.json
2544469124	1	0	-	-	UNRESOLVED-BY-KNOB (carried only by artefacts that declare no dps)	-	UNMEASURED	data/machine2_cycle20_mainW2.json
254672230436	2	2	90,125,150	25,30	RANGE	-	UNMEASURED	data/m2_c38_runs.json
254851759764	1	0	-	-	UNRESOLVED-BY-KNOB (carried only by artefacts that declare no dps)	-	UNMEASURED	data/machine2_cycle25_design_scan_k0_6.json
254888013895	1	0	-	-	UNRESOLVED-BY-KNOB (carried only by artefacts that declare no dps)	-	UNMEASURED	data/machine2_cycle26_bandlaw.json
2551425514	1	0	-	-	UNRESOLVED-BY-KNOB (carried only by artefacts that declare no dps)	-	UNMEASURED	data/machine2_cycle20_mainW2.json
255158268363	1	0	-	-	UNRESOLVED-BY-KNOB (carried only by artefacts that declare no dps)	-	UNMEASURED	data/machine2_cycle25_design_scan_k0_6.json
255215288068	1	0	-	-	UNRESOLVED-BY-KNOB (carried only by artefacts that declare no dps)	-	UNMEASURED	data/machine2_cycle19_nb_results.json
2559037821	1	0	-	-	UNRESOLVED-BY-KNOB (carried only by artefacts that declare no dps)	-	UNMEASURED	data/machine2_cycle26_bandlaw.json
255959809467	2	1	90	25	POINT	-	UNMEASURED	data/m2_c37_published_constants_census.tsv
256170097455	2	0	-	-	UNRESOLVED-BY-KNOB (carried only by artefacts that declare no dps)	-	UNMEASURED	data/m2_c37_published_constants_census.tsv
25617009746	3	0	-	-	UNRESOLVED-BY-KNOB (carried only by artefacts that declare no dps)	-	UNMEASURED	data/m2_c37_published_constants_census.tsv
256434796685	1	0	-	-	UNRESOLVED-BY-KNOB (carried only by artefacts that declare no dps)	-	UNMEASURED	data/machine2_cycle25_scored.json
2564949357	1	0	-	-	UNRESOLVED-BY-KNOB (carried only by artefacts that declare no dps)	-	UNMEASURED	data/machine2_c32_connes_table.out
256810619359	1	1	50	-	POINT	-	UNMEASURED	data/machine2_dn_dps50_n30.json
2568106194	1	1	60	-	POINT	-	UNMEASURED	data/machine2_dn_n70_dps60.txt
256876098983	5	0	-	-	UNRESOLVED-BY-KNOB (carried only by artefacts that declare no dps)	-	UNMEASURED	data/m2_c37_published_constants_census.tsv
257073412295	1	0	-	-	UNRESOLVED-BY-KNOB (carried only by artefacts that declare no dps)	-	UNMEASURED	data/machine2_cycle16_ext_results.json
257204665539	2	0	-	-	UNRESOLVED-BY-KNOB (carried only by artefacts that declare no dps)	-	UNMEASURED	data/machine2_c33_oos_graded.out
2581474958	1	1	50	-	POINT	-	UNMEASURED	data/machine2_dn_dps50_n30.json
258183517643	1	0	-	-	UNRESOLVED-BY-KNOB (carried only by artefacts that declare no dps)	-	UNMEASURED	data/machine2_cycle25_design_scan_k0_6.json
258322451726	1	0	-	-	UNRESOLVED-BY-KNOB (carried only by artefacts that declare no dps)	-	UNMEASURED	data/machine2_cycle20_slide_K3_epstein_D7_T4.65_e0.15_T250.json
258340834679	1	0	-	-	UNRESOLVED-BY-KNOB (carried only by artefacts that declare no dps)	-	UNMEASURED	data/machine2_cycle25_design_scan_k0_6.json
258615053133	1	0	-	-	UNRESOLVED-BY-KNOB (carried only by artefacts that declare no dps)	-	UNMEASURED	data/machine2_cycle23_selfconsistent.json
258685477732	1	0	-	-	UNRESOLVED-BY-KNOB (carried only by artefacts that declare no dps)	-	UNMEASURED	data/machine2_cycle20_mainW2.json
258787882059	1	0	-	-	UNRESOLVED-BY-KNOB (carried only by artefacts that declare no dps)	-	UNMEASURED	data/machine2_cycle22_scored_witness.json
258961768430	1	1	90	25	POINT	-	UNMEASURED	data/machine2_c35_signgroup.json
259475131289	1	0	-	-	UNRESOLVED-BY-KNOB (carried only by artefacts that declare no dps)	-	UNMEASURED	data/machine2_cycle16_scan_results.json
259559636362	1	0	-	-	UNRESOLVED-BY-KNOB (carried only by artefacts that declare no dps)	-	UNMEASURED	data/machine2_cycle16_scan_results.json
259816513745	1	0	-	-	UNRESOLVED-BY-KNOB (carried only by artefacts that declare no dps)	-	UNMEASURED	data/machine2_cycle25_design_scan_k2_4.json
260070556617	1	0	-	-	UNRESOLVED-BY-KNOB (carried only by artefacts that declare no dps)	-	UNMEASURED	data/machine2_cycle25_design_scan_k0_6.json
2602767014	1	0	-	-	UNRESOLVED-BY-KNOB (carried only by artefacts that declare no dps)	-	UNMEASURED	data/machine2_cycle23_design_scan.json
260336112809	1	0	-	-	UNRESOLVED-BY-KNOB (carried only by artefacts that declare no dps)	-	UNMEASURED	data/machine2_cycle15_fold_results.json
260337545426	1	0	-	-	UNRESOLVED-BY-KNOB (carried only by artefacts that declare no dps)	-	UNMEASURED	data/machine2_cycle25_design_scan_k0_4.json
260436402961	1	0	-	-	UNRESOLVED-BY-KNOB (carried only by artefacts that declare no dps)	-	UNMEASURED	data/machine2_cycle29_s3_scored.json
260611342492	1	0	-	-	UNRESOLVED-BY-KNOB (carried only by artefacts that declare no dps)	-	UNMEASURED	data/machine2_cycle16_ext_results.json
260768894178	1	0	-	-	UNRESOLVED-BY-KNOB (carried only by artefacts that declare no dps)	-	UNMEASURED	data/machine2_cycle16_ext_results.json
260811449622	1	0	-	-	UNRESOLVED-BY-KNOB (carried only by artefacts that declare no dps)	-	UNMEASURED	data/machine2_cycle19_nb_results.json
261209307396	1	0	-	-	UNRESOLVED-BY-KNOB (carried only by artefacts that declare no dps)	-	UNMEASURED	data/machine2_cycle25_design_scan_k0_6.json
261245773489	1	0	-	-	UNRESOLVED-BY-KNOB (carried only by artefacts that declare no dps)	-	UNMEASURED	data/machine2_cycle20_zerosum.json
261549530042	1	0	-	-	UNRESOLVED-BY-KNOB (carried only by artefacts that declare no dps)	-	UNMEASURED	data/machine2_cycle25_design_scan_k2_4.json
261681937551	1	0	-	-	UNRESOLVED-BY-KNOB (carried only by artefacts that declare no dps)	-	UNMEASURED	data/machine2_cycle15_fold_results5.json
261774003949	1	0	-	-	UNRESOLVED-BY-KNOB (carried only by artefacts that declare no dps)	-	UNMEASURED	data/machine2_cycle25_design_scan_k0_4.json
261797095706	1	0	-	-	UNRESOLVED-BY-KNOB (carried only by artefacts that declare no dps)	-	UNMEASURED	data/machine2_cycle25_design_scan_k2_4.json
262031101017	1	0	-	-	UNRESOLVED-BY-KNOB (carried only by artefacts that declare no dps)	-	UNMEASURED	data/machine2_cycle25_design_scan_k2_4.json
262060546799	1	0	-	-	UNRESOLVED-BY-KNOB (carried only by artefacts that declare no dps)	-	UNMEASURED	data/machine2_cycle25_design_scan_k0_6.json
262076271696	1	0	-	-	UNRESOLVED-BY-KNOB (carried only by artefacts that declare no dps)	-	UNMEASURED	data/machine2_cycle25_design_scan_k2_4.json
262136002935	1	1	40	-	POINT	-	UNMEASURED	data/machine2_cycle28_cover_all.json
262386699927	1	0	-	-	UNRESOLVED-BY-KNOB (carried only by artefacts that declare no dps)	-	UNMEASURED	data/machine2_cycle23_selfconsistent.json
262667699775	1	1	40	-	POINT	-	UNMEASURED	data/machine2_transfer_checks.out
262667704767	1	1	40	-	POINT	-	UNMEASURED	data/machine2_transfer_checks.out
263050993362	1	1	90	25	POINT	-	UNMEASURED	data/machine2_c35_signgroup.json
263088195054	2	0	-	-	UNRESOLVED-BY-KNOB (carried only by artefacts that declare no dps)	-	UNMEASURED	data/m2_c37_published_constants_census.tsv
263119653172	1	0	-	-	UNRESOLVED-BY-KNOB (carried only by artefacts that declare no dps)	-	UNMEASURED	data/machine2_cycle25_design_scan_k2_4.json
263182381619	3	0	-	-	UNRESOLVED-BY-KNOB (carried only by artefacts that declare no dps)	-	UNMEASURED	data/machine2_cycle25_bands.json
2633637682	1	1	30	-	POINT	-	UNMEASURED	data/machine2_cycle21_identity_referee.out
263381956348	1	0	-	-	UNRESOLVED-BY-KNOB (carried only by artefacts that declare no dps)	-	UNMEASURED	data/machine2_cycle23_selfconsistent.json
263561537412	1	0	-	-	UNRESOLVED-BY-KNOB (carried only by artefacts that declare no dps)	-	UNMEASURED	data/machine2_cycle20_mainW2.json
263633606658	1	0	-	-	UNRESOLVED-BY-KNOB (carried only by artefacts that declare no dps)	-	UNMEASURED	data/machine2_cycle16_ext_results.json
263643622165	5	0	-	-	UNRESOLVED-BY-KNOB (carried only by artefacts that declare no dps)	-	UNMEASURED	data/m2_c37_published_constants_census.tsv
263707644640	1	0	-	-	UNRESOLVED-BY-KNOB (carried only by artefacts that declare no dps)	-	UNMEASURED	data/machine2_cycle19_nb_results.json
264036523736	1	0	-	-	UNRESOLVED-BY-KNOB (carried only by artefacts that declare no dps)	-	UNMEASURED	data/machine2_cycle25_design_scan_k0_6.json
264058817855	1	0	-	-	UNRESOLVED-BY-KNOB (carried only by artefacts that declare no dps)	-	UNMEASURED	data/machine2_c31_fitness_constants.json
26407427571	1	0	-	-	UNRESOLVED-BY-KNOB (carried only by artefacts that declare no dps)	-	UNMEASURED	data/machine2_cycle20_mainW2.json
264250160675	1	0	-	-	UNRESOLVED-BY-KNOB (carried only by artefacts that declare no dps)	-	UNMEASURED	data/machine2_cycle25_design_scan_k0_6.json
264263148409	1	0	-	-	UNRESOLVED-BY-KNOB (carried only by artefacts that declare no dps)	-	UNMEASURED	data/machine2_cycle15_fold_results.json
2644543471	1	0	-	-	UNRESOLVED-BY-KNOB (carried only by artefacts that declare no dps)	-	UNMEASURED	data/machine2_cycle15_stage3.out
264454347122	3	1	90	25	POINT	-	UNMEASURED	data/m2_c37_published_constants_census.tsv
264477528351	2	0	-	-	UNRESOLVED-BY-KNOB (carried only by artefacts that declare no dps)	-	UNMEASURED	data/machine2_cycle15_fold_results3.json
264529754875	2	0	-	-	UNRESOLVED-BY-KNOB (carried only by artefacts that declare no dps)	-	UNMEASURED	data/machine2_cycle15_fold_results3.json
264544678845	2	0	-	-	UNRESOLVED-BY-KNOB (carried only by artefacts that declare no dps)	-	UNMEASURED	data/machine2_cycle15_fold_results3.json
264549902455	2	0	-	-	UNRESOLVED-BY-KNOB (carried only by artefacts that declare no dps)	-	UNMEASURED	data/machine2_cycle15_fold_results3.json
264551033277	1	0	-	-	UNRESOLVED-BY-KNOB (carried only by artefacts that declare no dps)	-	UNMEASURED	data/machine2_c32_a_noheader.out
264551394937	2	0	-	-	UNRESOLVED-BY-KNOB (carried only by artefacts that declare no dps)	-	UNMEASURED	data/machine2_cycle15_fold_results3.json
264551851529	1	0	-	-	UNRESOLVED-BY-KNOB (carried only by artefacts that declare no dps)	-	UNMEASURED	data/machine2_c32_a_noheader.out
264551917307	2	0	-	-	UNRESOLVED-BY-KNOB (carried only by artefacts that declare no dps)	-	UNMEASURED	data/machine2_cycle15_fold_results3.json
264552066556	2	0	-	-	UNRESOLVED-BY-KNOB (carried only by artefacts that declare no dps)	-	UNMEASURED	data/machine2_cycle15_fold_results3.json
264552114397	3	0	-	-	UNRESOLVED-BY-KNOB (carried only by artefacts that declare no dps)	-	UNMEASURED	data/m2_c37_published_constants_census.tsv
26455214061	1	0	-	-	UNRESOLVED-BY-KNOB (carried only by artefacts that declare no dps)	-	UNMEASURED	machine2-cycle15-l105-epstein-fold-answer.md
264552140614	2	0	-	-	UNRESOLVED-BY-KNOB (carried only by artefacts that declare no dps)	-	UNMEASURED	data/machine2_cycle15_fold_results3.json
264552141167	1	0	-	-	UNRESOLVED-BY-KNOB (carried only by artefacts that declare no dps)	-	UNMEASURED	data/machine2_c32_a_noheader.out
264552141178	2	0	-	-	UNRESOLVED-BY-KNOB (carried only by artefacts that declare no dps)	-	UNMEASURED	data/m2_c37_published_constants_census.tsv
26455214118	1	0	-	-	UNRESOLVED-BY-KNOB (carried only by artefacts that declare no dps)	-	UNMEASURED	machine2-c35-extraction-spec-for-m3.md
264552141181	72	38	15,20,25,30,40,50,60,70,80,85,90,100,110,120,125,150,200,300,400	25,30	RANGE	-	UNMEASURED	data/c28resp/m2_c28r_btrunc.py
264552141182	1	0	-	-	UNRESOLVED-BY-KNOB (carried only by artefacts that declare no dps)	-	UNMEASURED	data/machine2_c32_a_noheader.out
264552141190	1	0	-	-	UNRESOLVED-BY-KNOB (carried only by artefacts that declare no dps)	-	UNMEASURED	data/machine2_c32_a_noheader.out
264552141212	1	0	-	-	UNRESOLVED-BY-KNOB (carried only by artefacts that declare no dps)	-	UNMEASURED	data/machine2_c32_a_noheader.out
264552141261	1	0	-	-	UNRESOLVED-BY-KNOB (carried only by artefacts that declare no dps)	-	UNMEASURED	data/machine2_c32_a_noheader.out
26455214302	1	0	-	-	UNRESOLVED-BY-KNOB (carried only by artefacts that declare no dps)	-	UNMEASURED	machine2-cycle15-l105-epstein-fold-answer.md
264552143021	2	0	-	-	UNRESOLVED-BY-KNOB (carried only by artefacts that declare no dps)	-	UNMEASURED	data/machine2_cycle15_fold_results3.json
264552147631	1	0	-	-	UNRESOLVED-BY-KNOB (carried only by artefacts that declare no dps)	-	UNMEASURED	data/machine2_c32_a_noheader.out
264552169371	1	0	-	-	UNRESOLVED-BY-KNOB (carried only by artefacts that declare no dps)	-	UNMEASURED	data/machine2_c32_a_noheader.out
264552215805	2	0	-	-	UNRESOLVED-BY-KNOB (carried only by artefacts that declare no dps)	-	UNMEASURED	data/machine2_cycle15_fold_results3.json
264552365054	2	0	-	-	UNRESOLVED-BY-KNOB (carried only by artefacts that declare no dps)	-	UNMEASURED	data/machine2_cycle15_fold_results3.json
264552887427	2	0	-	-	UNRESOLVED-BY-KNOB (carried only by artefacts that declare no dps)	-	UNMEASURED	data/machine2_cycle15_fold_results3.json
264554379927	2	0	-	-	UNRESOLVED-BY-KNOB (carried only by artefacts that declare no dps)	-	UNMEASURED	data/machine2_cycle15_fold_results3.json
264559603751	2	0	-	-	UNRESOLVED-BY-KNOB (carried only by artefacts that declare no dps)	-	UNMEASURED	data/machine2_cycle15_fold_results3.json
264567191896	1	0	-	-	UNRESOLVED-BY-KNOB (carried only by artefacts that declare no dps)	-	UNMEASURED	data/machine2_c32_a_noheader.out
264574529592	2	0	-	-	UNRESOLVED-BY-KNOB (carried only by artefacts that declare no dps)	-	UNMEASURED	data/machine2_cycle15_fold_results3.json
264599648245	1	0	-	-	UNRESOLVED-BY-KNOB (carried only by artefacts that declare no dps)	-	UNMEASURED	data/machine2_c32_a_noheader.out
264616353895	1	0	-	-	UNRESOLVED-BY-KNOB (carried only by artefacts that declare no dps)	-	UNMEASURED	data/machine2_cycle20_mainW2.json
264626777412	2	0	-	-	UNRESOLVED-BY-KNOB (carried only by artefacts that declare no dps)	-	UNMEASURED	data/machine2_cycle15_fold_results3.json
264646276965	1	0	-	-	UNRESOLVED-BY-KNOB (carried only by artefacts that declare no dps)	-	UNMEASURED	data/machine2_cycle20_mainW2.json
264675599437	1	0	-	-	UNRESOLVED-BY-KNOB (carried only by artefacts that declare no dps)	-	UNMEASURED	data/machine2_cycle20_mainW2.json
264692298413	1	0	-	-	UNRESOLVED-BY-KNOB (carried only by artefacts that declare no dps)	-	UNMEASURED	data/machine2_cycle20_slide_K1_zeta_T0_e0.3_T600.json
264731264554	1	0	-	-	UNRESOLVED-BY-KNOB (carried only by artefacts that declare no dps)	-	UNMEASURED	data/machine2_cycle20_slide_K1_zeta_T0_e0.3_T600.json
265046223455	1	0	-	-	UNRESOLVED-BY-KNOB (carried only by artefacts that declare no dps)	-	UNMEASURED	data/machine2_cycle16_ext_results.json
265258237414	1	0	-	-	UNRESOLVED-BY-KNOB (carried only by artefacts that declare no dps)	-	UNMEASURED	data/machine2_cycle24_breakdown.json
265259219804	1	0	-	-	UNRESOLVED-BY-KNOB (carried only by artefacts that declare no dps)	-	UNMEASURED	data/machine2_cycle20_mainW2.json
265269079652	1	0	-	-	UNRESOLVED-BY-KNOB (carried only by artefacts that declare no dps)	-	UNMEASURED	data/machine2_cycle20_mainW2.json
265403126026	1	0	-	-	UNRESOLVED-BY-KNOB (carried only by artefacts that declare no dps)	-	UNMEASURED	data/machine2_cycle23_shifts.json
265511281994	1	0	-	-	UNRESOLVED-BY-KNOB (carried only by artefacts that declare no dps)	-	UNMEASURED	data/machine2_cycle20_mainW2.json
265554461379	1	1	50	-	POINT	-	UNMEASURED	data/machine2_dn_dps50_n30.json
265753916134	1	0	-	-	UNRESOLVED-BY-KNOB (carried only by artefacts that declare no dps)	-	UNMEASURED	data/machine2_cycle15_fold_results.json
265762565214	1	1	90	25	POINT	-	UNMEASURED	data/machine2_c35_signgroup.json
265919729278	1	0	-	-	UNRESOLVED-BY-KNOB (carried only by artefacts that declare no dps)	-	UNMEASURED	data/machine2_cycle24_widthlaw.json
2659948569	1	0	-	-	UNRESOLVED-BY-KNOB (carried only by artefacts that declare no dps)	-	UNMEASURED	data/machine2_cycle25_scored.json
266376262707	2	2	40	-	POINT	-	UNMEASURED	data/machine2_cycle27_anchorblind_c1.json
266478835298	1	0	-	-	UNRESOLVED-BY-KNOB (carried only by artefacts that declare no dps)	-	UNMEASURED	data/machine2_cycle20_mainW2.json
266584528601	2	0	-	-	UNRESOLVED-BY-KNOB (carried only by artefacts that declare no dps)	-	UNMEASURED	data/machine2_cycle24_breakdown.json
266760336113	1	0	-	-	UNRESOLVED-BY-KNOB (carried only by artefacts that declare no dps)	-	UNMEASURED	data/machine2_cycle15_fold_results.json
266850575181	1	1	90	25	POINT	-	UNMEASURED	data/machine2_c35_signgroup.json
266943782771	1	0	-	-	UNRESOLVED-BY-KNOB (carried only by artefacts that declare no dps)	-	UNMEASURED	data/machine2_cycle25_design_scan_k2_4.json
267221539837	1	0	-	-	UNRESOLVED-BY-KNOB (carried only by artefacts that declare no dps)	-	UNMEASURED	data/machine2_c31_fitness_constants.json
267363988677	6	3	60	-	POINT	-	UNMEASURED	data/m2_c37_published_constants_census.tsv
267701797249	1	0	-	-	UNRESOLVED-BY-KNOB (carried only by artefacts that declare no dps)	-	UNMEASURED	data/machine2_c31_fitness_constants.json
267841098345	1	1	40	-	POINT	-	UNMEASURED	data/machine2_cycle28_cover_all.json
2679571586	1	0	-	-	UNRESOLVED-BY-KNOB (carried only by artefacts that declare no dps)	-	UNMEASURED	data/machine2_cycle20_gates.json
268374309443	1	0	-	-	UNRESOLVED-BY-KNOB (carried only by artefacts that declare no dps)	-	UNMEASURED	data/machine2_cycle20_slide_K1_zeta_T0_e0.3_T600.json
268463283672	2	2	40	-	POINT	-	UNMEASURED	data/machine2_cycle27_anchorblind_c1.json
268624871297	2	0	-	-	UNRESOLVED-BY-KNOB (carried only by artefacts that declare no dps)	-	UNMEASURED	data/machine2_cycle25_grade.json
268693436085	1	0	-	-	UNRESOLVED-BY-KNOB (carried only by artefacts that declare no dps)	-	UNMEASURED	data/machine2_cycle20_slide_K1_zeta_T45.666_e0.3_T600.json
268879714526	1	0	-	-	UNRESOLVED-BY-KNOB (carried only by artefacts that declare no dps)	-	UNMEASURED	data/machine2_cycle15_fold_results7.json
2689658558	1	0	-	-	UNRESOLVED-BY-KNOB (carried only by artefacts that declare no dps)	-	UNMEASURED	data/machine2_cycle23_shifts.json
268972669384	1	0	-	-	UNRESOLVED-BY-KNOB (carried only by artefacts that declare no dps)	-	UNMEASURED	data/machine2_cycle16_gate1.json
268994639775	1	0	-	-	UNRESOLVED-BY-KNOB (carried only by artefacts that declare no dps)	-	UNMEASURED	data/machine2_cycle20_slide_K1_zeta_T49.7738324_e0.3_T600.json
269310040402	1	0	-	-	UNRESOLVED-BY-KNOB (carried only by artefacts that declare no dps)	-	UNMEASURED	data/machine2_cycle16_gate1.json
269458630426	1	0	-	-	UNRESOLVED-BY-KNOB (carried only by artefacts that declare no dps)	-	UNMEASURED	data/machine2_cycle20_slide_K3_epstein_D7_T4.65_e0.15_T250.json
270109869868	2	0	-	-	UNRESOLVED-BY-KNOB (carried only by artefacts that declare no dps)	-	UNMEASURED	data/machine2_cycle19_nb_results.json
2701490904	4	0	-	-	UNRESOLVED-BY-KNOB (carried only by artefacts that declare no dps)	-	UNMEASURED	data/m2_c37_published_constants_census.tsv
270177037663	1	0	-	-	UNRESOLVED-BY-KNOB (carried only by artefacts that declare no dps)	-	UNMEASURED	data/machine2_cycle23_selfconsistent.json
270411145347	2	0	-	-	UNRESOLVED-BY-KNOB (carried only by artefacts that declare no dps)	-	UNMEASURED	data/machine2_cycle23_shifts.json
270701795989	1	0	-	-	UNRESOLVED-BY-KNOB (carried only by artefacts that declare no dps)	-	UNMEASURED	data/machine2_cycle20_slide_K1_zeta_T45.666_e0.3_T600.json
270919595354	1	0	-	-	UNRESOLVED-BY-KNOB (carried only by artefacts that declare no dps)	-	UNMEASURED	data/machine2_cycle25_design_scan_k0_6.json
270959605148	1	0	-	-	UNRESOLVED-BY-KNOB (carried only by artefacts that declare no dps)	-	UNMEASURED	data/machine2_cycle20_zerosum.json
270989120149	1	0	-	-	UNRESOLVED-BY-KNOB (carried only by artefacts that declare no dps)	-	UNMEASURED	data/machine2_cycle19_nb_results.json
271262480149	1	1	40	-	POINT	-	UNMEASURED	data/machine2_cycle28_cover_all.json
271296567506	1	0	-	-	UNRESOLVED-BY-KNOB (carried only by artefacts that declare no dps)	-	UNMEASURED	data/machine2_cycle20_mainW2.json
271420963523	1	0	-	-	UNRESOLVED-BY-KNOB (carried only by artefacts that declare no dps)	-	UNMEASURED	data/machine2_cycle24_widthlaw.json
2715283542	1	0	-	-	UNRESOLVED-BY-KNOB (carried only by artefacts that declare no dps)	-	UNMEASURED	data/machine2_cycle20_mainW2.json
271980637665	2	0	-	-	UNRESOLVED-BY-KNOB (carried only by artefacts that declare no dps)	-	UNMEASURED	data/m2_c37_published_constants_census.tsv
272113983432	1	0	-	-	UNRESOLVED-BY-KNOB (carried only by artefacts that declare no dps)	-	UNMEASURED	data/machine2_cycle23_selfconsistent.json
272431723791	1	1	90	25	POINT	-	UNMEASURED	data/machine2_c35_signgroup.json
272536692809	1	0	-	-	UNRESOLVED-BY-KNOB (carried only by artefacts that declare no dps)	-	UNMEASURED	data/machine2_b_vector_check.txt
272536942809	1	0	-	-	UNRESOLVED-BY-KNOB (carried only by artefacts that declare no dps)	-	UNMEASURED	data/machine2_b_vector_check.txt
272607948419	1	0	-	-	UNRESOLVED-BY-KNOB (carried only by artefacts that declare no dps)	-	UNMEASURED	data/machine2_cycle20_mainW2.json
273050708832	1	0	-	-	UNRESOLVED-BY-KNOB (carried only by artefacts that declare no dps)	-	UNMEASURED	data/machine2_cycle29_s3_scored.json
273111790739	1	0	-	-	UNRESOLVED-BY-KNOB (carried only by artefacts that declare no dps)	-	UNMEASURED	data/machine2_cycle23_selfconsistent.json
273430602117	1	0	-	-	UNRESOLVED-BY-KNOB (carried only by artefacts that declare no dps)	-	UNMEASURED	data/machine2_cycle25_design_scan_k0_6.json
2737108259	5	0	-	-	UNRESOLVED-BY-KNOB (carried only by artefacts that declare no dps)	-	UNMEASURED	data/m2_c37_published_constants_census.tsv
274161845916	1	0	-	-	UNRESOLVED-BY-KNOB (carried only by artefacts that declare no dps)	-	UNMEASURED	data/machine2_cycle15_fold_results5.json
274179031431	1	0	-	-	UNRESOLVED-BY-KNOB (carried only by artefacts that declare no dps)	-	UNMEASURED	data/machine2_cycle25_design_scan_k2_4.json
2742346655	1	0	-	-	UNRESOLVED-BY-KNOB (carried only by artefacts that declare no dps)	-	UNMEASURED	data/machine2_cycle20_slide_K1_zeta_T49.7738324_e0.3_T600.json
274269053931	1	0	-	-	UNRESOLVED-BY-KNOB (carried only by artefacts that declare no dps)	-	UNMEASURED	data/machine2_cycle19_nb_results.json
274405944824	1	1	90,110,125	25,30	RANGE	-	UNMEASURED	data/machine2_c33_fold5.json
274612671268	1	0	-	-	UNRESOLVED-BY-KNOB (carried only by artefacts that declare no dps)	-	UNMEASURED	data/machine2_cycle20_slide_K1_zeta_T49.7738324_e0.3_T600.json
274703198987	2	0	-	-	UNRESOLVED-BY-KNOB (carried only by artefacts that declare no dps)	-	UNMEASURED	data/machine2_cycle19_nb_results.json
274766432879	2	1	45	-	POINT	-	UNMEASURED	data/machine2_cycle21_birth_locus.out
274936742427	1	0	-	-	UNRESOLVED-BY-KNOB (carried only by artefacts that declare no dps)	-	UNMEASURED	data/machine2_cycle19_nb_results.json
275068320216	1	0	-	-	UNRESOLVED-BY-KNOB (carried only by artefacts that declare no dps)	-	UNMEASURED	data/machine2_cycle25_design_scan_k0_4.json
275581163546	1	0	-	-	UNRESOLVED-BY-KNOB (carried only by artefacts that declare no dps)	-	UNMEASURED	data/machine2_cycle29_s3_scored.json
275666604507	1	0	-	-	UNRESOLVED-BY-KNOB (carried only by artefacts that declare no dps)	-	UNMEASURED	data/machine2_cycle15_fold_results7.json
275834686994	1	1	90,110,125	25,30	RANGE	-	UNMEASURED	data/machine2_c34_refit.json
275867685916	1	0	-	-	UNRESOLVED-BY-KNOB (carried only by artefacts that declare no dps)	-	UNMEASURED	data/machine2_cycle20_mainW2.json
275927885956	1	0	-	-	UNRESOLVED-BY-KNOB (carried only by artefacts that declare no dps)	-	UNMEASURED	data/machine2_cycle19_nb_results.json
275938042177	1	0	-	-	UNRESOLVED-BY-KNOB (carried only by artefacts that declare no dps)	-	UNMEASURED	data/machine2_cycle23_scored.json
276012964932	1	0	-	-	UNRESOLVED-BY-KNOB (carried only by artefacts that declare no dps)	-	UNMEASURED	data/machine2_cycle23_design_scan.json
276347391245	1	0	-	-	UNRESOLVED-BY-KNOB (carried only by artefacts that declare no dps)	-	UNMEASURED	data/machine2_cycle20_mainW2.json
276435465598	1	0	-	-	UNRESOLVED-BY-KNOB (carried only by artefacts that declare no dps)	-	UNMEASURED	data/machine2_cycle25_design_scan_k2_4.json
276556078359	1	0	-	-	UNRESOLVED-BY-KNOB (carried only by artefacts that declare no dps)	-	UNMEASURED	data/machine2_cycle26_branch.json
2766835887	1	0	-	-	UNRESOLVED-BY-KNOB (carried only by artefacts that declare no dps)	-	UNMEASURED	data/machine2_cycle25_scored.json
276686412977	1	0	-	-	UNRESOLVED-BY-KNOB (carried only by artefacts that declare no dps)	-	UNMEASURED	data/machine2_cycle23_design_scan.json
2767338952	1	1	30	-	POINT	-	UNMEASURED	data/machine2_cycle21_identity_referee.out
276984485267	1	0	-	-	UNRESOLVED-BY-KNOB (carried only by artefacts that declare no dps)	-	UNMEASURED	data/machine2_cycle23_selfconsistent.json
277065472125	1	0	-	-	UNRESOLVED-BY-KNOB (carried only by artefacts that declare no dps)	-	UNMEASURED	data/machine2_cycle23_shifts.json
277113741061	1	0	-	-	UNRESOLVED-BY-KNOB (carried only by artefacts that declare no dps)	-	UNMEASURED	data/machine2_c31_fitness_constants.json
277124323657	1	0	-	-	UNRESOLVED-BY-KNOB (carried only by artefacts that declare no dps)	-	UNMEASURED	data/machine2_cycle25_scored.json
277178668530	4	0	-	-	UNRESOLVED-BY-KNOB (carried only by artefacts that declare no dps)	-	UNMEASURED	data/m2_c37_published_constants_census.tsv
277371011713	1	0	-	-	UNRESOLVED-BY-KNOB (carried only by artefacts that declare no dps)	-	UNMEASURED	data/machine2_cycle23_selfconsistent.json
277480689603	1	0	-	-	UNRESOLVED-BY-KNOB (carried only by artefacts that declare no dps)	-	UNMEASURED	data/machine2_cycle19_nb_results.json
277728324208	1	0	-	-	UNRESOLVED-BY-KNOB (carried only by artefacts that declare no dps)	-	UNMEASURED	data/machine2_cycle20_zerosum.json
277954532737	1	0	-	-	UNRESOLVED-BY-KNOB (carried only by artefacts that declare no dps)	-	UNMEASURED	data/machine2_cycle20_mainW2.json
278111072992	1	0	-	-	UNRESOLVED-BY-KNOB (carried only by artefacts that declare no dps)	-	UNMEASURED	data/machine2_cycle23_shifts.json
278576965818	1	0	-	-	UNRESOLVED-BY-KNOB (carried only by artefacts that declare no dps)	-	UNMEASURED	data/machine2_c31_fitness_constants.json
278633979006	1	0	-	-	UNRESOLVED-BY-KNOB (carried only by artefacts that declare no dps)	-	UNMEASURED	data/machine2_cycle29_s3_scored.json
278942159912	1	0	-	-	UNRESOLVED-BY-KNOB (carried only by artefacts that declare no dps)	-	UNMEASURED	data/machine2_cycle16_low_results.json
279036240528	1	0	-	-	UNRESOLVED-BY-KNOB (carried only by artefacts that declare no dps)	-	UNMEASURED	data/machine2_cycle19_nb_results.json
279037070629	1	0	-	-	UNRESOLVED-BY-KNOB (carried only by artefacts that declare no dps)	-	UNMEASURED	data/machine2_cycle19_nb_results.json
279043939946	1	0	-	-	UNRESOLVED-BY-KNOB (carried only by artefacts that declare no dps)	-	UNMEASURED	data/machine2_cycle19_nb_results.json
279064658209	1	0	-	-	UNRESOLVED-BY-KNOB (carried only by artefacts that declare no dps)	-	UNMEASURED	data/machine2_cycle19_nb_results.json
279119532774	1	0	-	-	UNRESOLVED-BY-KNOB (carried only by artefacts that declare no dps)	-	UNMEASURED	data/machine2_cycle19_nb_results.json
279191518592	1	0	-	-	UNRESOLVED-BY-KNOB (carried only by artefacts that declare no dps)	-	UNMEASURED	data/machine2_cycle27_s3_prereg.json
2791915186	1	0	-	-	UNRESOLVED-BY-KNOB (carried only by artefacts that declare no dps)	-	UNMEASURED	data/machine2_cycle27_s3_prereg.out
2792990411	1	1	30	-	POINT	-	UNMEASURED	data/machine2_cycle21_identity_referee.out
279300369696	1	0	-	-	UNRESOLVED-BY-KNOB (carried only by artefacts that declare no dps)	-	UNMEASURED	data/machine2_cycle19_nb_results.json
279340978324	1	0	-	-	UNRESOLVED-BY-KNOB (carried only by artefacts that declare no dps)	-	UNMEASURED	data/machine2_cycle20_slide_K1_zeta_T49.7738324_e0.3_T600.json
279352055747	1	0	-	-	UNRESOLVED-BY-KNOB (carried only by artefacts that declare no dps)	-	UNMEASURED	data/machine2_cycle23_selfconsistent.json
279428408087	1	0	-	-	UNRESOLVED-BY-KNOB (carried only by artefacts that declare no dps)	-	UNMEASURED	data/machine2_cycle16_ext_results.json
280016101397	1	0	-	-	UNRESOLVED-BY-KNOB (carried only by artefacts that declare no dps)	-	UNMEASURED	data/machine2_cycle19_nb_results.json
280032046719	1	0	-	-	UNRESOLVED-BY-KNOB (carried only by artefacts that declare no dps)	-	UNMEASURED	data/machine2_cycle25_design_scan_k2_4.json
280109368190	1	0	-	-	UNRESOLVED-BY-KNOB (carried only by artefacts that declare no dps)	-	UNMEASURED	data/machine2_cycle20_slide_K1_zeta_T45.666_e0.3_T600.json
280255877078	1	0	-	-	UNRESOLVED-BY-KNOB (carried only by artefacts that declare no dps)	-	UNMEASURED	data/machine2_cycle26_boundary.json
280271865946	1	0	-	-	UNRESOLVED-BY-KNOB (carried only by artefacts that declare no dps)	-	UNMEASURED	data/machine2_cycle23_r4.json
280518465301	1	0	-	-	UNRESOLVED-BY-KNOB (carried only by artefacts that declare no dps)	-	UNMEASURED	data/machine2_cycle24_widthlaw.json
280626474661	1	0	-	-	UNRESOLVED-BY-KNOB (carried only by artefacts that declare no dps)	-	UNMEASURED	data/machine2_cycle25_design_scan_k0_6.json
280761875834	4	0	-	-	UNRESOLVED-BY-KNOB (carried only by artefacts that declare no dps)	-	UNMEASURED	data/m2_c37_published_constants_census.tsv
28081659079	1	0	-	-	UNRESOLVED-BY-KNOB (carried only by artefacts that declare no dps)	-	UNMEASURED	data/machine2_cycle25_design_scan_k0_4.json
280873681818	1	0	-	-	UNRESOLVED-BY-KNOB (carried only by artefacts that declare no dps)	-	UNMEASURED	data/machine2_cycle25_design_scan_k2_4.json
281252908835	1	0	-	-	UNRESOLVED-BY-KNOB (carried only by artefacts that declare no dps)	-	UNMEASURED	data/machine2_cycle23_selfconsistent.json
281351798779	1	0	-	-	UNRESOLVED-BY-KNOB (carried only by artefacts that declare no dps)	-	UNMEASURED	data/machine2_cycle16_scan_results.json
281427002497	1	0	-	-	UNRESOLVED-BY-KNOB (carried only by artefacts that declare no dps)	-	UNMEASURED	data/machine2_cycle19_nb_results.json
281547284915	1	0	-	-	UNRESOLVED-BY-KNOB (carried only by artefacts that declare no dps)	-	UNMEASURED	data/machine2_cycle20_slide_K1_zeta_T0_e0.3_T600.json
281575810056	1	0	-	-	UNRESOLVED-BY-KNOB (carried only by artefacts that declare no dps)	-	UNMEASURED	data/machine2_cycle25_scored.json
281720312855	1	0	-	-	UNRESOLVED-BY-KNOB (carried only by artefacts that declare no dps)	-	UNMEASURED	data/machine2_cycle16_low_results.json
281806314165	1	0	-	-	UNRESOLVED-BY-KNOB (carried only by artefacts that declare no dps)	-	UNMEASURED	data/machine2_cycle25_design_scan_k2_4.json
2821775564	1	1	20,30	-	RANGE	-	UNMEASURED	data/machine2_cycle17_census.json
282253112900	1	0	-	-	UNRESOLVED-BY-KNOB (carried only by artefacts that declare no dps)	-	UNMEASURED	data/machine2_cycle25_design_scan_k0_4.json
282279571111	1	0	-	-	UNRESOLVED-BY-KNOB (carried only by artefacts that declare no dps)	-	UNMEASURED	data/machine2_cycle20_mainW2.json
282371556963	1	0	-	-	UNRESOLVED-BY-KNOB (carried only by artefacts that declare no dps)	-	UNMEASURED	data/machine2_cycle26_boundary.json
282495034271	1	0	-	-	UNRESOLVED-BY-KNOB (carried only by artefacts that declare no dps)	-	UNMEASURED	data/machine2_cycle20_mainW2.json
283084917892	1	0	-	-	UNRESOLVED-BY-KNOB (carried only by artefacts that declare no dps)	-	UNMEASURED	data/machine2_cycle19_nb_results.json
283635533272	1	0	-	-	UNRESOLVED-BY-KNOB (carried only by artefacts that declare no dps)	-	UNMEASURED	data/machine2_cycle25_design_scan_k0_4.json
28365236045	1	0	-	-	UNRESOLVED-BY-KNOB (carried only by artefacts that declare no dps)	-	UNMEASURED	data/machine2_cycle23_selfconsistent.json
283820584484	1	0	-	-	UNRESOLVED-BY-KNOB (carried only by artefacts that declare no dps)	-	UNMEASURED	data/machine2_cycle20_slide_K1_zeta_T0_e0.3_T600.json
283946191712	2	0	-	-	UNRESOLVED-BY-KNOB (carried only by artefacts that declare no dps)	-	UNMEASURED	data/machine2_cycle23_shifts.json
284079043840	7	1	40	-	POINT	-	UNMEASURED	data/code/machine2_transfer_checks.py
284423352658	3	1	90	25	POINT	-	UNMEASURED	data/m2_c37_published_constants_census.tsv
2844233527	1	0	-	-	UNRESOLVED-BY-KNOB (carried only by artefacts that declare no dps)	-	UNMEASURED	data/machine2_cycle15_stage3.out
28473211408	1	0	-	-	UNRESOLVED-BY-KNOB (carried only by artefacts that declare no dps)	-	UNMEASURED	data/machine2_cycle20_mainW2.json
2849166651	1	0	-	-	UNRESOLVED-BY-KNOB (carried only by artefacts that declare no dps)	-	UNMEASURED	data/machine2_cycle20_mainW2.json
285140351878	1	0	-	-	UNRESOLVED-BY-KNOB (carried only by artefacts that declare no dps)	-	UNMEASURED	data/machine2_cycle23_selfconsistent.json
28518175813	3	0	-	-	UNRESOLVED-BY-KNOB (carried only by artefacts that declare no dps)	-	UNMEASURED	data/machine2_cycle27_s3_prereg.json
285311845026	1	0	-	-	UNRESOLVED-BY-KNOB (carried only by artefacts that declare no dps)	-	UNMEASURED	data/machine2_cycle19_nb_results.json
285415822455	1	0	-	-	UNRESOLVED-BY-KNOB (carried only by artefacts that declare no dps)	-	UNMEASURED	data/machine2_cycle25_design_scan_k2_4.json
285673074839	1	0	-	-	UNRESOLVED-BY-KNOB (carried only by artefacts that declare no dps)	-	UNMEASURED	data/machine2_cycle23_sweep_c.json
285914906403	1	0	-	-	UNRESOLVED-BY-KNOB (carried only by artefacts that declare no dps)	-	UNMEASURED	data/machine2_cycle25_design_scan_k0_6.json
286167273941	1	0	-	-	UNRESOLVED-BY-KNOB (carried only by artefacts that declare no dps)	-	UNMEASURED	data/machine2_cycle19_nb_results.json
286261937655	1	0	-	-	UNRESOLVED-BY-KNOB (carried only by artefacts that declare no dps)	-	UNMEASURED	data/machine2_cycle19_nb_results.json
286366149446	1	0	-	-	UNRESOLVED-BY-KNOB (carried only by artefacts that declare no dps)	-	UNMEASURED	data/machine2_cycle23_shifts.json
287118225735	1	0	-	-	UNRESOLVED-BY-KNOB (carried only by artefacts that declare no dps)	-	UNMEASURED	data/machine2_cycle15_fold_results.json
287666252981	1	0	-	-	UNRESOLVED-BY-KNOB (carried only by artefacts that declare no dps)	-	UNMEASURED	data/machine2_cycle20_mainW2.json
287745905064	1	0	-	-	UNRESOLVED-BY-KNOB (carried only by artefacts that declare no dps)	-	UNMEASURED	data/machine2_cycle23_sweep_c.json
28783581276	1	0	-	-	UNRESOLVED-BY-KNOB (carried only by artefacts that declare no dps)	-	UNMEASURED	data/machine2_cycle20_slide_K1_zeta_T0_e0.3_T600.json
287906444115	1	1	50	-	POINT	-	UNMEASURED	data/machine2_dn_dps50_n30.json
288174545511	1	0	-	-	UNRESOLVED-BY-KNOB (carried only by artefacts that declare no dps)	-	UNMEASURED	data/machine2_cycle19_nb_results.json
288681971328	1	0	-	-	UNRESOLVED-BY-KNOB (carried only by artefacts that declare no dps)	-	UNMEASURED	data/machine2_cycle20_slide_K3_epstein_D7_T3.875_e0.15_T250.json
288836370539	2	1	90	25	POINT	-	UNMEASURED	data/m2_c37_published_constants_census.tsv
289261838672	1	0	-	-	UNRESOLVED-BY-KNOB (carried only by artefacts that declare no dps)	-	UNMEASURED	data/machine2_cycle19_nb_results.json
289264476466	1	0	-	-	UNRESOLVED-BY-KNOB (carried only by artefacts that declare no dps)	-	UNMEASURED	data/machine2_cycle20_mainW2.json
289272331358	1	0	-	-	UNRESOLVED-BY-KNOB (carried only by artefacts that declare no dps)	-	UNMEASURED	data/machine2_cycle20_mainW2.json
289275880921	2	0	-	-	UNRESOLVED-BY-KNOB (carried only by artefacts that declare no dps)	-	UNMEASURED	data/m2_c37_published_constants_census.tsv
289348661144	1	0	-	-	UNRESOLVED-BY-KNOB (carried only by artefacts that declare no dps)	-	UNMEASURED	data/machine2_cycle20_mainW2.json
289428433146	1	0	-	-	UNRESOLVED-BY-KNOB (carried only by artefacts that declare no dps)	-	UNMEASURED	data/machine2_cycle20_mainW2.json
289734146345	1	0	-	-	UNRESOLVED-BY-KNOB (carried only by artefacts that declare no dps)	-	UNMEASURED	data/machine2_cycle20_slide_K1_zeta_T45.666_e0.3_T600.json
28977346094	1	0	-	-	UNRESOLVED-BY-KNOB (carried only by artefacts that declare no dps)	-	UNMEASURED	data/machine2_cycle20_mainW2.json
289784916262	1	0	-	-	UNRESOLVED-BY-KNOB (carried only by artefacts that declare no dps)	-	UNMEASURED	data/machine2_cycle23_sweep_c.json
289907860704	1	0	-	-	UNRESOLVED-BY-KNOB (carried only by artefacts that declare no dps)	-	UNMEASURED	data/machine2_cycle19_nb_results.json
289907860705	1	0	-	-	UNRESOLVED-BY-KNOB (carried only by artefacts that declare no dps)	-	UNMEASURED	data/machine2_cycle20_mainW2.json
289928110368	1	0	-	-	UNRESOLVED-BY-KNOB (carried only by artefacts that declare no dps)	-	UNMEASURED	data/machine2_cycle20_mainW2.json
289959573533	1	0	-	-	UNRESOLVED-BY-KNOB (carried only by artefacts that declare no dps)	-	UNMEASURED	data/machine2_cycle20_mainW2.json
289961130358	1	0	-	-	UNRESOLVED-BY-KNOB (carried only by artefacts that declare no dps)	-	UNMEASURED	data/machine2_cycle29_s3_scored.json
289995665588	1	0	-	-	UNRESOLVED-BY-KNOB (carried only by artefacts that declare no dps)	-	UNMEASURED	data/machine2_cycle25_design_scan_k0_4.json
290060210674	4	0	-	-	UNRESOLVED-BY-KNOB (carried only by artefacts that declare no dps)	-	UNMEASURED	data/m2_c37_published_constants_census.tsv
290086849021	1	0	-	-	UNRESOLVED-BY-KNOB (carried only by artefacts that declare no dps)	-	UNMEASURED	data/machine2_cycle20_slide_K1_zeta_T0_e0.3_T600.json
290090232028	1	0	-	-	UNRESOLVED-BY-KNOB (carried only by artefacts that declare no dps)	-	UNMEASURED	data/machine2_cycle20_mainW2.json
290109562040	1	0	-	-	UNRESOLVED-BY-KNOB (carried only by artefacts that declare no dps)	-	UNMEASURED	data/machine2_cycle16_low_results.json
290542198754	1	0	-	-	UNRESOLVED-BY-KNOB (carried only by artefacts that declare no dps)	-	UNMEASURED	data/machine2_cycle20_mainW2.json
290580614584	1	0	-	-	UNRESOLVED-BY-KNOB (carried only by artefacts that declare no dps)	-	UNMEASURED	data/machine2_cycle25_design_scan_k0_4.json
290640886593	1	0	-	-	UNRESOLVED-BY-KNOB (carried only by artefacts that declare no dps)	-	UNMEASURED	data/machine2_cycle20_mainW2.json
290658075001	1	0	-	-	UNRESOLVED-BY-KNOB (carried only by artefacts that declare no dps)	-	UNMEASURED	data/machine2_cycle20_mainW2.json
29070091246	1	0	-	-	UNRESOLVED-BY-KNOB (carried only by artefacts that declare no dps)	-	UNMEASURED	data/machine2_cycle20_mainW2.json
290713714894	3	1	40	-	POINT	-	UNMEASURED	data/code/m2_c23_cancel.py
290778143712	1	0	-	-	UNRESOLVED-BY-KNOB (carried only by artefacts that declare no dps)	-	UNMEASURED	data/machine2_cycle20_mainW2.json
290796757348	1	0	-	-	UNRESOLVED-BY-KNOB (carried only by artefacts that declare no dps)	-	UNMEASURED	data/machine2_cycle20_mainW2.json
290973147467	1	0	-	-	UNRESOLVED-BY-KNOB (carried only by artefacts that declare no dps)	-	UNMEASURED	data/machine2_cycle23_shifts.json
291007380395	5	0	-	-	UNRESOLVED-BY-KNOB (carried only by artefacts that declare no dps)	-	UNMEASURED	data/m2_c37_published_constants_census.tsv
291207945149	1	0	-	-	UNRESOLVED-BY-KNOB (carried only by artefacts that declare no dps)	-	UNMEASURED	data/machine2_cycle20_mainW2.json
2912621827	1	0	-	-	UNRESOLVED-BY-KNOB (carried only by artefacts that declare no dps)	-	UNMEASURED	data/machine2_cycle20_slide_K3_epstein_D7_T4.65_e0.15_T250.json
29135823593	1	0	-	-	UNRESOLVED-BY-KNOB (carried only by artefacts that declare no dps)	-	UNMEASURED	data/machine2_cycle20_mainW2.json
291482760708	1	0	-	-	UNRESOLVED-BY-KNOB (carried only by artefacts that declare no dps)	-	UNMEASURED	data/machine2_cycle19_nb_results.json
291787589196	1	0	-	-	UNRESOLVED-BY-KNOB (carried only by artefacts that declare no dps)	-	UNMEASURED	data/machine2_cycle20_mainW2.json
291881354974	1	0	-	-	UNRESOLVED-BY-KNOB (carried only by artefacts that declare no dps)	-	UNMEASURED	data/machine2_cycle24_widthlaw.json
2919728579	1	0	-	-	UNRESOLVED-BY-KNOB (carried only by artefacts that declare no dps)	-	UNMEASURED	data/machine2_cycle23_design_scan.json
29222242346	1	0	-	-	UNRESOLVED-BY-KNOB (carried only by artefacts that declare no dps)	-	UNMEASURED	data/machine2_cycle20_slide_K1_zeta_T45.666_e0.3_T600.json
292358351793	1	0	-	-	UNRESOLVED-BY-KNOB (carried only by artefacts that declare no dps)	-	UNMEASURED	data/machine2_cycle20_mainW2.json
292426229531	1	0	-	-	UNRESOLVED-BY-KNOB (carried only by artefacts that declare no dps)	-	UNMEASURED	data/machine2_cycle19_nb_results.json
292593974706	1	0	-	-	UNRESOLVED-BY-KNOB (carried only by artefacts that declare no dps)	-	UNMEASURED	data/machine2_cycle25_design_scan_k0_4.json
29292380742	1	0	-	-	UNRESOLVED-BY-KNOB (carried only by artefacts that declare no dps)	-	UNMEASURED	data/machine2_cycle23_selfconsistent.json
29312981179	1	0	-	-	UNRESOLVED-BY-KNOB (carried only by artefacts that declare no dps)	-	UNMEASURED	data/machine2_cycle20_mainW2.json
293150067937	1	0	-	-	UNRESOLVED-BY-KNOB (carried only by artefacts that declare no dps)	-	UNMEASURED	data/machine2_cycle23_selfconsistent.json
293385803802	2	0	-	-	UNRESOLVED-BY-KNOB (carried only by artefacts that declare no dps)	-	UNMEASURED	data/machine2_cycle16_zeros_verified.json
293583405575	1	0	-	-	UNRESOLVED-BY-KNOB (carried only by artefacts that declare no dps)	-	UNMEASURED	data/machine2_cycle20_mainW2.json
293720965011	1	0	-	-	UNRESOLVED-BY-KNOB (carried only by artefacts that declare no dps)	-	UNMEASURED	data/machine2_cycle20_slide_K1_zeta_T45.666_e0.3_T600.json
294114444098	2	0	-	-	UNRESOLVED-BY-KNOB (carried only by artefacts that declare no dps)	-	UNMEASURED	data/m2_c37_published_constants_census.tsv
294134340964	2	0	-	-	UNRESOLVED-BY-KNOB (carried only by artefacts that declare no dps)	-	UNMEASURED	data/m2_c37_published_constants_census.tsv
294177984425	1	0	-	-	UNRESOLVED-BY-KNOB (carried only by artefacts that declare no dps)	-	UNMEASURED	data/machine2_cycle23_selfconsistent.json
294309410735	1	0	-	-	UNRESOLVED-BY-KNOB (carried only by artefacts that declare no dps)	-	UNMEASURED	data/machine2_cycle23_selfconsistent.json
294412572614	1	0	-	-	UNRESOLVED-BY-KNOB (carried only by artefacts that declare no dps)	-	UNMEASURED	data/machine2_cycle23_selfconsistent.json
295505210461	1	0	-	-	UNRESOLVED-BY-KNOB (carried only by artefacts that declare no dps)	-	UNMEASURED	data/machine2_cycle20_slide_K1_zeta_T49.7738324_e0.3_T600.json
295607027613	10	4	60,80	-	RANGE	-	UNMEASURED	data/code/machine2_c31_calibrate.py
296018610972	3	1	50	-	POINT	-	UNMEASURED	data/m2_c37_published_constants_census.tsv
296037183411	1	0	-	-	UNRESOLVED-BY-KNOB (carried only by artefacts that declare no dps)	-	UNMEASURED	data/machine2_cycle23_selfconsistent.json
296322569089	1	0	-	-	UNRESOLVED-BY-KNOB (carried only by artefacts that declare no dps)	-	UNMEASURED	data/machine2_cycle20_slide_K1_zeta_T45.666_e0.3_T600.json
2964342054	1	0	-	-	UNRESOLVED-BY-KNOB (carried only by artefacts that declare no dps)	-	UNMEASURED	data/machine2_cycle20_mainW2.json
296495273301	1	0	-	-	UNRESOLVED-BY-KNOB (carried only by artefacts that declare no dps)	-	UNMEASURED	data/machine2_cycle20_mainW2.json
297186227891	1	0	-	-	UNRESOLVED-BY-KNOB (carried only by artefacts that declare no dps)	-	UNMEASURED	data/machine2_cycle20_mainW2.json
297481238076	11	0	-	-	UNRESOLVED-BY-KNOB (carried only by artefacts that declare no dps)	-	UNMEASURED	data/m2_c37_published_constants_census.tsv
297897379662	1	0	-	-	UNRESOLVED-BY-KNOB (carried only by artefacts that declare no dps)	-	UNMEASURED	data/machine2_cycle16_ext_results.json
297898812777	1	0	-	-	UNRESOLVED-BY-KNOB (carried only by artefacts that declare no dps)	-	UNMEASURED	data/machine2_cycle19_nb_results.json
297961944584	1	0	-	-	UNRESOLVED-BY-KNOB (carried only by artefacts that declare no dps)	-	UNMEASURED	data/machine2_cycle26_branch.json
298261587311	1	0	-	-	UNRESOLVED-BY-KNOB (carried only by artefacts that declare no dps)	-	UNMEASURED	data/machine2_cycle25_design_scan_k2_4.json
298275286634	1	0	-	-	UNRESOLVED-BY-KNOB (carried only by artefacts that declare no dps)	-	UNMEASURED	data/machine2_cycle15_fold_results.json
298717685999	1	0	-	-	UNRESOLVED-BY-KNOB (carried only by artefacts that declare no dps)	-	UNMEASURED	data/machine2_cycle23_selfconsistent.json
298724866214	1	0	-	-	UNRESOLVED-BY-KNOB (carried only by artefacts that declare no dps)	-	UNMEASURED	data/machine2_cycle25_design_scan_k0_6.json
298744716368	1	0	-	-	UNRESOLVED-BY-KNOB (carried only by artefacts that declare no dps)	-	UNMEASURED	data/machine2_cycle23_selfconsistent.json
298835483313	1	0	-	-	UNRESOLVED-BY-KNOB (carried only by artefacts that declare no dps)	-	UNMEASURED	data/machine2_cycle23_selfconsistent.json
299160481609	1	0	-	-	UNRESOLVED-BY-KNOB (carried only by artefacts that declare no dps)	-	UNMEASURED	data/machine2_cycle20_slide_K3_epstein_D7_T4.65_e0.15_T250.json
29985287050	2	0	-	-	UNRESOLVED-BY-KNOB (carried only by artefacts that declare no dps)	-	UNMEASURED	data/m2_c37_published_constants_census.tsv
300154626437	1	0	-	-	UNRESOLVED-BY-KNOB (carried only by artefacts that declare no dps)	-	UNMEASURED	data/machine2_cycle23_shifts.json
300425880707	1	0	-	-	UNRESOLVED-BY-KNOB (carried only by artefacts that declare no dps)	-	UNMEASURED	data/machine2_cycle20_mainW2.json
300516799598	1	0	-	-	UNRESOLVED-BY-KNOB (carried only by artefacts that declare no dps)	-	UNMEASURED	data/machine2_cycle16_scan_results.json
300565774001	1	0	-	-	UNRESOLVED-BY-KNOB (carried only by artefacts that declare no dps)	-	UNMEASURED	data/machine2_cycle20_mainW2.json
300597144469	1	0	-	-	UNRESOLVED-BY-KNOB (carried only by artefacts that declare no dps)	-	UNMEASURED	data/machine2_cycle20_mainW2.json
300730885708	1	1	40	-	POINT	-	UNMEASURED	data/machine2_cycle28_cover_all.json
301239002280	1	0	-	-	UNRESOLVED-BY-KNOB (carried only by artefacts that declare no dps)	-	UNMEASURED	data/machine2_cycle24_widthlaw.json
301919761664	1	0	-	-	UNRESOLVED-BY-KNOB (carried only by artefacts that declare no dps)	-	UNMEASURED	data/machine2_cycle25_design_scan_k2_4.json
301930736896	1	0	-	-	UNRESOLVED-BY-KNOB (carried only by artefacts that declare no dps)	-	UNMEASURED	data/machine2_cycle20_mainW2.json
302115399393	1	0	-	-	UNRESOLVED-BY-KNOB (carried only by artefacts that declare no dps)	-	UNMEASURED	data/machine2_cycle24_widthlaw.json
302228087964	1	0	-	-	UNRESOLVED-BY-KNOB (carried only by artefacts that declare no dps)	-	UNMEASURED	data/machine2_cycle25_design_scan_k0_4.json
302971867908	1	0	-	-	UNRESOLVED-BY-KNOB (carried only by artefacts that declare no dps)	-	UNMEASURED	data/machine2_cycle16_e1_recheck.json
303000443258	2	0	-	-	UNRESOLVED-BY-KNOB (carried only by artefacts that declare no dps)	-	UNMEASURED	data/machine2_cycle23_design_scan.json
3032694588	1	0	-	-	UNRESOLVED-BY-KNOB (carried only by artefacts that declare no dps)	-	UNMEASURED	data/machine2_cycle29_s3_scored.json
303567205035	1	0	-	-	UNRESOLVED-BY-KNOB (carried only by artefacts that declare no dps)	-	UNMEASURED	data/machine2_cycle19_nb_results.json
303582687439	1	0	-	-	UNRESOLVED-BY-KNOB (carried only by artefacts that declare no dps)	-	UNMEASURED	data/machine2_cycle19_nb_results.json
3036409051	1	1	60	-	POINT	-	UNMEASURED	data/m2_c30_scored.json
303643352925	1	0	-	-	UNRESOLVED-BY-KNOB (carried only by artefacts that declare no dps)	-	UNMEASURED	data/machine2_cycle24_widthlaw.json
303958196064	1	0	-	-	UNRESOLVED-BY-KNOB (carried only by artefacts that declare no dps)	-	UNMEASURED	data/machine2_cycle19_nb_results.json
304008248825	1	0	-	-	UNRESOLVED-BY-KNOB (carried only by artefacts that declare no dps)	-	UNMEASURED	data/machine2_cycle23_selfconsistent.json
304071067708	1	0	-	-	UNRESOLVED-BY-KNOB (carried only by artefacts that declare no dps)	-	UNMEASURED	data/machine2_cycle20_slide_K1_zeta_T0_e0.3_T600.json
304097232784	1	1	40	-	POINT	-	UNMEASURED	data/machine2_cycle28_cover_all.json
30410075501	1	0	-	-	UNRESOLVED-BY-KNOB (carried only by artefacts that declare no dps)	-	UNMEASURED	data/machine2_cycle25_design_scan_k0_6.json
304248761258	11	0	-	-	UNRESOLVED-BY-KNOB (carried only by artefacts that declare no dps)	-	UNMEASURED	data/m2_c37_published_constants_census.tsv
304248761259	2	1	40	-	POINT	-	UNMEASURED	data/code/m2_c25_prereg.py
304384008018	1	0	-	-	UNRESOLVED-BY-KNOB (carried only by artefacts that declare no dps)	-	UNMEASURED	data/machine2_cycle20_mainW2.json
304430737586	1	0	-	-	UNRESOLVED-BY-KNOB (carried only by artefacts that declare no dps)	-	UNMEASURED	data/machine2_cycle24_widthlaw.json
304631446762	3	0	-	-	UNRESOLVED-BY-KNOB (carried only by artefacts that declare no dps)	-	UNMEASURED	data/m2_c37_published_constants_census.tsv
304735569897	1	0	-	-	UNRESOLVED-BY-KNOB (carried only by artefacts that declare no dps)	-	UNMEASURED	data/machine2_cycle20_instrumentB_zetaInGap.json
304803156973	1	0	-	-	UNRESOLVED-BY-KNOB (carried only by artefacts that declare no dps)	-	UNMEASURED	data/machine2_cycle16_low_results.json
305007602327	1	0	-	-	UNRESOLVED-BY-KNOB (carried only by artefacts that declare no dps)	-	UNMEASURED	data/machine2_cycle19_nb_results.json
305164218524	1	0	-	-	UNRESOLVED-BY-KNOB (carried only by artefacts that declare no dps)	-	UNMEASURED	data/machine2_cycle20_slide_K1_zeta_T45.666_e0.3_T600.json
305321930783	1	0	-	-	UNRESOLVED-BY-KNOB (carried only by artefacts that declare no dps)	-	UNMEASURED	data/machine2_cycle20_instrumentB_zetaInGap.json
305393713868	1	0	-	-	UNRESOLVED-BY-KNOB (carried only by artefacts that declare no dps)	-	UNMEASURED	data/machine2_cycle25_prereg.json
3053937139	3	0	-	-	UNRESOLVED-BY-KNOB (carried only by artefacts that declare no dps)	-	UNMEASURED	data/m2_c37_published_constants_census.tsv
305871769258	2	0	-	-	UNRESOLVED-BY-KNOB (carried only by artefacts that declare no dps)	-	UNMEASURED	data/m2_c37_published_constants_census.tsv
306188328742	1	0	-	-	UNRESOLVED-BY-KNOB (carried only by artefacts that declare no dps)	-	UNMEASURED	data/machine2_cycle16_zeros_verified.json
306354225487	1	0	-	-	UNRESOLVED-BY-KNOB (carried only by artefacts that declare no dps)	-	UNMEASURED	data/machine2_cycle25_scored.json
306388633523	1	0	-	-	UNRESOLVED-BY-KNOB (carried only by artefacts that declare no dps)	-	UNMEASURED	data/machine2_cycle25_scored.json
306449405066	1	0	-	-	UNRESOLVED-BY-KNOB (carried only by artefacts that declare no dps)	-	UNMEASURED	data/machine2_cycle25_design_scan_k2_4.json
306451280339	2	0	-	-	UNRESOLVED-BY-KNOB (carried only by artefacts that declare no dps)	-	UNMEASURED	data/machine2_cycle25_prereg.json
30647544285	1	0	-	-	UNRESOLVED-BY-KNOB (carried only by artefacts that declare no dps)	-	UNMEASURED	data/machine2_cycle25_scored.json
306526231242	1	0	-	-	UNRESOLVED-BY-KNOB (carried only by artefacts that declare no dps)	-	UNMEASURED	data/machine2_cycle20_slide_K1_zeta_T0_e0.3_T600.json
306852819440	2	2	50,60	-	RANGE	-	UNMEASURED	data/machine2_dn_dps50_n30.json
307158943134	1	0	-	-	UNRESOLVED-BY-KNOB (carried only by artefacts that declare no dps)	-	UNMEASURED	data/machine2_cycle16_ext_results.json
307366322467	1	0	-	-	UNRESOLVED-BY-KNOB (carried only by artefacts that declare no dps)	-	UNMEASURED	data/machine2_cycle25_design_scan_k0_4.json
307425303864	1	0	-	-	UNRESOLVED-BY-KNOB (carried only by artefacts that declare no dps)	-	UNMEASURED	data/machine2_cycle25_design_scan_k0_4.json
307983935494	1	0	-	-	UNRESOLVED-BY-KNOB (carried only by artefacts that declare no dps)	-	UNMEASURED	data/machine2_cycle20_mainW2.json
3079975055	1	0	-	-	UNRESOLVED-BY-KNOB (carried only by artefacts that declare no dps)	-	UNMEASURED	data/machine2_cycle25_scored.json
308036388849	2	0	-	-	UNRESOLVED-BY-KNOB (carried only by artefacts that declare no dps)	-	UNMEASURED	data/m2_c37_published_constants_census.tsv
308314855003	1	0	-	-	UNRESOLVED-BY-KNOB (carried only by artefacts that declare no dps)	-	UNMEASURED	data/machine2_cycle20_mainW2.json
308330328228	1	1	50	-	POINT	-	UNMEASURED	data/machine2_dn_dps50_n30.json
308357506463	1	0	-	-	UNRESOLVED-BY-KNOB (carried only by artefacts that declare no dps)	-	UNMEASURED	data/machine2_cycle20_mainW2.json
308693429004	1	0	-	-	UNRESOLVED-BY-KNOB (carried only by artefacts that declare no dps)	-	UNMEASURED	data/machine2_cycle16_low_results.json
309220594031	1	0	-	-	UNRESOLVED-BY-KNOB (carried only by artefacts that declare no dps)	-	UNMEASURED	data/machine2_cycle16_ext_results.json
309340195114	1	0	-	-	UNRESOLVED-BY-KNOB (carried only by artefacts that declare no dps)	-	UNMEASURED	data/machine2_cycle23_selfconsistent.json
3093505131	1	0	-	-	UNRESOLVED-BY-KNOB (carried only by artefacts that declare no dps)	-	UNMEASURED	data/machine2_cycle26_bandlaw.json
309406348703	1	0	-	-	UNRESOLVED-BY-KNOB (carried only by artefacts that declare no dps)	-	UNMEASURED	data/machine2_cycle16_ext_results.json
309412308732	1	0	-	-	UNRESOLVED-BY-KNOB (carried only by artefacts that declare no dps)	-	UNMEASURED	data/machine2_c31_fitness_constants.json
309431388078	1	1	50	-	POINT	-	UNMEASURED	data/machine2_dn_dps50_n30.json
3094313881	1	1	60	-	POINT	-	UNMEASURED	data/machine2_dn_n70_dps60.txt
309436968073	1	0	-	-	UNRESOLVED-BY-KNOB (carried only by artefacts that declare no dps)	-	UNMEASURED	data/machine2_cycle25_prereg.json
309436968074	2	0	-	-	UNRESOLVED-BY-KNOB (carried only by artefacts that declare no dps)	-	UNMEASURED	data/machine2_cycle25_bands.json
309486352994	2	0	-	-	UNRESOLVED-BY-KNOB (carried only by artefacts that declare no dps)	-	UNMEASURED	data/m2_c37_published_constants_census.tsv
309486353247	1	0	-	-	UNRESOLVED-BY-KNOB (carried only by artefacts that declare no dps)	-	UNMEASURED	machine2-reply-to-partB-gate-2026-09-03-RELAY-BY-astra-pa.md
30948635435	1	0	-	-	UNRESOLVED-BY-KNOB (carried only by artefacts that declare no dps)	-	UNMEASURED	machine2-reply-to-partB-gate-2026-09-03-RELAY-BY-astra-pa.md
309679674301	1	0	-	-	UNRESOLVED-BY-KNOB (carried only by artefacts that declare no dps)	-	UNMEASURED	data/machine2_cycle20_mainW2.json
309679721075	1	0	-	-	UNRESOLVED-BY-KNOB (carried only by artefacts that declare no dps)	-	UNMEASURED	machine2-cycle17-certified-zero-census-delta-one-seventh-2026-09-04.md
309708767679	1	0	-	-	UNRESOLVED-BY-KNOB (carried only by artefacts that declare no dps)	-	UNMEASURED	data/machine2_cycle25_design_scan_k2_4.json
309797120663	2	1	45	-	POINT	-	UNMEASURED	data/machine2_cycle21_birth_locus.out
309943361055	1	0	-	-	UNRESOLVED-BY-KNOB (carried only by artefacts that declare no dps)	-	UNMEASURED	data/machine2_cycle16_ext_results.json
311303485273	4	0	-	-	UNRESOLVED-BY-KNOB (carried only by artefacts that declare no dps)	-	UNMEASURED	data/m2_c37_published_constants_census.tsv
311477823397	1	0	-	-	UNRESOLVED-BY-KNOB (carried only by artefacts that declare no dps)	-	UNMEASURED	data/machine2_cycle16_low_results.json
3114897623	1	0	-	-	UNRESOLVED-BY-KNOB (carried only by artefacts that declare no dps)	-	UNMEASURED	data/machine2_cycle20_mainW2.json
3115108627	1	0	-	-	UNRESOLVED-BY-KNOB (carried only by artefacts that declare no dps)	-	UNMEASURED	machine2-E8-verdict-cycle6-2026-09-02.md
3115430159	1	1	20,30	-	RANGE	-	UNMEASURED	data/machine2_cycle17_census.json
311547022686	1	0	-	-	UNRESOLVED-BY-KNOB (carried only by artefacts that declare no dps)	-	UNMEASURED	data/machine2_cycle25_design_scan_k2_4.json
311547954917	2	0	-	-	UNRESOLVED-BY-KNOB (carried only by artefacts that declare no dps)	-	UNMEASURED	data/machine2_cycle19_nb_results.json
311883426578	1	0	-	-	UNRESOLVED-BY-KNOB (carried only by artefacts that declare no dps)	-	UNMEASURED	data/machine2_cycle15_fold_results.json
312320243588	1	0	-	-	UNRESOLVED-BY-KNOB (carried only by artefacts that declare no dps)	-	UNMEASURED	data/machine2_cycle19_nb_results.json
312355019883	1	0	-	-	UNRESOLVED-BY-KNOB (carried only by artefacts that declare no dps)	-	UNMEASURED	data/machine2_cycle19_nb_results.json
312406723095	1	0	-	-	UNRESOLVED-BY-KNOB (carried only by artefacts that declare no dps)	-	UNMEASURED	data/machine2_cycle19_nb_results.json
3124396818	1	0	-	-	UNRESOLVED-BY-KNOB (carried only by artefacts that declare no dps)	-	UNMEASURED	data/machine2_cycle20_slide_K3_epstein_D7_T4.65_e0.15_T250.json
312561676870	1	0	-	-	UNRESOLVED-BY-KNOB (carried only by artefacts that declare no dps)	-	UNMEASURED	data/machine2_cycle19_nb_results.json
312818859054	1	0	-	-	UNRESOLVED-BY-KNOB (carried only by artefacts that declare no dps)	-	UNMEASURED	data/machine2_cycle19_nb_results.json
312861778257	1	0	-	-	UNRESOLVED-BY-KNOB (carried only by artefacts that declare no dps)	-	UNMEASURED	data/machine2_cycle19_nb_results.json
313258795968	1	0	-	-	UNRESOLVED-BY-KNOB (carried only by artefacts that declare no dps)	-	UNMEASURED	data/machine2_cycle19_nb_results.json
313345620769	2	0	-	-	UNRESOLVED-BY-KNOB (carried only by artefacts that declare no dps)	-	UNMEASURED	data/machine2_cycle19_nb_results.json
313419406142	1	0	-	-	UNRESOLVED-BY-KNOB (carried only by artefacts that declare no dps)	-	UNMEASURED	data/machine2_cycle23_sweep_c.json
314046993275	1	0	-	-	UNRESOLVED-BY-KNOB (carried only by artefacts that declare no dps)	-	UNMEASURED	data/machine2_cycle19_nb_results.json
314139812596	1	0	-	-	UNRESOLVED-BY-KNOB (carried only by artefacts that declare no dps)	-	UNMEASURED	data/machine2_cycle25_design_scan_k0_6.json
314145644758	1	0	-	-	UNRESOLVED-BY-KNOB (carried only by artefacts that declare no dps)	-	UNMEASURED	data/machine2_cycle19_nb_results.json
314159265358	3	1	20	-	POINT	-	UNMEASURED	data/code/machine2_cycle16_eval2.py
314291750106	1	0	-	-	UNRESOLVED-BY-KNOB (carried only by artefacts that declare no dps)	-	UNMEASURED	data/machine2_cycle19_nb_results.json
314358367987	1	0	-	-	UNRESOLVED-BY-KNOB (carried only by artefacts that declare no dps)	-	UNMEASURED	data/machine2_cycle20_instrumentB_K10W2.json
3143881679	3	0	-	-	UNRESOLVED-BY-KNOB (carried only by artefacts that declare no dps)	-	UNMEASURED	data/machine2_cycle15_fold_results3.json
314466793968	1	0	-	-	UNRESOLVED-BY-KNOB (carried only by artefacts that declare no dps)	-	UNMEASURED	data/machine2_cycle20_mainW2.json
314470059362	1	0	-	-	UNRESOLVED-BY-KNOB (carried only by artefacts that declare no dps)	-	UNMEASURED	data/machine2_cycle20_instrumentB_K10W2.json
314540072563	1	0	-	-	UNRESOLVED-BY-KNOB (carried only by artefacts that declare no dps)	-	UNMEASURED	data/machine2_cycle20_instrumentB_K3W2.json
314541344161	1	0	-	-	UNRESOLVED-BY-KNOB (carried only by artefacts that declare no dps)	-	UNMEASURED	data/machine2_cycle25_design_scan_k0_4.json
314577997031	1	0	-	-	UNRESOLVED-BY-KNOB (carried only by artefacts that declare no dps)	-	UNMEASURED	data/machine2_cycle20_instrumentB_K3W2.json
314578612921	2	0	-	-	UNRESOLVED-BY-KNOB (carried only by artefacts that declare no dps)	-	UNMEASURED	data/machine2_cycle19_nb_results.json
315123320928	1	0	-	-	UNRESOLVED-BY-KNOB (carried only by artefacts that declare no dps)	-	UNMEASURED	data/machine2_cycle20_slide_K1_zeta_T45.666_e0.3_T600.json
315236508593	1	0	-	-	UNRESOLVED-BY-KNOB (carried only by artefacts that declare no dps)	-	UNMEASURED	data/machine2_cycle16_scan_results.json
3152865392	1	0	-	-	UNRESOLVED-BY-KNOB (carried only by artefacts that declare no dps)	-	UNMEASURED	data/machine2_cycle20_mainW2.json
315552949986	1	0	-	-	UNRESOLVED-BY-KNOB (carried only by artefacts that declare no dps)	-	UNMEASURED	data/machine2_cycle25_scored.json
315632959125	1	0	-	-	UNRESOLVED-BY-KNOB (carried only by artefacts that declare no dps)	-	UNMEASURED	data/machine2_cycle19_nb_results.json
315632959126	1	0	-	-	UNRESOLVED-BY-KNOB (carried only by artefacts that declare no dps)	-	UNMEASURED	data/machine2_cycle20_mainW2.json
31572222699	1	0	-	-	UNRESOLVED-BY-KNOB (carried only by artefacts that declare no dps)	-	UNMEASURED	data/machine2_cycle23_selfconsistent.json
315829769440	2	0	-	-	UNRESOLVED-BY-KNOB (carried only by artefacts that declare no dps)	-	UNMEASURED	data/machine2_cycle25_prereg.json
316018345643	1	0	-	-	UNRESOLVED-BY-KNOB (carried only by artefacts that declare no dps)	-	UNMEASURED	data/machine2_cycle16_zeros_verified.json
316018345644	1	0	-	-	UNRESOLVED-BY-KNOB (carried only by artefacts that declare no dps)	-	UNMEASURED	data/machine2_cycle16_zeros_verified.out
3163020236	1	0	-	-	UNRESOLVED-BY-KNOB (carried only by artefacts that declare no dps)	-	UNMEASURED	data/machine2_cycle20_mainW2.json
316608815694	1	0	-	-	UNRESOLVED-BY-KNOB (carried only by artefacts that declare no dps)	-	UNMEASURED	data/machine2_cycle25_scored.json
3166540277	1	0	-	-	UNRESOLVED-BY-KNOB (carried only by artefacts that declare no dps)	-	UNMEASURED	data/machine2_cycle20_mainW2.json
3167587006	1	0	-	-	UNRESOLVED-BY-KNOB (carried only by artefacts that declare no dps)	-	UNMEASURED	data/machine2_cycle20_mainW2.json
316897944078	1	0	-	-	UNRESOLVED-BY-KNOB (carried only by artefacts that declare no dps)	-	UNMEASURED	data/machine2_cycle25_scored.json
317114644839	1	0	-	-	UNRESOLVED-BY-KNOB (carried only by artefacts that declare no dps)	-	UNMEASURED	data/machine2_cycle25_design_scan_k2_4.json
317168153897	1	0	-	-	UNRESOLVED-BY-KNOB (carried only by artefacts that declare no dps)	-	UNMEASURED	data/machine2_cycle25_scored.json
31717895294	1	0	-	-	UNRESOLVED-BY-KNOB (carried only by artefacts that declare no dps)	-	UNMEASURED	data/machine2_cycle23_selfconsistent.json
317186939869	1	0	-	-	UNRESOLVED-BY-KNOB (carried only by artefacts that declare no dps)	-	UNMEASURED	data/machine2_cycle26_boundary.json
3172903111	1	0	-	-	UNRESOLVED-BY-KNOB (carried only by artefacts that declare no dps)	-	UNMEASURED	data/machine2_cycle25_design_scan_k2_4.json
317463363297	1	0	-	-	UNRESOLVED-BY-KNOB (carried only by artefacts that declare no dps)	-	UNMEASURED	data/machine2_cycle25_scored.json
317835227994	1	0	-	-	UNRESOLVED-BY-KNOB (carried only by artefacts that declare no dps)	-	UNMEASURED	data/machine2_cycle20_instrumentB_K3W2.json
317843655031	1	0	-	-	UNRESOLVED-BY-KNOB (carried only by artefacts that declare no dps)	-	UNMEASURED	data/machine2_cycle20_slide_K3_epstein_D7_T4.65_e0.15_T250.json
318039416406	1	0	-	-	UNRESOLVED-BY-KNOB (carried only by artefacts that declare no dps)	-	UNMEASURED	data/machine2_cycle20_instrumentB_K3W2.json
318046630635	2	0	-	-	UNRESOLVED-BY-KNOB (carried only by artefacts that declare no dps)	-	UNMEASURED	data/machine2_cycle19_nb_results.json
318126486904	1	0	-	-	UNRESOLVED-BY-KNOB (carried only by artefacts that declare no dps)	-	UNMEASURED	data/machine2_cycle25_design_scan_k0_4.json
31857424757	1	0	-	-	UNRESOLVED-BY-KNOB (carried only by artefacts that declare no dps)	-	UNMEASURED	data/machine2_cycle25_design_scan_k0_4.json
318722759669	1	0	-	-	UNRESOLVED-BY-KNOB (carried only by artefacts that declare no dps)	-	UNMEASURED	data/machine2_cycle19_nb_results.json
31872275967	1	0	-	-	UNRESOLVED-BY-KNOB (carried only by artefacts that declare no dps)	-	UNMEASURED	data/machine2_cycle20_mainW2.json
318956018162	1	0	-	-	UNRESOLVED-BY-KNOB (carried only by artefacts that declare no dps)	-	UNMEASURED	data/machine2_cycle19_nb_results.json
319699612523	1	0	-	-	UNRESOLVED-BY-KNOB (carried only by artefacts that declare no dps)	-	UNMEASURED	data/machine2_cycle25_design_scan_k0_6.json
319794030841	21	16	45,50,60,80,120,300	-	RANGE	-	UNMEASURED	data/c28resp/m2_c28r_btrunc.py
319812852017	1	0	-	-	UNRESOLVED-BY-KNOB (carried only by artefacts that declare no dps)	-	UNMEASURED	data/machine2_cycle25_scored.json
319850077606	1	0	-	-	UNRESOLVED-BY-KNOB (carried only by artefacts that declare no dps)	-	UNMEASURED	data/machine2_cycle25_design_scan_k0_6.json
320133195612	1	0	-	-	UNRESOLVED-BY-KNOB (carried only by artefacts that declare no dps)	-	UNMEASURED	data/machine2_cycle25_scored.json
320140504122	1	0	-	-	UNRESOLVED-BY-KNOB (carried only by artefacts that declare no dps)	-	UNMEASURED	data/machine2_cycle20_mainW2.json
321031906928	1	0	-	-	UNRESOLVED-BY-KNOB (carried only by artefacts that declare no dps)	-	UNMEASURED	data/machine2_cycle25_scored.json
321033747901	1	0	-	-	UNRESOLVED-BY-KNOB (carried only by artefacts that declare no dps)	-	UNMEASURED	data/machine2_cycle20_instrumentB_K3W2.json
321127520154	1	0	-	-	UNRESOLVED-BY-KNOB (carried only by artefacts that declare no dps)	-	UNMEASURED	data/machine2_cycle19_nb_results.json
321127520155	1	0	-	-	UNRESOLVED-BY-KNOB (carried only by artefacts that declare no dps)	-	UNMEASURED	data/machine2_cycle20_mainW2.json
32113243863	1	0	-	-	UNRESOLVED-BY-KNOB (carried only by artefacts that declare no dps)	-	UNMEASURED	data/machine2_cycle20_instrumentB_K3W2.json
321503263182	1	0	-	-	UNRESOLVED-BY-KNOB (carried only by artefacts that declare no dps)	-	UNMEASURED	data/machine2_cycle19_nb_results.json
321503263183	1	0	-	-	UNRESOLVED-BY-KNOB (carried only by artefacts that declare no dps)	-	UNMEASURED	data/machine2_cycle20_mainW2.json
321629016484	1	0	-	-	UNRESOLVED-BY-KNOB (carried only by artefacts that declare no dps)	-	UNMEASURED	data/machine2_cycle26_bandlaw.json
321833255040	1	0	-	-	UNRESOLVED-BY-KNOB (carried only by artefacts that declare no dps)	-	UNMEASURED	data/machine2_cycle23_shifts.json
322107323955	1	0	-	-	UNRESOLVED-BY-KNOB (carried only by artefacts that declare no dps)	-	UNMEASURED	data/machine2_cycle26_boundary.json
3221830557	2	0	-	-	UNRESOLVED-BY-KNOB (carried only by artefacts that declare no dps)	-	UNMEASURED	data/machine2_cycle27_s3_prereg.json
322348542346	1	0	-	-	UNRESOLVED-BY-KNOB (carried only by artefacts that declare no dps)	-	UNMEASURED	data/machine2_cycle25_design_scan_k0_6.json
322665310651	1	0	-	-	UNRESOLVED-BY-KNOB (carried only by artefacts that declare no dps)	-	UNMEASURED	data/machine2_cycle16_e1_recheck.json
3227902503	1	1	60	-	POINT	-	UNMEASURED	data/machine2_c31b_scored.json
323380386158	1	0	-	-	UNRESOLVED-BY-KNOB (carried only by artefacts that declare no dps)	-	UNMEASURED	data/machine2_cycle19_nb_results.json
3235315867	1	0	-	-	UNRESOLVED-BY-KNOB (carried only by artefacts that declare no dps)	-	UNMEASURED	data/machine2_cycle24_groundtruth.out
323531586725	1	0	-	-	UNRESOLVED-BY-KNOB (carried only by artefacts that declare no dps)	-	UNMEASURED	data/machine2_cycle24_gt_basis2.json
323774927235	2	0	-	-	UNRESOLVED-BY-KNOB (carried only by artefacts that declare no dps)	-	UNMEASURED	data/machine2_cycle19_nb_results.json
323957929966	2	0	-	-	UNRESOLVED-BY-KNOB (carried only by artefacts that declare no dps)	-	UNMEASURED	data/machine2_cycle19_nb_results.json
323966422465	1	0	-	-	UNRESOLVED-BY-KNOB (carried only by artefacts that declare no dps)	-	UNMEASURED	data/machine2_cycle24_gt_basis2.json
3239664225	1	0	-	-	UNRESOLVED-BY-KNOB (carried only by artefacts that declare no dps)	-	UNMEASURED	data/machine2_cycle24_groundtruth.out
324046638513	1	0	-	-	UNRESOLVED-BY-KNOB (carried only by artefacts that declare no dps)	-	UNMEASURED	data/machine2_cycle20_slide_K1_zeta_T0_e0.3_T600.json
32409555495	1	0	-	-	UNRESOLVED-BY-KNOB (carried only by artefacts that declare no dps)	-	UNMEASURED	data/machine2_cycle20_slide_K1_zeta_T0_e0.3_T600.json
324795593423	2	0	-	-	UNRESOLVED-BY-KNOB (carried only by artefacts that declare no dps)	-	UNMEASURED	data/machine2_cycle25_prereg.json
324802170445	1	0	-	-	UNRESOLVED-BY-KNOB (carried only by artefacts that declare no dps)	-	UNMEASURED	data/machine2_cycle29_s3_scored.json
324874694151	1	0	-	-	UNRESOLVED-BY-KNOB (carried only by artefacts that declare no dps)	-	UNMEASURED	data/machine2_cycle29_s3_scored.json
324897048597	1	0	-	-	UNRESOLVED-BY-KNOB (carried only by artefacts that declare no dps)	-	UNMEASURED	data/machine2_cycle29_s3_scored.json
324943977191	1	0	-	-	UNRESOLVED-BY-KNOB (carried only by artefacts that declare no dps)	-	UNMEASURED	data/machine2_cycle29_s3_scored.json
324966554879	1	0	-	-	UNRESOLVED-BY-KNOB (carried only by artefacts that declare no dps)	-	UNMEASURED	data/machine2_cycle29_s3_scored.json
325079683593	1	0	-	-	UNRESOLVED-BY-KNOB (carried only by artefacts that declare no dps)	-	UNMEASURED	data/machine2_cycle29_s3_scored.json
325080312962	1	0	-	-	UNRESOLVED-BY-KNOB (carried only by artefacts that declare no dps)	-	UNMEASURED	data/machine2_cycle29_s3_scored.json
325095181414	1	0	-	-	UNRESOLVED-BY-KNOB (carried only by artefacts that declare no dps)	-	UNMEASURED	data/machine2_cycle29_s3_scored.json
325102630946	1	0	-	-	UNRESOLVED-BY-KNOB (carried only by artefacts that declare no dps)	-	UNMEASURED	data/machine2_cycle29_s3_scored.json
325118238561	1	0	-	-	UNRESOLVED-BY-KNOB (carried only by artefacts that declare no dps)	-	UNMEASURED	data/machine2_cycle29_s3_scored.json
32530116163	2	0	-	-	UNRESOLVED-BY-KNOB (carried only by artefacts that declare no dps)	-	UNMEASURED	data/m2_c37_published_constants_census.tsv
325301161631	4	1	15,20,25,30,40,50	-	RANGE	-	UNMEASURED	data/code/machine2_cycle15_fold_runs.py
325301177750	2	0	-	-	UNRESOLVED-BY-KNOB (carried only by artefacts that declare no dps)	-	UNMEASURED	data/machine2_cycle15_fold_results3.json
325301178098	4	0	-	-	UNRESOLVED-BY-KNOB (carried only by artefacts that declare no dps)	-	UNMEASURED	data/m2_c37_published_constants_census.tsv
325301179230	2	0	-	-	UNRESOLVED-BY-KNOB (carried only by artefacts that declare no dps)	-	UNMEASURED	data/machine2_cycle15_fold_results3.json
325310275048	1	0	-	-	UNRESOLVED-BY-KNOB (carried only by artefacts that declare no dps)	-	UNMEASURED	data/machine2_cycle24_gt_basis2.json
325478828035	1	0	-	-	UNRESOLVED-BY-KNOB (carried only by artefacts that declare no dps)	-	UNMEASURED	data/machine2_cycle23_r4.json
325617228335	1	0	-	-	UNRESOLVED-BY-KNOB (carried only by artefacts that declare no dps)	-	UNMEASURED	data/machine2_cycle23_selfconsistent.json
326163731356	1	0	-	-	UNRESOLVED-BY-KNOB (carried only by artefacts that declare no dps)	-	UNMEASURED	data/machine2_cycle25_design_scan_k0_6.json
3261982987	1	0	-	-	UNRESOLVED-BY-KNOB (carried only by artefacts that declare no dps)	-	UNMEASURED	machine2-cycle23-PREREG-2-amendment-r4-same-sign-control-and-the-normalisation-that-decides-additivity.md
326198298704	1	0	-	-	UNRESOLVED-BY-KNOB (carried only by artefacts that declare no dps)	-	UNMEASURED	data/machine2_cycle23_ptable.json
326260781634	1	0	-	-	UNRESOLVED-BY-KNOB (carried only by artefacts that declare no dps)	-	UNMEASURED	data/machine2_cycle16_ext_results.json
326464746258	1	0	-	-	UNRESOLVED-BY-KNOB (carried only by artefacts that declare no dps)	-	UNMEASURED	data/machine2_cycle16_ext_results.json
326676033611	2	0	-	-	UNRESOLVED-BY-KNOB (carried only by artefacts that declare no dps)	-	UNMEASURED	data/machine2_cycle15_fold_results.json
32679229407	1	0	-	-	UNRESOLVED-BY-KNOB (carried only by artefacts that declare no dps)	-	UNMEASURED	data/machine2_cycle25_design_scan_k0_6.json
326842062604	1	0	-	-	UNRESOLVED-BY-KNOB (carried only by artefacts that declare no dps)	-	UNMEASURED	data/machine2_cycle25_design_scan_k0_6.json
326974468565	1	0	-	-	UNRESOLVED-BY-KNOB (carried only by artefacts that declare no dps)	-	UNMEASURED	data/machine2_cycle16_ext_results.json
327343540069	1	0	-	-	UNRESOLVED-BY-KNOB (carried only by artefacts that declare no dps)	-	UNMEASURED	data/machine2_cycle25_design_scan_k0_6.json
327345391668	1	0	-	-	UNRESOLVED-BY-KNOB (carried only by artefacts that declare no dps)	-	UNMEASURED	data/machine2_cycle25_design_scan_k0_6.json
327352333256	1	0	-	-	UNRESOLVED-BY-KNOB (carried only by artefacts that declare no dps)	-	UNMEASURED	data/machine2_cycle23_selfconsistent.json
328087171889	1	0	-	-	UNRESOLVED-BY-KNOB (carried only by artefacts that declare no dps)	-	UNMEASURED	data/machine2_cycle16_ext_results.json
328153354277	2	0	-	-	UNRESOLVED-BY-KNOB (carried only by artefacts that declare no dps)	-	UNMEASURED	data/machine2_cycle19_nb_results.json
328174536439	2	0	-	-	UNRESOLVED-BY-KNOB (carried only by artefacts that declare no dps)	-	UNMEASURED	data/machine2_cycle19_nb_results.json
328229455657	4	2	90,125,200	-	RANGE	-	UNMEASURED	data/code/m2_c38_score.py
328230135187	3	3	90,125,150	25,30	RANGE	-	UNMEASURED	data/m2_c38_runs.json
328316845446	2	1	90,125	-	RANGE	-	UNMEASURED	data/m2_c38_score.out
32831684545	1	0	-	-	UNRESOLVED-BY-KNOB (carried only by artefacts that declare no dps)	-	UNMEASURED	machine2-c37-MANIFEST-published-constants-with-width-half-ulp-and-working-precision.md
328316845451	1	0	-	-	UNRESOLVED-BY-KNOB (carried only by artefacts that declare no dps)	-	UNMEASURED	machine2-c37-the-print-width-is-not-a-communication-cap-it-is-an-instrument-floor.md
328316845457	4	2	90,125,200	-	RANGE	-	UNMEASURED	data/code/m2_c38_score.py
32831684546	2	1	90,125,200	-	RANGE	-	UNMEASURED	data/code/m2_c38_score.py
3283168455	3	0	-	-	UNRESOLVED-BY-KNOB (carried only by artefacts that declare no dps)	-	UNMEASURED	data/m2_c37_g00.out
328974173005	1	0	-	-	UNRESOLVED-BY-KNOB (carried only by artefacts that declare no dps)	-	UNMEASURED	data/machine2_cycle20_slide_K1_zeta_T45.666_e0.3_T600.json
329042946007	1	0	-	-	UNRESOLVED-BY-KNOB (carried only by artefacts that declare no dps)	-	UNMEASURED	data/machine2_cycle16_ext_results.json
329131676678	1	1	40	-	POINT	-	UNMEASURED	data/machine2_cycle28_cover_all.json
329350615876	4	0	-	-	UNRESOLVED-BY-KNOB (carried only by artefacts that declare no dps)	-	UNMEASURED	data/m2_c37_published_constants_census.tsv
329350615877	11	1	40	-	POINT	-	UNMEASURED	data/code/m2_c25_prereg.py
329363388121	1	0	-	-	UNRESOLVED-BY-KNOB (carried only by artefacts that declare no dps)	-	UNMEASURED	data/machine2_cycle16_ext_results.json
329399444928	1	0	-	-	UNRESOLVED-BY-KNOB (carried only by artefacts that declare no dps)	-	UNMEASURED	data/machine2_cycle16_ext_results.json
329491713594	1	0	-	-	UNRESOLVED-BY-KNOB (carried only by artefacts that declare no dps)	-	UNMEASURED	data/machine2_cycle25_design_scan_k0_4.json
329802819331	1	0	-	-	UNRESOLVED-BY-KNOB (carried only by artefacts that declare no dps)	-	UNMEASURED	data/machine2_cycle25_prereg.json
329833967855	1	0	-	-	UNRESOLVED-BY-KNOB (carried only by artefacts that declare no dps)	-	UNMEASURED	data/machine2_cycle16_ext_results.json
3299535016	1	1	60	-	POINT	-	UNMEASURED	data/m2_c30_scored.json
330450615091	1	0	-	-	UNRESOLVED-BY-KNOB (carried only by artefacts that declare no dps)	-	UNMEASURED	data/machine2_cycle16_ext_results.json
330530536594	1	0	-	-	UNRESOLVED-BY-KNOB (carried only by artefacts that declare no dps)	-	UNMEASURED	data/machine2_cycle16_ext_results.json
33059057008	1	0	-	-	UNRESOLVED-BY-KNOB (carried only by artefacts that declare no dps)	-	UNMEASURED	data/machine2_cycle25_design_scan_k0_6.json
330601502596	1	0	-	-	UNRESOLVED-BY-KNOB (carried only by artefacts that declare no dps)	-	UNMEASURED	data/machine2_cycle27_s3_prereg.json
3307139178	1	1	60	-	POINT	-	UNMEASURED	data/machine2_c31b_scored.json
330832867438	1	0	-	-	UNRESOLVED-BY-KNOB (carried only by artefacts that declare no dps)	-	UNMEASURED	data/machine2_cycle16_ext_results.json
330906397139	1	0	-	-	UNRESOLVED-BY-KNOB (carried only by artefacts that declare no dps)	-	UNMEASURED	data/machine2_cycle16_ext_results.json
330922332950	1	0	-	-	UNRESOLVED-BY-KNOB (carried only by artefacts that declare no dps)	-	UNMEASURED	data/machine2_cycle16_ext_results.json
3310480109	1	0	-	-	UNRESOLVED-BY-KNOB (carried only by artefacts that declare no dps)	-	UNMEASURED	data/machine2_cycle25_scored.json
331307779319	1	0	-	-	UNRESOLVED-BY-KNOB (carried only by artefacts that declare no dps)	-	UNMEASURED	data/machine2_cycle16_ext_results.json
331404545890	1	0	-	-	UNRESOLVED-BY-KNOB (carried only by artefacts that declare no dps)	-	UNMEASURED	data/machine2_cycle20_slide_K3_epstein_D7_T4.65_e0.15_T250.json
331587021113	1	0	-	-	UNRESOLVED-BY-KNOB (carried only by artefacts that declare no dps)	-	UNMEASURED	data/machine2_cycle16_ext_results.json
331789276292	1	0	-	-	UNRESOLVED-BY-KNOB (carried only by artefacts that declare no dps)	-	UNMEASURED	data/machine2_cycle16_ext_results.json
331852650722	1	0	-	-	UNRESOLVED-BY-KNOB (carried only by artefacts that declare no dps)	-	UNMEASURED	data/machine2_cycle25_design_scan_k0_6.json
331855270742	1	0	-	-	UNRESOLVED-BY-KNOB (carried only by artefacts that declare no dps)	-	UNMEASURED	data/machine2_cycle16_ext_results.json
331867311353	1	0	-	-	UNRESOLVED-BY-KNOB (carried only by artefacts that declare no dps)	-	UNMEASURED	data/machine2_cycle16_ext_results.json
332078333538	2	0	-	-	UNRESOLVED-BY-KNOB (carried only by artefacts that declare no dps)	-	UNMEASURED	data/machine2_cycle19_nb_results.json
332157236187	1	0	-	-	UNRESOLVED-BY-KNOB (carried only by artefacts that declare no dps)	-	UNMEASURED	data/machine2_cycle16_ext_results.json
332209838487	2	0	-	-	UNRESOLVED-BY-KNOB (carried only by artefacts that declare no dps)	-	UNMEASURED	data/machine2_cycle19_nb_results.json
332253536211	1	0	-	-	UNRESOLVED-BY-KNOB (carried only by artefacts that declare no dps)	-	UNMEASURED	data/machine2_cycle16_ext_results.json
332396638872	1	0	-	-	UNRESOLVED-BY-KNOB (carried only by artefacts that declare no dps)	-	UNMEASURED	data/machine2_cycle15_fold_results.json
332453770433	1	0	-	-	UNRESOLVED-BY-KNOB (carried only by artefacts that declare no dps)	-	UNMEASURED	data/machine2_cycle23_selfconsistent.json
332517830816	1	0	-	-	UNRESOLVED-BY-KNOB (carried only by artefacts that declare no dps)	-	UNMEASURED	data/machine2_cycle16_ext_results.json
332536477640	1	0	-	-	UNRESOLVED-BY-KNOB (carried only by artefacts that declare no dps)	-	UNMEASURED	data/machine2_cycle20_mainW2.json
3325764417	1	1	20,30	-	RANGE	-	UNMEASURED	data/machine2_cycle17_census.json
332722784676	1	0	-	-	UNRESOLVED-BY-KNOB (carried only by artefacts that declare no dps)	-	UNMEASURED	data/machine2_cycle20_slide_K1_zeta_T45.666_e0.3_T600.json
332761566964	1	0	-	-	UNRESOLVED-BY-KNOB (carried only by artefacts that declare no dps)	-	UNMEASURED	data/machine2_cycle16_ext_results.json
332784099046	1	0	-	-	UNRESOLVED-BY-KNOB (carried only by artefacts that declare no dps)	-	UNMEASURED	data/machine2_cycle19_nb_results.json
332784099047	1	0	-	-	UNRESOLVED-BY-KNOB (carried only by artefacts that declare no dps)	-	UNMEASURED	data/machine2_cycle20_mainW2.json
332827956185	1	0	-	-	UNRESOLVED-BY-KNOB (carried only by artefacts that declare no dps)	-	UNMEASURED	data/machine2_cycle26_boundary.json
332874374999	1	0	-	-	UNRESOLVED-BY-KNOB (carried only by artefacts that declare no dps)	-	UNMEASURED	data/machine2_cycle19_nb_results.json
332916742468	1	0	-	-	UNRESOLVED-BY-KNOB (carried only by artefacts that declare no dps)	-	UNMEASURED	data/machine2_cycle16_ext_results.json
333097109245	1	0	-	-	UNRESOLVED-BY-KNOB (carried only by artefacts that declare no dps)	-	UNMEASURED	data/machine2_cycle16_ext_results.json
333234831340	1	0	-	-	UNRESOLVED-BY-KNOB (carried only by artefacts that declare no dps)	-	UNMEASURED	data/machine2_cycle16_ext_results.json
333293277876	1	0	-	-	UNRESOLVED-BY-KNOB (carried only by artefacts that declare no dps)	-	UNMEASURED	data/machine2_cycle16_ext_results.json
333309327341	1	0	-	-	UNRESOLVED-BY-KNOB (carried only by artefacts that declare no dps)	-	UNMEASURED	data/machine2_cycle20_mainW2.json
333333176251	1	0	-	-	UNRESOLVED-BY-KNOB (carried only by artefacts that declare no dps)	-	UNMEASURED	data/machine2_cycle16_ext_results.json
333333333333	2	0	-	-	UNRESOLVED-BY-KNOB (carried only by artefacts that declare no dps)	-	UNMEASURED	data/machine2_cycle19_nb_results.json
333423692245	1	0	-	-	UNRESOLVED-BY-KNOB (carried only by artefacts that declare no dps)	-	UNMEASURED	data/machine2_cycle25_design_scan_k0_4.json
333433468343	1	0	-	-	UNRESOLVED-BY-KNOB (carried only by artefacts that declare no dps)	-	UNMEASURED	data/machine2_cycle16_ext_results.json
333482275821	1	0	-	-	UNRESOLVED-BY-KNOB (carried only by artefacts that declare no dps)	-	UNMEASURED	data/machine2_cycle16_ext_results.json
333580086447	1	0	-	-	UNRESOLVED-BY-KNOB (carried only by artefacts that declare no dps)	-	UNMEASURED	data/machine2_cycle20_mainW2.json
333642512776	1	0	-	-	UNRESOLVED-BY-KNOB (carried only by artefacts that declare no dps)	-	UNMEASURED	data/machine2_cycle16_ext_results.json
333721918323	1	0	-	-	UNRESOLVED-BY-KNOB (carried only by artefacts that declare no dps)	-	UNMEASURED	data/machine2_cycle16_ext_results.json
333723457668	1	0	-	-	UNRESOLVED-BY-KNOB (carried only by artefacts that declare no dps)	-	UNMEASURED	data/machine2_cycle19_nb_results.json
333736402292	1	0	-	-	UNRESOLVED-BY-KNOB (carried only by artefacts that declare no dps)	-	UNMEASURED	data/machine2_cycle23_selfconsistent.json
333796662169	1	0	-	-	UNRESOLVED-BY-KNOB (carried only by artefacts that declare no dps)	-	UNMEASURED	data/machine2_cycle16_ext_results.json
333808077094	1	0	-	-	UNRESOLVED-BY-KNOB (carried only by artefacts that declare no dps)	-	UNMEASURED	data/machine2_cycle16_ext_results.json
333850348290	1	0	-	-	UNRESOLVED-BY-KNOB (carried only by artefacts that declare no dps)	-	UNMEASURED	data/machine2_cycle16_ext_results.json
333860477543	1	0	-	-	UNRESOLVED-BY-KNOB (carried only by artefacts that declare no dps)	-	UNMEASURED	data/machine2_cycle16_ext_results.json
333927671805	1	0	-	-	UNRESOLVED-BY-KNOB (carried only by artefacts that declare no dps)	-	UNMEASURED	data/machine2_cycle16_ext_results.json
333937296169	1	0	-	-	UNRESOLVED-BY-KNOB (carried only by artefacts that declare no dps)	-	UNMEASURED	data/machine2_cycle16_ext_results.json
334058542478	1	0	-	-	UNRESOLVED-BY-KNOB (carried only by artefacts that declare no dps)	-	UNMEASURED	data/machine2_cycle16_ext_results.json
334087847908	1	0	-	-	UNRESOLVED-BY-KNOB (carried only by artefacts that declare no dps)	-	UNMEASURED	data/machine2_cycle16_ext_results.json
334200415687	1	0	-	-	UNRESOLVED-BY-KNOB (carried only by artefacts that declare no dps)	-	UNMEASURED	data/machine2_cycle16_ext_results.json
334231285640	1	0	-	-	UNRESOLVED-BY-KNOB (carried only by artefacts that declare no dps)	-	UNMEASURED	data/machine2_cycle25_design_scan_k0_4.json
334388930639	2	2	40	-	POINT	-	UNMEASURED	data/machine2_cycle27_anchorblind_c2.json
334473385880	1	0	-	-	UNRESOLVED-BY-KNOB (carried only by artefacts that declare no dps)	-	UNMEASURED	data/machine2_cycle16_ext_results.json
334583010185	1	0	-	-	UNRESOLVED-BY-KNOB (carried only by artefacts that declare no dps)	-	UNMEASURED	data/machine2_cycle16_ext_results.json
3346313069	1	0	-	-	UNRESOLVED-BY-KNOB (carried only by artefacts that declare no dps)	-	UNMEASURED	data/machine2_cycle26_bandlaw.json
334638412058	1	0	-	-	UNRESOLVED-BY-KNOB (carried only by artefacts that declare no dps)	-	UNMEASURED	data/machine2_cycle25_design_scan_k0_4.json
334722129889	1	0	-	-	UNRESOLVED-BY-KNOB (carried only by artefacts that declare no dps)	-	UNMEASURED	data/machine2_cycle25_bands.json
334760663934	1	0	-	-	UNRESOLVED-BY-KNOB (carried only by artefacts that declare no dps)	-	UNMEASURED	data/machine2_cycle16_ext_results.json
335094004876	1	0	-	-	UNRESOLVED-BY-KNOB (carried only by artefacts that declare no dps)	-	UNMEASURED	data/machine2_cycle16_ext_results.json
335097391574	1	0	-	-	UNRESOLVED-BY-KNOB (carried only by artefacts that declare no dps)	-	UNMEASURED	data/machine2_cycle16_ext_results.json
335123171564	1	0	-	-	UNRESOLVED-BY-KNOB (carried only by artefacts that declare no dps)	-	UNMEASURED	data/machine2_cycle16_ext_results.json
335157151766	1	0	-	-	UNRESOLVED-BY-KNOB (carried only by artefacts that declare no dps)	-	UNMEASURED	data/machine2_cycle16_ext_results.json
335483368055	1	0	-	-	UNRESOLVED-BY-KNOB (carried only by artefacts that declare no dps)	-	UNMEASURED	data/machine2_cycle20_slide_K3_epstein_D7_T4.65_e0.15_T250.json
335572171497	1	0	-	-	UNRESOLVED-BY-KNOB (carried only by artefacts that declare no dps)	-	UNMEASURED	data/machine2_cycle19_nb_results.json
335716439850	1	0	-	-	UNRESOLVED-BY-KNOB (carried only by artefacts that declare no dps)	-	UNMEASURED	data/machine2_cycle29_s3_scored.json
33572356188	1	0	-	-	UNRESOLVED-BY-KNOB (carried only by artefacts that declare no dps)	-	UNMEASURED	data/machine2_cycle25_design_scan_k2_4.json
336051867458	1	0	-	-	UNRESOLVED-BY-KNOB (carried only by artefacts that declare no dps)	-	UNMEASURED	data/machine2_cycle16_ext_results.json
336054237355	1	0	-	-	UNRESOLVED-BY-KNOB (carried only by artefacts that declare no dps)	-	UNMEASURED	data/machine2_cycle29_s3_scored.json
3360542374	1	0	-	-	UNRESOLVED-BY-KNOB (carried only by artefacts that declare no dps)	-	UNMEASURED	data/machine2_cycle29_s3_scored.out
336164783845	1	0	-	-	UNRESOLVED-BY-KNOB (carried only by artefacts that declare no dps)	-	UNMEASURED	data/machine2_cycle16_ext_results.json
336325639987	1	0	-	-	UNRESOLVED-BY-KNOB (carried only by artefacts that declare no dps)	-	UNMEASURED	data/machine2_cycle16_ext_results.json
336357266994	1	0	-	-	UNRESOLVED-BY-KNOB (carried only by artefacts that declare no dps)	-	UNMEASURED	data/machine2_cycle20_slide_K1_zeta_T49.7738324_e0.3_T600.json
336357266995	1	0	-	-	UNRESOLVED-BY-KNOB (carried only by artefacts that declare no dps)	-	UNMEASURED	data/machine2_cycle20_slide_K1_zeta_T49.7738324_e0.3_T600.json
336458946456	1	0	-	-	UNRESOLVED-BY-KNOB (carried only by artefacts that declare no dps)	-	UNMEASURED	data/machine2_cycle16_ext_results.json
336490919489	1	0	-	-	UNRESOLVED-BY-KNOB (carried only by artefacts that declare no dps)	-	UNMEASURED	data/machine2_cycle16_ext_results.json
336493784259	1	0	-	-	UNRESOLVED-BY-KNOB (carried only by artefacts that declare no dps)	-	UNMEASURED	data/machine2_cycle26_bandlaw.json
336663245097	1	0	-	-	UNRESOLVED-BY-KNOB (carried only by artefacts that declare no dps)	-	UNMEASURED	data/machine2_cycle16_ext_results.json
336666611735	1	0	-	-	UNRESOLVED-BY-KNOB (carried only by artefacts that declare no dps)	-	UNMEASURED	data/machine2_cycle16_ext_results.json
336711843802	1	0	-	-	UNRESOLVED-BY-KNOB (carried only by artefacts that declare no dps)	-	UNMEASURED	data/machine2_cycle25_design_scan_k0_4.json
336720353490	1	0	-	-	UNRESOLVED-BY-KNOB (carried only by artefacts that declare no dps)	-	UNMEASURED	data/machine2_cycle16_ext_results.json
336815092467	1	0	-	-	UNRESOLVED-BY-KNOB (carried only by artefacts that declare no dps)	-	UNMEASURED	data/machine2_cycle16_ext_results.json
336829575641	1	0	-	-	UNRESOLVED-BY-KNOB (carried only by artefacts that declare no dps)	-	UNMEASURED	data/machine2_cycle16_ext_results.json
336877368206	1	0	-	-	UNRESOLVED-BY-KNOB (carried only by artefacts that declare no dps)	-	UNMEASURED	data/machine2_cycle20_mainW2.json
337041361253	1	0	-	-	UNRESOLVED-BY-KNOB (carried only by artefacts that declare no dps)	-	UNMEASURED	data/machine2_cycle16_ext_results.json
337164304886	1	0	-	-	UNRESOLVED-BY-KNOB (carried only by artefacts that declare no dps)	-	UNMEASURED	data/machine2_cycle16_ext_results.json
337371018449	1	0	-	-	UNRESOLVED-BY-KNOB (carried only by artefacts that declare no dps)	-	UNMEASURED	data/machine2_cycle16_gate1.json
337481572159	1	0	-	-	UNRESOLVED-BY-KNOB (carried only by artefacts that declare no dps)	-	UNMEASURED	data/machine2_cycle16_ext_results.json
337519433349	2	0	-	-	UNRESOLVED-BY-KNOB (carried only by artefacts that declare no dps)	-	UNMEASURED	data/machine2_cycle19_nb_results.json
3375750739	2	0	-	-	UNRESOLVED-BY-KNOB (carried only by artefacts that declare no dps)	-	UNMEASURED	data/m2_c37_published_constants_census.tsv
337650885654	1	0	-	-	UNRESOLVED-BY-KNOB (carried only by artefacts that declare no dps)	-	UNMEASURED	data/machine2_cycle16_ext_results.json
337711187572	1	0	-	-	UNRESOLVED-BY-KNOB (carried only by artefacts that declare no dps)	-	UNMEASURED	data/machine2_cycle16_ext_results.json
337807945545	1	0	-	-	UNRESOLVED-BY-KNOB (carried only by artefacts that declare no dps)	-	UNMEASURED	data/machine2_cycle19_nb_results.json
3380423954	1	0	-	-	UNRESOLVED-BY-KNOB (carried only by artefacts that declare no dps)	-	UNMEASURED	data/machine2_cycle20_gates.json
338116448481	1	0	-	-	UNRESOLVED-BY-KNOB (carried only by artefacts that declare no dps)	-	UNMEASURED	data/machine2_cycle16_ext_results.json
338362797791	1	1	40	-	POINT	-	UNMEASURED	data/machine2_cycle28_cover_all.json
338523798018	1	0	-	-	UNRESOLVED-BY-KNOB (carried only by artefacts that declare no dps)	-	UNMEASURED	data/machine2_cycle16_ext_results.json
338556635798	1	0	-	-	UNRESOLVED-BY-KNOB (carried only by artefacts that declare no dps)	-	UNMEASURED	data/machine2_cycle16_ext_results.json
338664741904	1	0	-	-	UNRESOLVED-BY-KNOB (carried only by artefacts that declare no dps)	-	UNMEASURED	data/machine2_cycle16_ext_results.json
338771184502	2	0	-	-	UNRESOLVED-BY-KNOB (carried only by artefacts that declare no dps)	-	UNMEASURED	data/machine2_cycle23_ordcheck.json
338775897751	1	0	-	-	UNRESOLVED-BY-KNOB (carried only by artefacts that declare no dps)	-	UNMEASURED	data/machine2_cycle23_ordcheck.json
339126759495	1	0	-	-	UNRESOLVED-BY-KNOB (carried only by artefacts that declare no dps)	-	UNMEASURED	data/machine2_cycle16_ext_results.json
33920629801	1	0	-	-	UNRESOLVED-BY-KNOB (carried only by artefacts that declare no dps)	-	UNMEASURED	data/machine2_cycle26_boundary.json
339508020807	1	0	-	-	UNRESOLVED-BY-KNOB (carried only by artefacts that declare no dps)	-	UNMEASURED	data/machine2_cycle16_ext_results.json
339676161483	1	0	-	-	UNRESOLVED-BY-KNOB (carried only by artefacts that declare no dps)	-	UNMEASURED	data/machine2_cycle16_low_results.json
339838190431	1	0	-	-	UNRESOLVED-BY-KNOB (carried only by artefacts that declare no dps)	-	UNMEASURED	data/machine2_cycle16_ext_results.json
340450625258	1	0	-	-	UNRESOLVED-BY-KNOB (carried only by artefacts that declare no dps)	-	UNMEASURED	data/machine2_cycle16_ext_results.json
340699982727	1	0	-	-	UNRESOLVED-BY-KNOB (carried only by artefacts that declare no dps)	-	UNMEASURED	data/machine2_cycle25_design_scan_k0_4.json
340750194182	1	0	-	-	UNRESOLVED-BY-KNOB (carried only by artefacts that declare no dps)	-	UNMEASURED	data/machine2_cycle25_design_scan_k2_4.json
340903676801	1	0	-	-	UNRESOLVED-BY-KNOB (carried only by artefacts that declare no dps)	-	UNMEASURED	data/machine2_cycle16_low_results.json
341938673467	1	0	-	-	UNRESOLVED-BY-KNOB (carried only by artefacts that declare no dps)	-	UNMEASURED	data/machine2_cycle29_s3_scored.json
342053133367	1	0	-	-	UNRESOLVED-BY-KNOB (carried only by artefacts that declare no dps)	-	UNMEASURED	data/machine2_cycle16_low_results.json
3420919604	2	0	-	-	UNRESOLVED-BY-KNOB (carried only by artefacts that declare no dps)	-	UNMEASURED	data/machine2_cycle24_groundtruth.out
342091960442	1	0	-	-	UNRESOLVED-BY-KNOB (carried only by artefacts that declare no dps)	-	UNMEASURED	data/machine2_cycle24_gt_basis2.json
342351371963	1	0	-	-	UNRESOLVED-BY-KNOB (carried only by artefacts that declare no dps)	-	UNMEASURED	data/machine2_cycle16_ext_results.json
342473227336	1	0	-	-	UNRESOLVED-BY-KNOB (carried only by artefacts that declare no dps)	-	UNMEASURED	data/machine2_cycle16_low_results.json
342661833962	2	0	-	-	UNRESOLVED-BY-KNOB (carried only by artefacts that declare no dps)	-	UNMEASURED	data/machine2_cycle25_bands.json
343022305278	1	0	-	-	UNRESOLVED-BY-KNOB (carried only by artefacts that declare no dps)	-	UNMEASURED	data/machine2_cycle19_nb_results.json
343201799144	1	0	-	-	UNRESOLVED-BY-KNOB (carried only by artefacts that declare no dps)	-	UNMEASURED	data/machine2_cycle20_mainW2.json
343298965649	1	0	-	-	UNRESOLVED-BY-KNOB (carried only by artefacts that declare no dps)	-	UNMEASURED	data/machine2_cycle23_selfconsistent.json
343389750218	2	0	-	-	UNRESOLVED-BY-KNOB (carried only by artefacts that declare no dps)	-	UNMEASURED	data/machine2_cycle20_mainW2.json
3434041171	1	0	-	-	UNRESOLVED-BY-KNOB (carried only by artefacts that declare no dps)	-	UNMEASURED	data/machine2_cycle23_shifts.json
343884350896	3	0	-	-	UNRESOLVED-BY-KNOB (carried only by artefacts that declare no dps)	-	UNMEASURED	data/m2_c37_published_constants_census.tsv
344065381331	1	0	-	-	UNRESOLVED-BY-KNOB (carried only by artefacts that declare no dps)	-	UNMEASURED	data/machine2_cycle24_widthlaw.json
344254525095	1	0	-	-	UNRESOLVED-BY-KNOB (carried only by artefacts that declare no dps)	-	UNMEASURED	data/machine2_cycle16_low_results.json
344365724852	1	0	-	-	UNRESOLVED-BY-KNOB (carried only by artefacts that declare no dps)	-	UNMEASURED	machine2-cycle22-witness-fires-on-the-bare-zero-side.md
344717831358	1	0	-	-	UNRESOLVED-BY-KNOB (carried only by artefacts that declare no dps)	-	UNMEASURED	data/machine2_cycle25_scored.json
344904428976	1	0	-	-	UNRESOLVED-BY-KNOB (carried only by artefacts that declare no dps)	-	UNMEASURED	data/machine2_cycle23_selfconsistent.json
34494494435	1	0	-	-	UNRESOLVED-BY-KNOB (carried only by artefacts that declare no dps)	-	UNMEASURED	data/machine2_cycle25_design_scan_k0_6.json
344976068694	4	0	-	-	UNRESOLVED-BY-KNOB (carried only by artefacts that declare no dps)	-	UNMEASURED	data/m2_c37_published_constants_census.tsv
345004316100	2	2	40	-	POINT	-	UNMEASURED	data/machine2_cycle27_anchorblind_c2.json
345053910391	1	0	-	-	UNRESOLVED-BY-KNOB (carried only by artefacts that declare no dps)	-	UNMEASURED	data/machine2_cycle19_nb_results.json
345085777417	1	0	-	-	UNRESOLVED-BY-KNOB (carried only by artefacts that declare no dps)	-	UNMEASURED	data/machine2_cycle16_low_results.json
345459750419	1	0	-	-	UNRESOLVED-BY-KNOB (carried only by artefacts that declare no dps)	-	UNMEASURED	data/machine2_cycle25_design_scan_k0_4.json
345460442514	3	0	-	-	UNRESOLVED-BY-KNOB (carried only by artefacts that declare no dps)	-	UNMEASURED	data/machine2_cycle29_s3_grade.out
345818953425	1	0	-	-	UNRESOLVED-BY-KNOB (carried only by artefacts that declare no dps)	-	UNMEASURED	data/machine2_debate_n8_sanity.out
346207479314	1	0	-	-	UNRESOLVED-BY-KNOB (carried only by artefacts that declare no dps)	-	UNMEASURED	data/machine2_cycle16_ext_results.json
346544736789	1	0	-	-	UNRESOLVED-BY-KNOB (carried only by artefacts that declare no dps)	-	UNMEASURED	data/machine2_cycle24_widthlaw.json
346792303018	7	0	-	-	UNRESOLVED-BY-KNOB (carried only by artefacts that declare no dps)	-	UNMEASURED	data/m2_c37_published_constants_census.tsv
346792303019	1	0	-	-	UNRESOLVED-BY-KNOB (carried only by artefacts that declare no dps)	-	UNMEASURED	machine2-cycle25-second-site-scored-three-S1-patterns-are-site-specific.md
346800607786	1	0	-	-	UNRESOLVED-BY-KNOB (carried only by artefacts that declare no dps)	-	UNMEASURED	data/machine2_cycle25_scored.json
3468006078	1	0	-	-	UNRESOLVED-BY-KNOB (carried only by artefacts that declare no dps)	-	UNMEASURED	data/machine2_cycle25_scored.out
346806482268	1	0	-	-	UNRESOLVED-BY-KNOB (carried only by artefacts that declare no dps)	-	UNMEASURED	data/machine2_cycle19_nb_results.json
347007489158	2	2	40	-	POINT	-	UNMEASURED	data/machine2_cycle27_anchorblind_c2.json
347188186188	1	0	-	-	UNRESOLVED-BY-KNOB (carried only by artefacts that declare no dps)	-	UNMEASURED	data/machine2_cycle16_low_results.json
347263336754	1	0	-	-	UNRESOLVED-BY-KNOB (carried only by artefacts that declare no dps)	-	UNMEASURED	data/machine2_cycle16_low_results.json
347874503656	3	2	90,125,150	25,30	RANGE	-	UNMEASURED	data/m2_c38_runs.json
347938667480	1	0	-	-	UNRESOLVED-BY-KNOB (carried only by artefacts that declare no dps)	-	UNMEASURED	data/machine2_cycle16_low_results.json
348088089402	1	0	-	-	UNRESOLVED-BY-KNOB (carried only by artefacts that declare no dps)	-	UNMEASURED	data/machine2_cycle16_low_results.json
348144701452	1	0	-	-	UNRESOLVED-BY-KNOB (carried only by artefacts that declare no dps)	-	UNMEASURED	data/machine2_cycle25_design_scan_k2_4.json
348474419603	1	0	-	-	UNRESOLVED-BY-KNOB (carried only by artefacts that declare no dps)	-	UNMEASURED	data/machine2_cycle25_design_scan_k2_4.json
348519443389	1	0	-	-	UNRESOLVED-BY-KNOB (carried only by artefacts that declare no dps)	-	UNMEASURED	data/machine2_cycle19_nb_results.json
349074650484	1	0	-	-	UNRESOLVED-BY-KNOB (carried only by artefacts that declare no dps)	-	UNMEASURED	data/machine2_cycle25_design_scan_k0_6.json
349169919390	2	0	-	-	UNRESOLVED-BY-KNOB (carried only by artefacts that declare no dps)	-	UNMEASURED	machine2-rediscovery-rate-2026-09-03.md
349487540674	1	0	-	-	UNRESOLVED-BY-KNOB (carried only by artefacts that declare no dps)	-	UNMEASURED	data/machine2_cycle16_low_results.json
349970369593	1	0	-	-	UNRESOLVED-BY-KNOB (carried only by artefacts that declare no dps)	-	UNMEASURED	data/machine2_cycle20_slide_K1_zeta_T0_e0.3_T600.json
350023199345	1	0	-	-	UNRESOLVED-BY-KNOB (carried only by artefacts that declare no dps)	-	UNMEASURED	data/machine2_cycle20_slide_K1_zeta_T0_e0.3_T600.json
350643849999	1	0	-	-	UNRESOLVED-BY-KNOB (carried only by artefacts that declare no dps)	-	UNMEASURED	data/machine2_cycle16_low_results.json
351082468769	1	0	-	-	UNRESOLVED-BY-KNOB (carried only by artefacts that declare no dps)	-	UNMEASURED	data/machine2_cycle25_design_scan_k0_4.json
35124163097	1	0	-	-	UNRESOLVED-BY-KNOB (carried only by artefacts that declare no dps)	-	UNMEASURED	data/machine2_cycle25_design_scan_k0_4.json
351351036571	1	0	-	-	UNRESOLVED-BY-KNOB (carried only by artefacts that declare no dps)	-	UNMEASURED	data/machine2_cycle16_low_results.json
351542362805	1	0	-	-	UNRESOLVED-BY-KNOB (carried only by artefacts that declare no dps)	-	UNMEASURED	data/machine2_cycle20_mainW2.json
3516465724	1	0	-	-	UNRESOLVED-BY-KNOB (carried only by artefacts that declare no dps)	-	UNMEASURED	data/machine2_cycle27_s3_prereg.json
351646572446	1	0	-	-	UNRESOLVED-BY-KNOB (carried only by artefacts that declare no dps)	-	UNMEASURED	data/machine2_cycle29_s3_scored.json
352355931892	1	0	-	-	UNRESOLVED-BY-KNOB (carried only by artefacts that declare no dps)	-	UNMEASURED	data/machine2_cycle15_fold_results.json
352606198732	9	0	-	-	UNRESOLVED-BY-KNOB (carried only by artefacts that declare no dps)	-	UNMEASURED	data/m2_c37_published_constants_census.tsv
352606198733	2	0	-	-	UNRESOLVED-BY-KNOB (carried only by artefacts that declare no dps)	-	UNMEASURED	machine2-ERRATUM-10-cycle23-eigenvalue-half-was-scoped-to-one-site.md
352695063041	1	0	-	-	UNRESOLVED-BY-KNOB (carried only by artefacts that declare no dps)	-	UNMEASURED	data/machine2_cycle25_design_scan_k0_4.json
352846974454	1	0	-	-	UNRESOLVED-BY-KNOB (carried only by artefacts that declare no dps)	-	UNMEASURED	data/machine2_cycle20_mainW2.json
353352373616	1	0	-	-	UNRESOLVED-BY-KNOB (carried only by artefacts that declare no dps)	-	UNMEASURED	data/machine2_cycle25_design_scan_k0_4.json
353353180096	3	2	40	-	POINT	-	UNMEASURED	data/machine2_cycle25_scored.json
3533531801	1	0	-	-	UNRESOLVED-BY-KNOB (carried only by artefacts that declare no dps)	-	UNMEASURED	data/machine2_cycle25_scored.out
353394964607	2	0	-	-	UNRESOLVED-BY-KNOB (carried only by artefacts that declare no dps)	-	UNMEASURED	data/machine2_cycle16_ext_results.json
354732758941	1	1	40	-	POINT	-	UNMEASURED	data/machine2_cycle28_cover_all.json
356066959676	1	0	-	-	UNRESOLVED-BY-KNOB (carried only by artefacts that declare no dps)	-	UNMEASURED	data/machine2_cycle24_breakdown.json
3562065623	1	0	-	-	UNRESOLVED-BY-KNOB (carried only by artefacts that declare no dps)	-	UNMEASURED	data/machine2_cycle26_bandlaw.json
35631895777	1	0	-	-	UNRESOLVED-BY-KNOB (carried only by artefacts that declare no dps)	-	UNMEASURED	data/machine2_cycle25_design_scan_k2_4.json
356547793186	1	0	-	-	UNRESOLVED-BY-KNOB (carried only by artefacts that declare no dps)	-	UNMEASURED	data/machine2_cycle25_design_scan_k0_4.json
356940039918	1	0	-	-	UNRESOLVED-BY-KNOB (carried only by artefacts that declare no dps)	-	UNMEASURED	data/machine2_cycle25_design_scan_k0_4.json
357267223372	1	0	-	-	UNRESOLVED-BY-KNOB (carried only by artefacts that declare no dps)	-	UNMEASURED	data/machine2_cycle19_nb_results.json
357270419618	1	0	-	-	UNRESOLVED-BY-KNOB (carried only by artefacts that declare no dps)	-	UNMEASURED	data/machine2_cycle25_design_scan_k2_4.json
357366411696	1	1	40	-	POINT	-	UNMEASURED	data/machine2_cycle28_cover_all.json
357453750852	1	0	-	-	UNRESOLVED-BY-KNOB (carried only by artefacts that declare no dps)	-	UNMEASURED	data/machine2_cycle25_design_scan_k0_4.json
357484530867	1	0	-	-	UNRESOLVED-BY-KNOB (carried only by artefacts that declare no dps)	-	UNMEASURED	data/machine2_cycle19_nb_results.json
357510849716	1	0	-	-	UNRESOLVED-BY-KNOB (carried only by artefacts that declare no dps)	-	UNMEASURED	data/machine2_cycle19_nb_results.json
357566128541	1	0	-	-	UNRESOLVED-BY-KNOB (carried only by artefacts that declare no dps)	-	UNMEASURED	data/machine2_cycle16_low_results.json
357751504884	2	0	-	-	UNRESOLVED-BY-KNOB (carried only by artefacts that declare no dps)	-	UNMEASURED	data/m2_c37_published_constants_census.tsv
357790570186	2	2	40	-	POINT	-	UNMEASURED	data/machine2_cycle27_anchorblind_c2.json
357821769186	3	0	-	-	UNRESOLVED-BY-KNOB (carried only by artefacts that declare no dps)	-	UNMEASURED	data/machine2_cycle29_s3_grade.out
357940953239	1	0	-	-	UNRESOLVED-BY-KNOB (carried only by artefacts that declare no dps)	-	UNMEASURED	data/machine2_cycle19_nb_results.json
358551911193	1	0	-	-	UNRESOLVED-BY-KNOB (carried only by artefacts that declare no dps)	-	UNMEASURED	data/machine2_cycle23_sweep_c.json
358658161123	1	0	-	-	UNRESOLVED-BY-KNOB (carried only by artefacts that declare no dps)	-	UNMEASURED	data/machine2_cycle20_mainW2.json
358687886371	1	0	-	-	UNRESOLVED-BY-KNOB (carried only by artefacts that declare no dps)	-	UNMEASURED	data/machine2_cycle23_ptable.json
3586878864	1	0	-	-	UNRESOLVED-BY-KNOB (carried only by artefacts that declare no dps)	-	UNMEASURED	machine2-cycle23-PREREG-2-amendment-r4-same-sign-control-and-the-normalisation-that-decides-additivity.md
358985238257	1	0	-	-	UNRESOLVED-BY-KNOB (carried only by artefacts that declare no dps)	-	UNMEASURED	data/machine2_cycle20_mainW2.json
359071455311	1	0	-	-	UNRESOLVED-BY-KNOB (carried only by artefacts that declare no dps)	-	UNMEASURED	data/machine2_cycle19_nb_results.json
3596893585	1	0	-	-	UNRESOLVED-BY-KNOB (carried only by artefacts that declare no dps)	-	UNMEASURED	data/machine2_cycle20_mainW2.json
360091431429	1	0	-	-	UNRESOLVED-BY-KNOB (carried only by artefacts that declare no dps)	-	UNMEASURED	data/machine2_cycle29_s3_scored.json
3604871486	1	0	-	-	UNRESOLVED-BY-KNOB (carried only by artefacts that declare no dps)	-	UNMEASURED	data/machine2_cycle25_scored.json
360626124433	1	0	-	-	UNRESOLVED-BY-KNOB (carried only by artefacts that declare no dps)	-	UNMEASURED	data/machine2_cycle25_scored.json
360797606657	1	0	-	-	UNRESOLVED-BY-KNOB (carried only by artefacts that declare no dps)	-	UNMEASURED	data/machine2_cycle20_slide_K1_zeta_T0_e0.3_T600.json
3611612093	1	0	-	-	UNRESOLVED-BY-KNOB (carried only by artefacts that declare no dps)	-	UNMEASURED	machine2-cycle23-PREREG-2-amendment-r4-same-sign-control-and-the-normalisation-that-decides-additivity.md
361161209313	1	0	-	-	UNRESOLVED-BY-KNOB (carried only by artefacts that declare no dps)	-	UNMEASURED	data/machine2_cycle23_ptable.json
361249696011	1	0	-	-	UNRESOLVED-BY-KNOB (carried only by artefacts that declare no dps)	-	UNMEASURED	data/machine2_cycle25_design_scan_k0_4.json
361424189004	1	0	-	-	UNRESOLVED-BY-KNOB (carried only by artefacts that declare no dps)	-	UNMEASURED	data/machine2_cycle16_low_results.json
362080346369	2	2	50,60	-	RANGE	-	UNMEASURED	data/machine2_dn_dps50_n30.json
362136102979	1	0	-	-	UNRESOLVED-BY-KNOB (carried only by artefacts that declare no dps)	-	UNMEASURED	data/machine2_cycle23_shifts.json
362152824604	1	0	-	-	UNRESOLVED-BY-KNOB (carried only by artefacts that declare no dps)	-	UNMEASURED	data/machine2_cycle25_design_scan_k0_6.json
362163508309	1	0	-	-	UNRESOLVED-BY-KNOB (carried only by artefacts that declare no dps)	-	UNMEASURED	data/machine2_cycle24_widthlaw.json
362463694294	1	0	-	-	UNRESOLVED-BY-KNOB (carried only by artefacts that declare no dps)	-	UNMEASURED	data/machine2_cycle23_selfconsistent.json
362530521745	1	0	-	-	UNRESOLVED-BY-KNOB (carried only by artefacts that declare no dps)	-	UNMEASURED	data/machine2_cycle19_nb_results.json
362586484860	1	0	-	-	UNRESOLVED-BY-KNOB (carried only by artefacts that declare no dps)	-	UNMEASURED	data/machine2_cycle19_nb_results.json
362680995201	1	0	-	-	UNRESOLVED-BY-KNOB (carried only by artefacts that declare no dps)	-	UNMEASURED	data/machine2_cycle16_scan_results.json
3631092213	1	0	-	-	UNRESOLVED-BY-KNOB (carried only by artefacts that declare no dps)	-	UNMEASURED	data/machine2_cycle20_slide_K1_zeta_T45.666_e0.3_T600.json
363190179381	2	2	50,60	-	RANGE	-	UNMEASURED	data/machine2_dn_dps50_n30.json
363228289868	1	0	-	-	UNRESOLVED-BY-KNOB (carried only by artefacts that declare no dps)	-	UNMEASURED	data/machine2_cycle20_mainW2.json
363286613277	2	0	-	-	UNRESOLVED-BY-KNOB (carried only by artefacts that declare no dps)	-	UNMEASURED	data/machine2_cycle19_nb_results.json
363325610336	1	0	-	-	UNRESOLVED-BY-KNOB (carried only by artefacts that declare no dps)	-	UNMEASURED	data/machine2_cycle16_ext_results.json
363762881600	1	1	40	-	POINT	-	UNMEASURED	data/machine2_cycle28_cover_all.json
363954362935	10	4	60,80	-	RANGE	-	UNMEASURED	data/code/machine2_c31_calibrate.py
3649790725	1	1	20,30	-	RANGE	-	UNMEASURED	data/machine2_cycle17_census.json
365064827881	1	0	-	-	UNRESOLVED-BY-KNOB (carried only by artefacts that declare no dps)	-	UNMEASURED	data/machine2_cycle20_mainW2.json
365749650855	1	0	-	-	UNRESOLVED-BY-KNOB (carried only by artefacts that declare no dps)	-	UNMEASURED	data/machine2_cycle19_nb_results.json
3658789614	1	0	-	-	UNRESOLVED-BY-KNOB (carried only by artefacts that declare no dps)	-	UNMEASURED	data/machine2_cycle26_bandlaw.json
365958025289	1	0	-	-	UNRESOLVED-BY-KNOB (carried only by artefacts that declare no dps)	-	UNMEASURED	data/machine2_cycle25_design_scan_k0_4.json
366553543219	1	0	-	-	UNRESOLVED-BY-KNOB (carried only by artefacts that declare no dps)	-	UNMEASURED	data/machine2_cycle23_selfconsistent.json
366653193647	1	0	-	-	UNRESOLVED-BY-KNOB (carried only by artefacts that declare no dps)	-	UNMEASURED	data/machine2_cycle20_mainW2.json
367161015263	1	0	-	-	UNRESOLVED-BY-KNOB (carried only by artefacts that declare no dps)	-	UNMEASURED	data/machine2_cycle24_widthlaw.json
367161393114	1	0	-	-	UNRESOLVED-BY-KNOB (carried only by artefacts that declare no dps)	-	UNMEASURED	data/machine2_cycle16_scan_results.json
367482966539	1	0	-	-	UNRESOLVED-BY-KNOB (carried only by artefacts that declare no dps)	-	UNMEASURED	data/machine2_cycle20_mainW2.json
36820404447	1	0	-	-	UNRESOLVED-BY-KNOB (carried only by artefacts that declare no dps)	-	UNMEASURED	data/machine2_cycle27_s3_prereg.json
3682040445	1	0	-	-	UNRESOLVED-BY-KNOB (carried only by artefacts that declare no dps)	-	UNMEASURED	data/machine2_cycle27_s3_prereg.out
368394513235	1	0	-	-	UNRESOLVED-BY-KNOB (carried only by artefacts that declare no dps)	-	UNMEASURED	data/machine2_cycle24_widthlaw.json
368542137345	1	0	-	-	UNRESOLVED-BY-KNOB (carried only by artefacts that declare no dps)	-	UNMEASURED	data/machine2_cycle19_nb_results.json
368961465885	1	0	-	-	UNRESOLVED-BY-KNOB (carried only by artefacts that declare no dps)	-	UNMEASURED	data/machine2_cycle23_selfconsistent.json
369090146050	1	0	-	-	UNRESOLVED-BY-KNOB (carried only by artefacts that declare no dps)	-	UNMEASURED	data/machine2_cycle16_scan_results.json
3690998933	1	0	-	-	UNRESOLVED-BY-KNOB (carried only by artefacts that declare no dps)	-	UNMEASURED	data/machine2_cycle27_s3_prereg.json
369099893334	1	0	-	-	UNRESOLVED-BY-KNOB (carried only by artefacts that declare no dps)	-	UNMEASURED	data/machine2_cycle29_s3_scored.json
369301825362	1	0	-	-	UNRESOLVED-BY-KNOB (carried only by artefacts that declare no dps)	-	UNMEASURED	data/machine2_cycle20_mainW2.json
369306609498	1	0	-	-	UNRESOLVED-BY-KNOB (carried only by artefacts that declare no dps)	-	UNMEASURED	data/machine2_cycle25_design_scan_k0_4.json
370357593012	1	0	-	-	UNRESOLVED-BY-KNOB (carried only by artefacts that declare no dps)	-	UNMEASURED	data/machine2_cycle16_scan_results.json
370913944456	1	0	-	-	UNRESOLVED-BY-KNOB (carried only by artefacts that declare no dps)	-	UNMEASURED	data/machine2_cycle16_scan_results.json
371064712837	1	0	-	-	UNRESOLVED-BY-KNOB (carried only by artefacts that declare no dps)	-	UNMEASURED	data/machine2_cycle16_scan_results.json
371247512689	1	0	-	-	UNRESOLVED-BY-KNOB (carried only by artefacts that declare no dps)	-	UNMEASURED	data/machine2_cycle16_scan_results.json
371394018686	1	0	-	-	UNRESOLVED-BY-KNOB (carried only by artefacts that declare no dps)	-	UNMEASURED	data/machine2_cycle19_nb_results.json
371692318210	1	0	-	-	UNRESOLVED-BY-KNOB (carried only by artefacts that declare no dps)	-	UNMEASURED	data/machine2_cycle20_mainW2.json
372032399088	1	0	-	-	UNRESOLVED-BY-KNOB (carried only by artefacts that declare no dps)	-	UNMEASURED	data/machine2_cycle16_scan_results.json
372060175455	1	0	-	-	UNRESOLVED-BY-KNOB (carried only by artefacts that declare no dps)	-	UNMEASURED	data/machine2_cycle16_scan_results.json
3730124527	1	0	-	-	UNRESOLVED-BY-KNOB (carried only by artefacts that declare no dps)	-	UNMEASURED	data/machine2_cycle26_bandlaw.json
373170982904	1	0	-	-	UNRESOLVED-BY-KNOB (carried only by artefacts that declare no dps)	-	UNMEASURED	data/machine2_cycle23_selfconsistent.json
373339047740	1	0	-	-	UNRESOLVED-BY-KNOB (carried only by artefacts that declare no dps)	-	UNMEASURED	data/machine2_cycle19_nb_results.json
3736363971	1	0	-	-	UNRESOLVED-BY-KNOB (carried only by artefacts that declare no dps)	-	UNMEASURED	data/machine2_cycle26_bandlaw.json
374165298037	1	0	-	-	UNRESOLVED-BY-KNOB (carried only by artefacts that declare no dps)	-	UNMEASURED	data/machine2_cycle24_widthlaw.json
374589221106	1	0	-	-	UNRESOLVED-BY-KNOB (carried only by artefacts that declare no dps)	-	UNMEASURED	data/machine2_cycle16_scan_results.json
374699618854	1	0	-	-	UNRESOLVED-BY-KNOB (carried only by artefacts that declare no dps)	-	UNMEASURED	data/machine2_cycle16_scan_results.json
374707439673	1	0	-	-	UNRESOLVED-BY-KNOB (carried only by artefacts that declare no dps)	-	UNMEASURED	data/machine2_cycle16_scan_results.json
374819713608	22	13	60,70,80,90,100,110,120,125,130,150,175,200,400	25,30	RANGE	-	UNMEASURED	data/code/m2_c37_fprime.py
374886811088	1	0	-	-	UNRESOLVED-BY-KNOB (carried only by artefacts that declare no dps)	-	UNMEASURED	data/machine2_cycle24_widthlaw.json
375100284637	1	0	-	-	UNRESOLVED-BY-KNOB (carried only by artefacts that declare no dps)	-	UNMEASURED	data/machine2_cycle23_selfconsistent.json
375122313602	2	0	-	-	UNRESOLVED-BY-KNOB (carried only by artefacts that declare no dps)	-	UNMEASURED	data/machine2_cycle15_fold_results2.json
375432877822	1	0	-	-	UNRESOLVED-BY-KNOB (carried only by artefacts that declare no dps)	-	UNMEASURED	data/machine2_cycle16_scan_results.json
375433380631	1	0	-	-	UNRESOLVED-BY-KNOB (carried only by artefacts that declare no dps)	-	UNMEASURED	data/machine2_cycle29_s3_scored.json
375482149894	2	0	-	-	UNRESOLVED-BY-KNOB (carried only by artefacts that declare no dps)	-	UNMEASURED	data/machine2_cycle16_ext_results.json
375628233807	1	0	-	-	UNRESOLVED-BY-KNOB (carried only by artefacts that declare no dps)	-	UNMEASURED	data/machine2_cycle16_scan_results.json
375824028116	1	0	-	-	UNRESOLVED-BY-KNOB (carried only by artefacts that declare no dps)	-	UNMEASURED	data/machine2_cycle24_widthlaw.json
375861781587	4	0	-	-	UNRESOLVED-BY-KNOB (carried only by artefacts that declare no dps)	-	UNMEASURED	data/m2_c37_published_constants_census.tsv
375861781588	11	1	40	-	POINT	-	UNMEASURED	data/code/m2_c25_prereg.py
375890583160	1	0	-	-	UNRESOLVED-BY-KNOB (carried only by artefacts that declare no dps)	-	UNMEASURED	data/machine2_cycle16_scan_results.json
375972667208	1	0	-	-	UNRESOLVED-BY-KNOB (carried only by artefacts that declare no dps)	-	UNMEASURED	data/machine2_cycle20_slide_K1_zeta_T45.666_e0.3_T600.json
376071841942	1	0	-	-	UNRESOLVED-BY-KNOB (carried only by artefacts that declare no dps)	-	UNMEASURED	data/machine2_cycle16_scan_results.json
376072180156	1	0	-	-	UNRESOLVED-BY-KNOB (carried only by artefacts that declare no dps)	-	UNMEASURED	data/machine2_cycle16_scan_results.json
376184825637	1	1	40	-	POINT	-	UNMEASURED	data/machine2_cycle28_cover_all.json
376280216299	1	0	-	-	UNRESOLVED-BY-KNOB (carried only by artefacts that declare no dps)	-	UNMEASURED	data/machine2_cycle25_design_scan_k0_4.json
376335585772	3	1	60	-	POINT	-	UNMEASURED	data/m2_c37_published_constants_census.tsv
376335585773	1	0	-	-	UNRESOLVED-BY-KNOB (carried only by artefacts that declare no dps)	-	UNMEASURED	data/machine2_cycle15_fold_results3.json
3763355858	1	0	-	-	UNRESOLVED-BY-KNOB (carried only by artefacts that declare no dps)	-	UNMEASURED	data/machine2_cycle15_stage3.out
376383266230	1	0	-	-	UNRESOLVED-BY-KNOB (carried only by artefacts that declare no dps)	-	UNMEASURED	data/machine2_cycle19_nb_results.json
376421512192	1	0	-	-	UNRESOLVED-BY-KNOB (carried only by artefacts that declare no dps)	-	UNMEASURED	data/machine2_cycle16_scan_results.json
376570354526	1	0	-	-	UNRESOLVED-BY-KNOB (carried only by artefacts that declare no dps)	-	UNMEASURED	data/machine2_cycle16_scan_results.json
376719493537	1	0	-	-	UNRESOLVED-BY-KNOB (carried only by artefacts that declare no dps)	-	UNMEASURED	data/machine2_cycle25_design_scan_k0_4.json
376797144841	2	0	-	-	UNRESOLVED-BY-KNOB (carried only by artefacts that declare no dps)	-	UNMEASURED	data/machine2_cycle16_zeros_verified.json
3768540772	1	1	60	-	POINT	-	UNMEASURED	data/machine2_debate_epseff_check.out
376855439463	1	1	90,110,125	25,30	RANGE	-	UNMEASURED	data/machine2_c34_refit.json
376855439464	1	1	90	25	POINT	-	UNMEASURED	data/machine2_c34_refit_batch1.out
377048655087	1	0	-	-	UNRESOLVED-BY-KNOB (carried only by artefacts that declare no dps)	-	UNMEASURED	data/machine2_cycle16_scan_results.json
377326490879	1	0	-	-	UNRESOLVED-BY-KNOB (carried only by artefacts that declare no dps)	-	UNMEASURED	data/machine2_cycle29_s3_scored.json
3773264909	1	0	-	-	UNRESOLVED-BY-KNOB (carried only by artefacts that declare no dps)	-	UNMEASURED	data/machine2_cycle29_s3_scored.out
377371158562	1	1	40	-	POINT	-	UNMEASURED	data/machine2_cycle28_cover_all.json
377392694374	1	0	-	-	UNRESOLVED-BY-KNOB (carried only by artefacts that declare no dps)	-	UNMEASURED	data/machine2_cycle25_design_scan_k2_4.json
377415674147	1	0	-	-	UNRESOLVED-BY-KNOB (carried only by artefacts that declare no dps)	-	UNMEASURED	data/machine2_cycle19_nb_results.json
377767434181	1	0	-	-	UNRESOLVED-BY-KNOB (carried only by artefacts that declare no dps)	-	UNMEASURED	data/machine2_cycle23_shifts.json
377780098857	1	0	-	-	UNRESOLVED-BY-KNOB (carried only by artefacts that declare no dps)	-	UNMEASURED	data/machine2_cycle19_nb_results.json
377997318613	6	2	20,30,60	-	RANGE	-	UNMEASURED	data/m2_c37_published_constants_census.tsv
377997318614	6	3	20,30,60	-	RANGE	-	UNMEASURED	data/code/machine2_cycle17_epscheck.py
378156573534	1	0	-	-	UNRESOLVED-BY-KNOB (carried only by artefacts that declare no dps)	-	UNMEASURED	data/machine2_cycle16_scan_results.json
378434283664	1	0	-	-	UNRESOLVED-BY-KNOB (carried only by artefacts that declare no dps)	-	UNMEASURED	data/machine2_cycle23_selfconsistent.json
378726722225	1	1	90	25	POINT	-	UNMEASURED	data/machine2_c35_signgroup.json
378753193378	1	0	-	-	UNRESOLVED-BY-KNOB (carried only by artefacts that declare no dps)	-	UNMEASURED	data/machine2_cycle16_scan_results.json
378927047567	1	0	-	-	UNRESOLVED-BY-KNOB (carried only by artefacts that declare no dps)	-	UNMEASURED	data/machine2_cycle24_widthlaw.json
379207816051	1	0	-	-	UNRESOLVED-BY-KNOB (carried only by artefacts that declare no dps)	-	UNMEASURED	data/machine2_cycle19_nb_results.json
379322778681	1	0	-	-	UNRESOLVED-BY-KNOB (carried only by artefacts that declare no dps)	-	UNMEASURED	data/machine2_cycle16_scan_results.json
379636794618	1	0	-	-	UNRESOLVED-BY-KNOB (carried only by artefacts that declare no dps)	-	UNMEASURED	data/machine2_cycle25_design_scan_k2_4.json
37971406225	1	0	-	-	UNRESOLVED-BY-KNOB (carried only by artefacts that declare no dps)	-	UNMEASURED	data/machine2_cycle20_mainW2.json
379730378036	1	1	50	-	POINT	-	UNMEASURED	data/machine2_dn_dps50_n30.json
379912352090	1	0	-	-	UNRESOLVED-BY-KNOB (carried only by artefacts that declare no dps)	-	UNMEASURED	data/machine2_cycle19_nb_results.json
37991535543	1	0	-	-	UNRESOLVED-BY-KNOB (carried only by artefacts that declare no dps)	-	UNMEASURED	data/machine2_cycle23_selfconsistent.json
38018521076	1	0	-	-	UNRESOLVED-BY-KNOB (carried only by artefacts that declare no dps)	-	UNMEASURED	data/machine2_cycle25_scored.json
380238593319	1	0	-	-	UNRESOLVED-BY-KNOB (carried only by artefacts that declare no dps)	-	UNMEASURED	data/machine2_cycle25_design_scan_k0_4.json
380918484043	1	0	-	-	UNRESOLVED-BY-KNOB (carried only by artefacts that declare no dps)	-	UNMEASURED	data/machine2_cycle26_boundary.json
381026578639	2	0	-	-	UNRESOLVED-BY-KNOB (carried only by artefacts that declare no dps)	-	UNMEASURED	data/machine2_cycle16_zeros_verified.json
381284823635	1	0	-	-	UNRESOLVED-BY-KNOB (carried only by artefacts that declare no dps)	-	UNMEASURED	data/machine2_cycle20_mainW2.json
381568828249	1	0	-	-	UNRESOLVED-BY-KNOB (carried only by artefacts that declare no dps)	-	UNMEASURED	data/machine2_cycle24_widthlaw.json
381812288722	1	0	-	-	UNRESOLVED-BY-KNOB (carried only by artefacts that declare no dps)	-	UNMEASURED	data/machine2_cycle20_slide_K1_zeta_T45.666_e0.3_T600.json
3823088586	5	1	60	-	POINT	-	UNMEASURED	data/m2_c30_scored.json
383210594342	1	0	-	-	UNRESOLVED-BY-KNOB (carried only by artefacts that declare no dps)	-	UNMEASURED	data/machine2_cycle20_slide_K1_zeta_T49.7738324_e0.3_T600.json
383309311717	1	0	-	-	UNRESOLVED-BY-KNOB (carried only by artefacts that declare no dps)	-	UNMEASURED	data/machine2_cycle20_slide_K3_epstein_D7_T3.875_e0.15_T250.json
383848119258	1	0	-	-	UNRESOLVED-BY-KNOB (carried only by artefacts that declare no dps)	-	UNMEASURED	data/machine2_cycle16_ext_results.json
384307790973	1	0	-	-	UNRESOLVED-BY-KNOB (carried only by artefacts that declare no dps)	-	UNMEASURED	data/machine2_cycle25_design_scan_k2_4.json
384454157117	1	0	-	-	UNRESOLVED-BY-KNOB (carried only by artefacts that declare no dps)	-	UNMEASURED	data/machine2_cycle23_ordcheck.json
384485603437	2	0	-	-	UNRESOLVED-BY-KNOB (carried only by artefacts that declare no dps)	-	UNMEASURED	data/machine2_cycle23_ordcheck.json
385196192129	1	0	-	-	UNRESOLVED-BY-KNOB (carried only by artefacts that declare no dps)	-	UNMEASURED	data/machine2_cycle25_design_scan_k0_4.json
385277500525	1	0	-	-	UNRESOLVED-BY-KNOB (carried only by artefacts that declare no dps)	-	UNMEASURED	data/machine2_cycle24_widthlaw.json
385342926179	1	0	-	-	UNRESOLVED-BY-KNOB (carried only by artefacts that declare no dps)	-	UNMEASURED	data/machine2_cycle29_s3_scored.json
3853429262	1	0	-	-	UNRESOLVED-BY-KNOB (carried only by artefacts that declare no dps)	-	UNMEASURED	data/machine2_cycle27_s3_prereg.json
385763662003	1	0	-	-	UNRESOLVED-BY-KNOB (carried only by artefacts that declare no dps)	-	UNMEASURED	data/machine2_cycle23_selfconsistent.json
386430670267	1	0	-	-	UNRESOLVED-BY-KNOB (carried only by artefacts that declare no dps)	-	UNMEASURED	data/machine2_cycle23_selfconsistent.json
386525742538	1	0	-	-	UNRESOLVED-BY-KNOB (carried only by artefacts that declare no dps)	-	UNMEASURED	data/machine2_cycle16_low_results.json
38658230834	1	0	-	-	UNRESOLVED-BY-KNOB (carried only by artefacts that declare no dps)	-	UNMEASURED	data/machine2_cycle20_slide_K3_epstein_D7_T3.875_e0.15_T250.json
386665629085	3	0	-	-	UNRESOLVED-BY-KNOB (carried only by artefacts that declare no dps)	-	UNMEASURED	data/machine2_cycle15_fold_results8.json
38666562909	1	0	-	-	UNRESOLVED-BY-KNOB (carried only by artefacts that declare no dps)	-	UNMEASURED	machine2-cycle15-l105-epstein-fold-answer.md
386870729606	1	0	-	-	UNRESOLVED-BY-KNOB (carried only by artefacts that declare no dps)	-	UNMEASURED	data/machine2_cycle23_selfconsistent.json
387203089994	1	0	-	-	UNRESOLVED-BY-KNOB (carried only by artefacts that declare no dps)	-	UNMEASURED	data/machine2_cycle20_mainW2.json
387256258158	1	0	-	-	UNRESOLVED-BY-KNOB (carried only by artefacts that declare no dps)	-	UNMEASURED	data/machine2_cycle23_shifts.json
387293663535	1	0	-	-	UNRESOLVED-BY-KNOB (carried only by artefacts that declare no dps)	-	UNMEASURED	data/machine2_cycle20_mainW2.json
387573740085	1	0	-	-	UNRESOLVED-BY-KNOB (carried only by artefacts that declare no dps)	-	UNMEASURED	data/machine2_cycle23_selfconsistent.json
3876703078	1	0	-	-	UNRESOLVED-BY-KNOB (carried only by artefacts that declare no dps)	-	UNMEASURED	data/machine2_cycle20_slide_K1_zeta_T49.7738324_e0.3_T600.json
3883919053	1	0	-	-	UNRESOLVED-BY-KNOB (carried only by artefacts that declare no dps)	-	UNMEASURED	data/machine2_cycle25_scored.json
388417482128	2	2	90,110,125	25,30	RANGE	-	UNMEASURED	data/machine2_c34_refit.json
388417482129	1	0	-	-	UNRESOLVED-BY-KNOB (carried only by artefacts that declare no dps)	-	UNMEASURED	machine2-c34-the-Dstar-literal-is-removed-and-the-floor-is-not-a-number.md
389021678740	1	0	-	-	UNRESOLVED-BY-KNOB (carried only by artefacts that declare no dps)	-	UNMEASURED	data/machine2_cycle20_instrumentB_K10W2.json
389023520763	1	0	-	-	UNRESOLVED-BY-KNOB (carried only by artefacts that declare no dps)	-	UNMEASURED	data/machine2_cycle20_mainW2.json
389119163614	1	0	-	-	UNRESOLVED-BY-KNOB (carried only by artefacts that declare no dps)	-	UNMEASURED	data/machine2_cycle20_instrumentB_K10W2.json
38977069634	1	0	-	-	UNRESOLVED-BY-KNOB (carried only by artefacts that declare no dps)	-	UNMEASURED	data/machine2_cycle20_mainW2.json
390322258528	3	0	-	-	UNRESOLVED-BY-KNOB (carried only by artefacts that declare no dps)	-	UNMEASURED	data/machine2_cycle29_s3_grade.out
390974429452	1	0	-	-	UNRESOLVED-BY-KNOB (carried only by artefacts that declare no dps)	-	UNMEASURED	data/machine2_cycle20_slide_K1_zeta_T45.666_e0.3_T600.json
391360120302	1	0	-	-	UNRESOLVED-BY-KNOB (carried only by artefacts that declare no dps)	-	UNMEASURED	data/machine2_cycle16_low_results.json
391425926618	1	0	-	-	UNRESOLVED-BY-KNOB (carried only by artefacts that declare no dps)	-	UNMEASURED	data/machine2_cycle23_selfconsistent.json
391549160861	1	0	-	-	UNRESOLVED-BY-KNOB (carried only by artefacts that declare no dps)	-	UNMEASURED	data/machine2_cycle20_slide_K1_zeta_T45.666_e0.3_T600.json
391884602938	1	0	-	-	UNRESOLVED-BY-KNOB (carried only by artefacts that declare no dps)	-	UNMEASURED	data/machine2_cycle16_ext_results.json
391904992882	1	0	-	-	UNRESOLVED-BY-KNOB (carried only by artefacts that declare no dps)	-	UNMEASURED	data/machine2_cycle20_slide_K1_zeta_T45.666_e0.3_T600.json
392328828053	1	0	-	-	UNRESOLVED-BY-KNOB (carried only by artefacts that declare no dps)	-	UNMEASURED	data/machine2_cycle19_nb_results.json
392540138206	1	0	-	-	UNRESOLVED-BY-KNOB (carried only by artefacts that declare no dps)	-	UNMEASURED	data/machine2_cycle20_mainW2.json
392738577488	1	0	-	-	UNRESOLVED-BY-KNOB (carried only by artefacts that declare no dps)	-	UNMEASURED	data/machine2_cycle16_ext_results.json
3929081384	1	0	-	-	UNRESOLVED-BY-KNOB (carried only by artefacts that declare no dps)	-	UNMEASURED	data/machine2_cycle20_slide_K3_epstein_D7_T3.875_e0.15_T250.json
393441404617	1	0	-	-	UNRESOLVED-BY-KNOB (carried only by artefacts that declare no dps)	-	UNMEASURED	data/machine2_cycle20_mainW2.json
393471353514	1	0	-	-	UNRESOLVED-BY-KNOB (carried only by artefacts that declare no dps)	-	UNMEASURED	data/machine2_cycle25_design_scan_k2_4.json
393705110387	1	0	-	-	UNRESOLVED-BY-KNOB (carried only by artefacts that declare no dps)	-	UNMEASURED	data/machine2_cycle20_mainW2.json
393962634014	1	0	-	-	UNRESOLVED-BY-KNOB (carried only by artefacts that declare no dps)	-	UNMEASURED	data/machine2_cycle19_nb_results.json
394105651946	1	0	-	-	UNRESOLVED-BY-KNOB (carried only by artefacts that declare no dps)	-	UNMEASURED	data/machine2_cycle16_low_results.json
394504956876	1	0	-	-	UNRESOLVED-BY-KNOB (carried only by artefacts that declare no dps)	-	UNMEASURED	data/machine2_cycle20_mainW2.json
394670464801	1	0	-	-	UNRESOLVED-BY-KNOB (carried only by artefacts that declare no dps)	-	UNMEASURED	data/machine2_cycle20_mainW2.json
3953396736	1	1	20,30	-	RANGE	-	UNMEASURED	data/machine2_cycle17_census.json
395510756872	1	1	50	-	POINT	-	UNMEASURED	data/machine2_dn_dps50_n30.json
395548706804	1	0	-	-	UNRESOLVED-BY-KNOB (carried only by artefacts that declare no dps)	-	UNMEASURED	data/machine2_cycle20_mainW2.json
395784876347	1	0	-	-	UNRESOLVED-BY-KNOB (carried only by artefacts that declare no dps)	-	UNMEASURED	data/machine2_cycle20_mainW2.json
39582758977	1	0	-	-	UNRESOLVED-BY-KNOB (carried only by artefacts that declare no dps)	-	UNMEASURED	data/machine2_cycle23_selfconsistent.json
395895362536	1	0	-	-	UNRESOLVED-BY-KNOB (carried only by artefacts that declare no dps)	-	UNMEASURED	data/machine2_cycle26_branch.json
395944644986	1	1	40	-	POINT	-	UNMEASURED	data/machine2_cycle28_cover_all.json
396726704213	1	0	-	-	UNRESOLVED-BY-KNOB (carried only by artefacts that declare no dps)	-	UNMEASURED	data/machine2_cycle29_s3_scored.json
396917357409	2	1	90,125	-	RANGE	-	UNMEASURED	data/m2_c38_score.out
397360427903	1	0	-	-	UNRESOLVED-BY-KNOB (carried only by artefacts that declare no dps)	-	UNMEASURED	data/machine2_cycle23_design_scan.json
397569335182	2	0	-	-	UNRESOLVED-BY-KNOB (carried only by artefacts that declare no dps)	-	UNMEASURED	data/machine2_cycle16_ext_results.json
397766616519	1	0	-	-	UNRESOLVED-BY-KNOB (carried only by artefacts that declare no dps)	-	UNMEASURED	data/machine2_cycle25_bands.json
3982848466	1	0	-	-	UNRESOLVED-BY-KNOB (carried only by artefacts that declare no dps)	-	UNMEASURED	data/machine2_cycle25_scored.json
398311329377	1	1	50	-	POINT	-	UNMEASURED	data/machine2_dn_dps50_n30.json
398443159752	1	0	-	-	UNRESOLVED-BY-KNOB (carried only by artefacts that declare no dps)	-	UNMEASURED	data/machine2_cycle19_nb_results.json
398515960302	1	0	-	-	UNRESOLVED-BY-KNOB (carried only by artefacts that declare no dps)	-	UNMEASURED	data/machine2_cycle16_scan_results.json
398606053174	1	0	-	-	UNRESOLVED-BY-KNOB (carried only by artefacts that declare no dps)	-	UNMEASURED	data/machine2_cycle24_widthlaw.json
399279339450	1	1	90,110,125	25,30	RANGE	-	UNMEASURED	data/machine2_c34_refit.json
399279339451	1	1	90	25	POINT	-	UNMEASURED	data/machine2_c34_refit_batch1.out
399319378074	1	0	-	-	UNRESOLVED-BY-KNOB (carried only by artefacts that declare no dps)	-	UNMEASURED	data/machine2_cycle16_ext_results.json
399353598863	1	0	-	-	UNRESOLVED-BY-KNOB (carried only by artefacts that declare no dps)	-	UNMEASURED	data/machine2_cycle25_design_scan_k0_4.json
399529344108	1	0	-	-	UNRESOLVED-BY-KNOB (carried only by artefacts that declare no dps)	-	UNMEASURED	data/machine2_cycle23_selfconsistent.json
399589498958	1	0	-	-	UNRESOLVED-BY-KNOB (carried only by artefacts that declare no dps)	-	UNMEASURED	data/machine2_cycle20_slide_K1_zeta_T45.666_e0.3_T600.json
399589498959	1	0	-	-	UNRESOLVED-BY-KNOB (carried only by artefacts that declare no dps)	-	UNMEASURED	data/machine2_cycle20_slide_K1_zeta_T45.666_e0.3_T600.json
399732805315	1	0	-	-	UNRESOLVED-BY-KNOB (carried only by artefacts that declare no dps)	-	UNMEASURED	data/machine2_cycle23_selfconsistent.json
4000026001	3	1	200	-	POINT	-	UNMEASURED	data/code/m2_c38_score2.py
400074259673	1	0	-	-	UNRESOLVED-BY-KNOB (carried only by artefacts that declare no dps)	-	UNMEASURED	data/machine2_cycle20_mainW2.json
400110335109	1	0	-	-	UNRESOLVED-BY-KNOB (carried only by artefacts that declare no dps)	-	UNMEASURED	data/machine2_cycle20_zerosum.json
400148619058	1	0	-	-	UNRESOLVED-BY-KNOB (carried only by artefacts that declare no dps)	-	UNMEASURED	data/machine2_cycle16_ext_results.json
400957654041	1	0	-	-	UNRESOLVED-BY-KNOB (carried only by artefacts that declare no dps)	-	UNMEASURED	data/machine2_cycle25_design_scan_k0_6.json
400977016011	1	0	-	-	UNRESOLVED-BY-KNOB (carried only by artefacts that declare no dps)	-	UNMEASURED	data/machine2_cycle19_nb_results.json
401236568045	1	0	-	-	UNRESOLVED-BY-KNOB (carried only by artefacts that declare no dps)	-	UNMEASURED	data/machine2_cycle16_scan_results.json
401520376596	2	1	45	-	POINT	-	UNMEASURED	data/machine2_cycle21_birth_locus.out
401745787022	1	0	-	-	UNRESOLVED-BY-KNOB (carried only by artefacts that declare no dps)	-	UNMEASURED	data/machine2_cycle23_r4.json
401959860142	1	0	-	-	UNRESOLVED-BY-KNOB (carried only by artefacts that declare no dps)	-	UNMEASURED	data/machine2_cycle24_widthlaw.json
402353813544	1	0	-	-	UNRESOLVED-BY-KNOB (carried only by artefacts that declare no dps)	-	UNMEASURED	data/machine2_cycle23_shifts.json
402904048919	1	1	90,110,125	25,30	RANGE	-	UNMEASURED	data/machine2_c33_fold5.json
403292033633	1	0	-	-	UNRESOLVED-BY-KNOB (carried only by artefacts that declare no dps)	-	UNMEASURED	data/machine2_cycle24_widthlaw.json
403441341927	1	0	-	-	UNRESOLVED-BY-KNOB (carried only by artefacts that declare no dps)	-	UNMEASURED	data/machine2_cycle25_design_scan_k0_6.json
4035251546	2	0	-	-	UNRESOLVED-BY-KNOB (carried only by artefacts that declare no dps)	-	UNMEASURED	data/m2_c37_published_constants_census.tsv
40387608946	6	0	-	-	UNRESOLVED-BY-KNOB (carried only by artefacts that declare no dps)	-	UNMEASURED	data/m2_c37_published_constants_census.tsv
404139884774	1	0	-	-	UNRESOLVED-BY-KNOB (carried only by artefacts that declare no dps)	-	UNMEASURED	data/machine2_cycle25_design_scan_k0_6.json
404300263717	1	0	-	-	UNRESOLVED-BY-KNOB (carried only by artefacts that declare no dps)	-	UNMEASURED	data/machine2_cycle24_widthlaw.json
4044899755	1	0	-	-	UNRESOLVED-BY-KNOB (carried only by artefacts that declare no dps)	-	UNMEASURED	data/machine2_cycle24_groundtruth.out
404489975524	2	0	-	-	UNRESOLVED-BY-KNOB (carried only by artefacts that declare no dps)	-	UNMEASURED	data/m2_c37_published_constants_census.tsv
404665414125	1	1	40	-	POINT	-	UNMEASURED	data/machine2_cycle28_cover_all.json
404976380378	1	0	-	-	UNRESOLVED-BY-KNOB (carried only by artefacts that declare no dps)	-	UNMEASURED	data/machine2_cycle20_slide_K3_epstein_D7_T4.65_e0.15_T250.json
405227536507	2	0	-	-	UNRESOLVED-BY-KNOB (carried only by artefacts that declare no dps)	-	UNMEASURED	data/m2_c37_published_constants_census.tsv
405628267993	1	0	-	-	UNRESOLVED-BY-KNOB (carried only by artefacts that declare no dps)	-	UNMEASURED	data/machine2_cycle25_design_scan_k0_6.json
406176220502	3	0	-	-	UNRESOLVED-BY-KNOB (carried only by artefacts that declare no dps)	-	UNMEASURED	data/machine2_cycle29_s3_grade.out
406443949507	1	0	-	-	UNRESOLVED-BY-KNOB (carried only by artefacts that declare no dps)	-	UNMEASURED	data/machine2_b_vector_check.txt
406444449507	1	0	-	-	UNRESOLVED-BY-KNOB (carried only by artefacts that declare no dps)	-	UNMEASURED	data/machine2_b_vector_check.txt
406489673039	1	0	-	-	UNRESOLVED-BY-KNOB (carried only by artefacts that declare no dps)	-	UNMEASURED	data/machine2_cycle23_shifts.json
4066613279	1	0	-	-	UNRESOLVED-BY-KNOB (carried only by artefacts that declare no dps)	-	UNMEASURED	data/machine2_cycle26_bandlaw.json
407199647427	1	0	-	-	UNRESOLVED-BY-KNOB (carried only by artefacts that declare no dps)	-	UNMEASURED	data/machine2_cycle26_bandlaw.json
407228425189	1	0	-	-	UNRESOLVED-BY-KNOB (carried only by artefacts that declare no dps)	-	UNMEASURED	data/machine2_cycle16_ext_results.json
408325214359	1	0	-	-	UNRESOLVED-BY-KNOB (carried only by artefacts that declare no dps)	-	UNMEASURED	data/machine2_cycle16_ext_results.json
408453808416	6	0	-	-	UNRESOLVED-BY-KNOB (carried only by artefacts that declare no dps)	-	UNMEASURED	data/m2_c37_published_constants_census.tsv
408520565341	1	0	-	-	UNRESOLVED-BY-KNOB (carried only by artefacts that declare no dps)	-	UNMEASURED	data/machine2_cycle20_slide_K1_zeta_T49.7738324_e0.3_T600.json
408612927826	1	0	-	-	UNRESOLVED-BY-KNOB (carried only by artefacts that declare no dps)	-	UNMEASURED	data/machine2_cycle16_ext_results.json
408651473636	1	0	-	-	UNRESOLVED-BY-KNOB (carried only by artefacts that declare no dps)	-	UNMEASURED	data/machine2_cycle25_design_scan_k0_4.json
408845452165	1	0	-	-	UNRESOLVED-BY-KNOB (carried only by artefacts that declare no dps)	-	UNMEASURED	data/machine2_cycle16_scan_results.json
409021375503	1	0	-	-	UNRESOLVED-BY-KNOB (carried only by artefacts that declare no dps)	-	UNMEASURED	data/machine2_cycle16_ext_results.json
409093608446	1	1	50	-	POINT	-	UNMEASURED	data/machine2_dn_dps50_n30.json
409187190121	6	0	-	-	UNRESOLVED-BY-KNOB (carried only by artefacts that declare no dps)	-	UNMEASURED	data/m2_c37_published_constants_census.tsv
409599983314	2	1	90	25	POINT	-	UNMEASURED	data/m2_c37_published_constants_census.tsv
409773883222	1	0	-	-	UNRESOLVED-BY-KNOB (carried only by artefacts that declare no dps)	-	UNMEASURED	data/machine2_cycle16_low_results.json
410051895392	1	0	-	-	UNRESOLVED-BY-KNOB (carried only by artefacts that declare no dps)	-	UNMEASURED	data/machine2_cycle23_sweep_c.json
410257240341	5	1	40	-	POINT	-	UNMEASURED	data/code/m2_c23_scored.py
410264540549	1	0	-	-	UNRESOLVED-BY-KNOB (carried only by artefacts that declare no dps)	-	UNMEASURED	data/machine2_cycle24_gt_basis0.json
4104511143	1	0	-	-	UNRESOLVED-BY-KNOB (carried only by artefacts that declare no dps)	-	UNMEASURED	data/machine2_cycle26_bandlaw.json
410531974678	1	0	-	-	UNRESOLVED-BY-KNOB (carried only by artefacts that declare no dps)	-	UNMEASURED	data/machine2_cycle23_design_scan.json
4105633469	1	0	-	-	UNRESOLVED-BY-KNOB (carried only by artefacts that declare no dps)	-	UNMEASURED	data/machine2_cycle20_mainW2.json
410669734695	1	0	-	-	UNRESOLVED-BY-KNOB (carried only by artefacts that declare no dps)	-	UNMEASURED	data/machine2_cycle29_s3_scored.json
4106697347	1	0	-	-	UNRESOLVED-BY-KNOB (carried only by artefacts that declare no dps)	-	UNMEASURED	data/machine2_cycle27_s3_prereg.json
411031809677	1	0	-	-	UNRESOLVED-BY-KNOB (carried only by artefacts that declare no dps)	-	UNMEASURED	data/machine2_cycle24_widthlaw.json
411048443129	1	0	-	-	UNRESOLVED-BY-KNOB (carried only by artefacts that declare no dps)	-	UNMEASURED	data/machine2_cycle16_ext_results.json
411384327136	1	0	-	-	UNRESOLVED-BY-KNOB (carried only by artefacts that declare no dps)	-	UNMEASURED	data/machine2_cycle23_selfconsistent.json
411629634585	1	0	-	-	UNRESOLVED-BY-KNOB (carried only by artefacts that declare no dps)	-	UNMEASURED	data/machine2_cycle16_gate1.json
411708596696	1	0	-	-	UNRESOLVED-BY-KNOB (carried only by artefacts that declare no dps)	-	UNMEASURED	data/machine2_cycle23_r4.json
4117085967	1	0	-	-	UNRESOLVED-BY-KNOB (carried only by artefacts that declare no dps)	-	UNMEASURED	machine2-cycle23-PREREG-2-amendment-r4-same-sign-control-and-the-normalisation-that-decides-additivity.md
412147121142	1	0	-	-	UNRESOLVED-BY-KNOB (carried only by artefacts that declare no dps)	-	UNMEASURED	data/machine2_cycle25_design_scan_k0_6.json
412449535266	2	1	45	-	POINT	-	UNMEASURED	data/machine2_cycle21_birth_locus.out
412580732192	1	0	-	-	UNRESOLVED-BY-KNOB (carried only by artefacts that declare no dps)	-	UNMEASURED	data/machine2_cycle16_scan_results.json
412793147633	1	0	-	-	UNRESOLVED-BY-KNOB (carried only by artefacts that declare no dps)	-	UNMEASURED	data/machine2_cycle19_nb_results.json
413200012007	1	0	-	-	UNRESOLVED-BY-KNOB (carried only by artefacts that declare no dps)	-	UNMEASURED	data/machine2_cycle20_mainW2.json
413206859917	1	0	-	-	UNRESOLVED-BY-KNOB (carried only by artefacts that declare no dps)	-	UNMEASURED	data/machine2_cycle26_bandlaw.json
413218192007	1	0	-	-	UNRESOLVED-BY-KNOB (carried only by artefacts that declare no dps)	-	UNMEASURED	data/machine2_cycle25_design_scan_k0_4.json
413320400912	1	0	-	-	UNRESOLVED-BY-KNOB (carried only by artefacts that declare no dps)	-	UNMEASURED	data/machine2_cycle16_ext_results.json
413423244659	1	0	-	-	UNRESOLVED-BY-KNOB (carried only by artefacts that declare no dps)	-	UNMEASURED	data/machine2_cycle25_design_scan_k0_6.json
413594786264	1	0	-	-	UNRESOLVED-BY-KNOB (carried only by artefacts that declare no dps)	-	UNMEASURED	data/machine2_cycle20_mainW2.json
413806807373	3	0	-	-	UNRESOLVED-BY-KNOB (carried only by artefacts that declare no dps)	-	UNMEASURED	data/m2_c37_published_constants_census.tsv
4138068074	1	0	-	-	UNRESOLVED-BY-KNOB (carried only by artefacts that declare no dps)	-	UNMEASURED	machine2-cycle23-REVEAL-and-letter-the-family-fires-my-prereg-falls-m1s-prediction-holds.md
413875053220	1	0	-	-	UNRESOLVED-BY-KNOB (carried only by artefacts that declare no dps)	-	UNMEASURED	data/machine2_cycle16_low_results.json
414818457993	2	1	400	-	POINT	-	UNMEASURED	data/code/machine2_c36_analysis.py
414924053923	1	0	-	-	UNRESOLVED-BY-KNOB (carried only by artefacts that declare no dps)	-	UNMEASURED	data/machine2_cycle25_design_scan_k2_4.json
415160210062	1	0	-	-	UNRESOLVED-BY-KNOB (carried only by artefacts that declare no dps)	-	UNMEASURED	data/machine2_cycle16_scan_results.json
415664330877	1	0	-	-	UNRESOLVED-BY-KNOB (carried only by artefacts that declare no dps)	-	UNMEASURED	data/machine2_cycle16_scan_results.json
4162153317	1	0	-	-	UNRESOLVED-BY-KNOB (carried only by artefacts that declare no dps)	-	UNMEASURED	data/machine2_cycle20_slide_K3_epstein_D7_T3.875_e0.15_T250.json
416216562633	1	0	-	-	UNRESOLVED-BY-KNOB (carried only by artefacts that declare no dps)	-	UNMEASURED	data/machine2_cycle20_slide_K1_zeta_T0_e0.3_T600.json
416350692602	1	0	-	-	UNRESOLVED-BY-KNOB (carried only by artefacts that declare no dps)	-	UNMEASURED	data/machine2_cycle20_mainW2.json
4171180077	1	0	-	-	UNRESOLVED-BY-KNOB (carried only by artefacts that declare no dps)	-	UNMEASURED	machine2-cycle23-REVEAL-and-letter-the-family-fires-my-prereg-falls-m1s-prediction-holds.md
417118007711	3	0	-	-	UNRESOLVED-BY-KNOB (carried only by artefacts that declare no dps)	-	UNMEASURED	data/m2_c37_published_constants_census.tsv
417471705603	1	1	30	-	POINT	-	UNMEASURED	data/machine2_cycle21_identity_referee.out
417478922777	1	0	-	-	UNRESOLVED-BY-KNOB (carried only by artefacts that declare no dps)	-	UNMEASURED	data/machine2_cycle23_ptable.json
4174789228	1	0	-	-	UNRESOLVED-BY-KNOB (carried only by artefacts that declare no dps)	-	UNMEASURED	machine2-cycle23-PREREG-2-amendment-r4-same-sign-control-and-the-normalisation-that-decides-additivity.md
418283717754	1	0	-	-	UNRESOLVED-BY-KNOB (carried only by artefacts that declare no dps)	-	UNMEASURED	data/machine2_cycle16_scan_results.json
41897257616	1	0	-	-	UNRESOLVED-BY-KNOB (carried only by artefacts that declare no dps)	-	UNMEASURED	data/machine2_cycle25_design_scan_k0_6.json
419053801451	1	0	-	-	UNRESOLVED-BY-KNOB (carried only by artefacts that declare no dps)	-	UNMEASURED	data/machine2_cycle16_ext_results.json
4191818641	1	0	-	-	UNRESOLVED-BY-KNOB (carried only by artefacts that declare no dps)	-	UNMEASURED	data/machine2_cycle20_mainW2.json
419403305326	1	0	-	-	UNRESOLVED-BY-KNOB (carried only by artefacts that declare no dps)	-	UNMEASURED	data/machine2_cycle25_design_scan_k0_6.json
419416723675	1	0	-	-	UNRESOLVED-BY-KNOB (carried only by artefacts that declare no dps)	-	UNMEASURED	data/machine2_cycle15_fold_results.json
4194167237	1	0	-	-	UNRESOLVED-BY-KNOB (carried only by artefacts that declare no dps)	-	UNMEASURED	machine2-cycle15-l105-epstein-fold-answer.md
419656520470	1	0	-	-	UNRESOLVED-BY-KNOB (carried only by artefacts that declare no dps)	-	UNMEASURED	data/machine2_cycle16_scan_results.json
421135049798	2	0	-	-	UNRESOLVED-BY-KNOB (carried only by artefacts that declare no dps)	-	UNMEASURED	data/machine2_cycle19_nb_results.json
421228961465	2	0	-	-	UNRESOLVED-BY-KNOB (carried only by artefacts that declare no dps)	-	UNMEASURED	data/m2_c37_published_constants_census.tsv
421469395775	1	0	-	-	UNRESOLVED-BY-KNOB (carried only by artefacts that declare no dps)	-	UNMEASURED	data/machine2_cycle24_widthlaw.json
421579735373	1	1	40	-	POINT	-	UNMEASURED	data/machine2_cycle28_cover_all.json
421871510986	1	0	-	-	UNRESOLVED-BY-KNOB (carried only by artefacts that declare no dps)	-	UNMEASURED	data/machine2_cycle23_selfconsistent.json
42202689491	1	0	-	-	UNRESOLVED-BY-KNOB (carried only by artefacts that declare no dps)	-	UNMEASURED	data/machine2_cycle23_selfconsistent.json
422313196381	1	0	-	-	UNRESOLVED-BY-KNOB (carried only by artefacts that declare no dps)	-	UNMEASURED	data/machine2_cycle19_nb_results.json
422550706736	3	0	-	-	UNRESOLVED-BY-KNOB (carried only by artefacts that declare no dps)	-	UNMEASURED	data/m2_c37_published_constants_census.tsv
422781835101	1	0	-	-	UNRESOLVED-BY-KNOB (carried only by artefacts that declare no dps)	-	UNMEASURED	data/machine2_b_vector_check.txt
422784335098	1	0	-	-	UNRESOLVED-BY-KNOB (carried only by artefacts that declare no dps)	-	UNMEASURED	data/machine2_b_vector_check.txt
42284591461	1	0	-	-	UNRESOLVED-BY-KNOB (carried only by artefacts that declare no dps)	-	UNMEASURED	data/machine2_cycle15_fold_results.json
422906076938	1	0	-	-	UNRESOLVED-BY-KNOB (carried only by artefacts that declare no dps)	-	UNMEASURED	data/machine2_cycle15_fold_results.json
423214812388	1	0	-	-	UNRESOLVED-BY-KNOB (carried only by artefacts that declare no dps)	-	UNMEASURED	data/machine2_cycle19_nb_results.json
423324041055	1	0	-	-	UNRESOLVED-BY-KNOB (carried only by artefacts that declare no dps)	-	UNMEASURED	data/machine2_cycle16_scan_results.json
423416705598	1	0	-	-	UNRESOLVED-BY-KNOB (carried only by artefacts that declare no dps)	-	UNMEASURED	data/machine2_cycle26_bandlaw.json
423593859920	1	1	40	-	POINT	-	UNMEASURED	data/machine2_cycle28_cover_all.json
423936441190	4	2	40	-	POINT	-	UNMEASURED	data/m2_c37_published_constants_census.tsv
423996440464	1	0	-	-	UNRESOLVED-BY-KNOB (carried only by artefacts that declare no dps)	-	UNMEASURED	data/machine2_cycle25_design_scan_k0_4.json
424464522639	1	0	-	-	UNRESOLVED-BY-KNOB (carried only by artefacts that declare no dps)	-	UNMEASURED	data/machine2_cycle16_low_results.json
424808729019	2	2	40	-	POINT	-	UNMEASURED	data/machine2_cycle27_firesflip_c1.json
424962738138	14	1	40	-	POINT	-	UNMEASURED	data/code/m2_c23_tail.py
424962738139	1	0	-	-	UNRESOLVED-BY-KNOB (carried only by artefacts that declare no dps)	-	UNMEASURED	data/machine2_cycle23_selfconsistent.json
425099696622	1	0	-	-	UNRESOLVED-BY-KNOB (carried only by artefacts that declare no dps)	-	UNMEASURED	data/machine2_cycle25_design_scan_k0_4.json
425267916345	1	0	-	-	UNRESOLVED-BY-KNOB (carried only by artefacts that declare no dps)	-	UNMEASURED	data/machine2_cycle20_mainW2.json
425994118823	1	0	-	-	UNRESOLVED-BY-KNOB (carried only by artefacts that declare no dps)	-	UNMEASURED	data/machine2_cycle19_nb_results.json
426186102749	1	0	-	-	UNRESOLVED-BY-KNOB (carried only by artefacts that declare no dps)	-	UNMEASURED	data/machine2_cycle19_nb_results.json
426281705115	1	0	-	-	UNRESOLVED-BY-KNOB (carried only by artefacts that declare no dps)	-	UNMEASURED	data/machine2_cycle16_scan_results.json
426309984728	1	0	-	-	UNRESOLVED-BY-KNOB (carried only by artefacts that declare no dps)	-	UNMEASURED	data/machine2_cycle16_ext_results.json
426418612841	10	8	90,110,120,125,150	25,30	RANGE	-	UNMEASURED	data/code/machine2_c34_analyse.py
426647980773	1	0	-	-	UNRESOLVED-BY-KNOB (carried only by artefacts that declare no dps)	-	UNMEASURED	data/machine2_cycle25_design_scan_k2_4.json
426668912037	1	0	-	-	UNRESOLVED-BY-KNOB (carried only by artefacts that declare no dps)	-	UNMEASURED	data/machine2_cycle15_fold_results.json
426689560499	1	0	-	-	UNRESOLVED-BY-KNOB (carried only by artefacts that declare no dps)	-	UNMEASURED	data/machine2_cycle19_nb_results.json
426721485534	1	0	-	-	UNRESOLVED-BY-KNOB (carried only by artefacts that declare no dps)	-	UNMEASURED	data/machine2_cycle23_selfconsistent.json
426786240054	1	0	-	-	UNRESOLVED-BY-KNOB (carried only by artefacts that declare no dps)	-	UNMEASURED	data/machine2_cycle20_mainW2.json
426872950866	1	0	-	-	UNRESOLVED-BY-KNOB (carried only by artefacts that declare no dps)	-	UNMEASURED	data/machine2_cycle25_design_scan_k0_4.json
427173741172	1	0	-	-	UNRESOLVED-BY-KNOB (carried only by artefacts that declare no dps)	-	UNMEASURED	data/machine2_cycle19_nb_results.json
428518443191	1	0	-	-	UNRESOLVED-BY-KNOB (carried only by artefacts that declare no dps)	-	UNMEASURED	data/machine2_cycle20_mainW2.json
428734726453	1	0	-	-	UNRESOLVED-BY-KNOB (carried only by artefacts that declare no dps)	-	UNMEASURED	data/machine2_cycle24_widthlaw.json
428740072340	1	0	-	-	UNRESOLVED-BY-KNOB (carried only by artefacts that declare no dps)	-	UNMEASURED	data/machine2_cycle24_breakdown.json
428791389418	1	0	-	-	UNRESOLVED-BY-KNOB (carried only by artefacts that declare no dps)	-	UNMEASURED	data/machine2_cycle20_mainW2.json
428840135512	1	0	-	-	UNRESOLVED-BY-KNOB (carried only by artefacts that declare no dps)	-	UNMEASURED	data/machine2_cycle16_low_results.json
429035210046	1	0	-	-	UNRESOLVED-BY-KNOB (carried only by artefacts that declare no dps)	-	UNMEASURED	data/machine2_cycle20_mainW2.json
429324941534	1	0	-	-	UNRESOLVED-BY-KNOB (carried only by artefacts that declare no dps)	-	UNMEASURED	data/machine2_cycle20_slide_K1_zeta_T45.666_e0.3_T600.json
429398030098	3	3	40	-	POINT	-	UNMEASURED	data/machine2_cycle27_anchorblind_c1.json
429669339991	1	0	-	-	UNRESOLVED-BY-KNOB (carried only by artefacts that declare no dps)	-	UNMEASURED	data/machine2_cycle19_nb_results.json
429813460801	1	0	-	-	UNRESOLVED-BY-KNOB (carried only by artefacts that declare no dps)	-	UNMEASURED	data/machine2_cycle19_nb_results.json
4299556254	1	0	-	-	UNRESOLVED-BY-KNOB (carried only by artefacts that declare no dps)	-	UNMEASURED	data/machine2_cycle25_scored.json
430231459510	2	0	-	-	UNRESOLVED-BY-KNOB (carried only by artefacts that declare no dps)	-	UNMEASURED	data/machine2_cycle19_nb_results.json
430549295507	1	0	-	-	UNRESOLVED-BY-KNOB (carried only by artefacts that declare no dps)	-	UNMEASURED	data/machine2_cycle19_nb_results.json
430827851016	1	0	-	-	UNRESOLVED-BY-KNOB (carried only by artefacts that declare no dps)	-	UNMEASURED	data/machine2_cycle25_design_scan_k0_6.json
430883772701	1	0	-	-	UNRESOLVED-BY-KNOB (carried only by artefacts that declare no dps)	-	UNMEASURED	data/machine2_cycle24_widthlaw.json
432100572853	1	0	-	-	UNRESOLVED-BY-KNOB (carried only by artefacts that declare no dps)	-	UNMEASURED	data/machine2_cycle16_scan_results.json
432498825326	1	0	-	-	UNRESOLVED-BY-KNOB (carried only by artefacts that declare no dps)	-	UNMEASURED	data/machine2_cycle20_slide_K1_zeta_T45.666_e0.3_T600.json
432592088761	1	0	-	-	UNRESOLVED-BY-KNOB (carried only by artefacts that declare no dps)	-	UNMEASURED	data/machine2_cycle23_selfconsistent.json
432852391319	1	0	-	-	UNRESOLVED-BY-KNOB (carried only by artefacts that declare no dps)	-	UNMEASURED	data/machine2_cycle16_gate1.json
432904465943	1	0	-	-	UNRESOLVED-BY-KNOB (carried only by artefacts that declare no dps)	-	UNMEASURED	data/machine2_cycle25_design_scan_k0_6.json
432991443859	2	1	45	-	POINT	-	UNMEASURED	data/machine2_cycle21_birth_locus.out
4332707328	2	0	-	-	UNRESOLVED-BY-KNOB (carried only by artefacts that declare no dps)	-	UNMEASURED	data/machine2_cycle27_s3_prereg.out
433270732809	7	0	-	-	UNRESOLVED-BY-KNOB (carried only by artefacts that declare no dps)	-	UNMEASURED	data/m2_c37_published_constants_census.tsv
434052229653	1	0	-	-	UNRESOLVED-BY-KNOB (carried only by artefacts that declare no dps)	-	UNMEASURED	data/machine2_cycle20_mainW2.json
434057465263	21	16	45,50,60,80,120,300	-	RANGE	-	UNMEASURED	data/c28resp/m2_c28r_btrunc.py
434062754913	1	0	-	-	UNRESOLVED-BY-KNOB (carried only by artefacts that declare no dps)	-	UNMEASURED	data/machine2_cycle24_widthlaw.json
43413789417	1	0	-	-	UNRESOLVED-BY-KNOB (carried only by artefacts that declare no dps)	-	UNMEASURED	data/machine2_cycle23_selfconsistent.json
434250744588	2	0	-	-	UNRESOLVED-BY-KNOB (carried only by artefacts that declare no dps)	-	UNMEASURED	data/machine2_cycle25_bands.json
434430434840	1	0	-	-	UNRESOLVED-BY-KNOB (carried only by artefacts that declare no dps)	-	UNMEASURED	data/machine2_cycle16_zeros_verified.json
434731661894	1	0	-	-	UNRESOLVED-BY-KNOB (carried only by artefacts that declare no dps)	-	UNMEASURED	data/machine2_cycle25_design_scan_k0_6.json
435662337686	1	0	-	-	UNRESOLVED-BY-KNOB (carried only by artefacts that declare no dps)	-	UNMEASURED	data/machine2_cycle16_scan_results.json
436327936435	1	0	-	-	UNRESOLVED-BY-KNOB (carried only by artefacts that declare no dps)	-	UNMEASURED	data/machine2_cycle25_scored.json
436726483648	1	0	-	-	UNRESOLVED-BY-KNOB (carried only by artefacts that declare no dps)	-	UNMEASURED	data/machine2_cycle16_zeros_verified.json
437003087388	1	0	-	-	UNRESOLVED-BY-KNOB (carried only by artefacts that declare no dps)	-	UNMEASURED	data/machine2_cycle20_mainW2.json
437115788395	1	0	-	-	UNRESOLVED-BY-KNOB (carried only by artefacts that declare no dps)	-	UNMEASURED	data/machine2_cycle16_scan_results.json
437126970885	1	0	-	-	UNRESOLVED-BY-KNOB (carried only by artefacts that declare no dps)	-	UNMEASURED	data/machine2_cycle20_mainW2.json
437558980038	1	0	-	-	UNRESOLVED-BY-KNOB (carried only by artefacts that declare no dps)	-	UNMEASURED	data/machine2_cycle16_scan_results.json
437612809202	1	0	-	-	UNRESOLVED-BY-KNOB (carried only by artefacts that declare no dps)	-	UNMEASURED	data/machine2_cycle23_selfconsistent.json
438178065750	1	0	-	-	UNRESOLVED-BY-KNOB (carried only by artefacts that declare no dps)	-	UNMEASURED	data/machine2_cycle16_scan_results.json
438295142432	1	0	-	-	UNRESOLVED-BY-KNOB (carried only by artefacts that declare no dps)	-	UNMEASURED	data/machine2_cycle19_nb_results.json
438629970286	1	0	-	-	UNRESOLVED-BY-KNOB (carried only by artefacts that declare no dps)	-	UNMEASURED	data/machine2_cycle16_ext_results.json
439118329809	1	0	-	-	UNRESOLVED-BY-KNOB (carried only by artefacts that declare no dps)	-	UNMEASURED	data/machine2_cycle27_s3_prereg.out
439247927908	1	0	-	-	UNRESOLVED-BY-KNOB (carried only by artefacts that declare no dps)	-	UNMEASURED	data/machine2_cycle25_design_scan_k2_4.json
440200509556	1	0	-	-	UNRESOLVED-BY-KNOB (carried only by artefacts that declare no dps)	-	UNMEASURED	data/machine2_cycle16_scan_results.json
440675890806	1	0	-	-	UNRESOLVED-BY-KNOB (carried only by artefacts that declare no dps)	-	UNMEASURED	data/machine2_cycle20_mainW2.json
440702968661	1	0	-	-	UNRESOLVED-BY-KNOB (carried only by artefacts that declare no dps)	-	UNMEASURED	data/machine2_cycle25_design_scan_k0_4.json
440985297262	1	0	-	-	UNRESOLVED-BY-KNOB (carried only by artefacts that declare no dps)	-	UNMEASURED	data/machine2_cycle20_mainW2.json
441100620598	1	1	40	-	POINT	-	UNMEASURED	data/machine2_cycle28_cover_all.json
441525158788	1	0	-	-	UNRESOLVED-BY-KNOB (carried only by artefacts that declare no dps)	-	UNMEASURED	data/machine2_cycle25_design_scan_k2_4.json
441743705758	2	0	-	-	UNRESOLVED-BY-KNOB (carried only by artefacts that declare no dps)	-	UNMEASURED	data/machine2_cycle16_ext_results.json
442280307632	1	0	-	-	UNRESOLVED-BY-KNOB (carried only by artefacts that declare no dps)	-	UNMEASURED	data/machine2_cycle16_low_results.json
442722724221	1	0	-	-	UNRESOLVED-BY-KNOB (carried only by artefacts that declare no dps)	-	UNMEASURED	data/machine2_cycle23_selfconsistent.json
444007654719	1	0	-	-	UNRESOLVED-BY-KNOB (carried only by artefacts that declare no dps)	-	UNMEASURED	data/machine2_cycle20_mainW2.json
444110037978	4	0	-	-	UNRESOLVED-BY-KNOB (carried only by artefacts that declare no dps)	-	UNMEASURED	data/m2_c37_published_constants_census.tsv
444110037979	5	1	30	-	POINT	-	UNMEASURED	data/code/m2_c30_reform_threshold.py
444141029896	1	0	-	-	UNRESOLVED-BY-KNOB (carried only by artefacts that declare no dps)	-	UNMEASURED	data/machine2_cycle16_zeros_verified.json
444141029897	1	0	-	-	UNRESOLVED-BY-KNOB (carried only by artefacts that declare no dps)	-	UNMEASURED	data/machine2_cycle16_zeros_verified.out
444460274802	1	0	-	-	UNRESOLVED-BY-KNOB (carried only by artefacts that declare no dps)	-	UNMEASURED	data/machine2_cycle20_mainW2.json
444846248721	1	0	-	-	UNRESOLVED-BY-KNOB (carried only by artefacts that declare no dps)	-	UNMEASURED	data/machine2_cycle16_scan_results.json
444965926809	1	0	-	-	UNRESOLVED-BY-KNOB (carried only by artefacts that declare no dps)	-	UNMEASURED	data/machine2_cycle27_s3_prereg.out
445472683032	1	0	-	-	UNRESOLVED-BY-KNOB (carried only by artefacts that declare no dps)	-	UNMEASURED	data/machine2_cycle23_shifts.json
445492256027	1	0	-	-	UNRESOLVED-BY-KNOB (carried only by artefacts that declare no dps)	-	UNMEASURED	data/machine2_cycle20_mainW2.json
445691442661	1	0	-	-	UNRESOLVED-BY-KNOB (carried only by artefacts that declare no dps)	-	UNMEASURED	data/machine2_cycle20_slide_K3_epstein_D7_T3.875_e0.15_T250.json
445908469455	10	4	60,80	-	RANGE	-	UNMEASURED	data/code/machine2_c31_calibrate.py
446944115018	1	0	-	-	UNRESOLVED-BY-KNOB (carried only by artefacts that declare no dps)	-	UNMEASURED	data/machine2_cycle16_low_results.json
447785557049	1	0	-	-	UNRESOLVED-BY-KNOB (carried only by artefacts that declare no dps)	-	UNMEASURED	data/machine2_cycle20_mainW2.json
447830002608	1	0	-	-	UNRESOLVED-BY-KNOB (carried only by artefacts that declare no dps)	-	UNMEASURED	data/machine2_cycle25_design_scan_k2_4.json
447923292080	1	0	-	-	UNRESOLVED-BY-KNOB (carried only by artefacts that declare no dps)	-	UNMEASURED	data/machine2_cycle20_mainW2.json
448100851174	1	0	-	-	UNRESOLVED-BY-KNOB (carried only by artefacts that declare no dps)	-	UNMEASURED	data/machine2_cycle23_selfconsistent.json
4482584935	1	0	-	-	UNRESOLVED-BY-KNOB (carried only by artefacts that declare no dps)	-	UNMEASURED	machine2-cycle8-oos-falsification-2026-09-03-RELAY-BY-astra-pa.md
448456546674	1	0	-	-	UNRESOLVED-BY-KNOB (carried only by artefacts that declare no dps)	-	UNMEASURED	data/machine2_cycle23_selfconsistent.json
449407173194	3	0	-	-	UNRESOLVED-BY-KNOB (carried only by artefacts that declare no dps)	-	UNMEASURED	data/m2_c37_published_constants_census.tsv
449421678495	1	0	-	-	UNRESOLVED-BY-KNOB (carried only by artefacts that declare no dps)	-	UNMEASURED	data/machine2_cycle25_design_scan_k0_6.json
450281590528	1	0	-	-	UNRESOLVED-BY-KNOB (carried only by artefacts that declare no dps)	-	UNMEASURED	data/machine2_cycle20_mainW2.json
450312420516	1	0	-	-	UNRESOLVED-BY-KNOB (carried only by artefacts that declare no dps)	-	UNMEASURED	data/machine2_cycle16_scan_results.json
450628694044	1	0	-	-	UNRESOLVED-BY-KNOB (carried only by artefacts that declare no dps)	-	UNMEASURED	data/machine2_cycle23_selfconsistent.json
450813523810	5	1	40	-	POINT	-	UNMEASURED	data/code/m2_c27_s3_prereg.py
450980246852	1	0	-	-	UNRESOLVED-BY-KNOB (carried only by artefacts that declare no dps)	-	UNMEASURED	data/machine2_cycle23_selfconsistent.json
451273626632	1	0	-	-	UNRESOLVED-BY-KNOB (carried only by artefacts that declare no dps)	-	UNMEASURED	data/machine2_cycle16_ext_results.json
451391519679	1	0	-	-	UNRESOLVED-BY-KNOB (carried only by artefacts that declare no dps)	-	UNMEASURED	data/machine2_cycle16_scan_results.json
452317048863	1	0	-	-	UNRESOLVED-BY-KNOB (carried only by artefacts that declare no dps)	-	UNMEASURED	data/machine2_cycle16_scan_results.json
4526772863	1	0	-	-	UNRESOLVED-BY-KNOB (carried only by artefacts that declare no dps)	-	UNMEASURED	data/machine2_cycle26_bandlaw.json
452708172668	5	5	90,110,125,150	25,30	RANGE	-	UNMEASURED	data/m2_c38_runs.json
452708172669	5	3	90,110,120,125	25,30	RANGE	-	UNMEASURED	data/code/machine2_c34_analyse.py
452894113431	1	0	-	-	UNRESOLVED-BY-KNOB (carried only by artefacts that declare no dps)	-	UNMEASURED	data/machine2_cycle16_ext_results.json
453341120154	1	0	-	-	UNRESOLVED-BY-KNOB (carried only by artefacts that declare no dps)	-	UNMEASURED	data/machine2_cycle23_selfconsistent.json
453721436589	1	0	-	-	UNRESOLVED-BY-KNOB (carried only by artefacts that declare no dps)	-	UNMEASURED	data/machine2_cycle16_ext_results.json
453779760624	1	0	-	-	UNRESOLVED-BY-KNOB (carried only by artefacts that declare no dps)	-	UNMEASURED	data/machine2_cycle25_scored.json
453943813655	1	0	-	-	UNRESOLVED-BY-KNOB (carried only by artefacts that declare no dps)	-	UNMEASURED	data/machine2_cycle16_ext_results.json
453949097357	1	1	40	-	POINT	-	UNMEASURED	data/machine2_cycle28_cover_all.json
454194500664	2	0	-	-	UNRESOLVED-BY-KNOB (carried only by artefacts that declare no dps)	-	UNMEASURED	data/m2_c37_published_constants_census.tsv
454869734958	1	0	-	-	UNRESOLVED-BY-KNOB (carried only by artefacts that declare no dps)	-	UNMEASURED	data/machine2_cycle26_bandlaw.json
454961592836	1	0	-	-	UNRESOLVED-BY-KNOB (carried only by artefacts that declare no dps)	-	UNMEASURED	data/machine2_cycle20_slide_K1_zeta_T49.7738324_e0.3_T600.json
455198402327	1	0	-	-	UNRESOLVED-BY-KNOB (carried only by artefacts that declare no dps)	-	UNMEASURED	data/machine2_cycle20_mainW2.json
455562054890	1	0	-	-	UNRESOLVED-BY-KNOB (carried only by artefacts that declare no dps)	-	UNMEASURED	data/machine2_cycle25_design_scan_k0_4.json
4556209122	1	0	-	-	UNRESOLVED-BY-KNOB (carried only by artefacts that declare no dps)	-	UNMEASURED	data/machine2_cycle25_design_scan_k0_6.json
455938087818	1	0	-	-	UNRESOLVED-BY-KNOB (carried only by artefacts that declare no dps)	-	UNMEASURED	data/machine2_cycle26_bandlaw.json
456018868566	1	0	-	-	UNRESOLVED-BY-KNOB (carried only by artefacts that declare no dps)	-	UNMEASURED	data/machine2_cycle25_scored.json
456246063930	2	0	-	-	UNRESOLVED-BY-KNOB (carried only by artefacts that declare no dps)	-	UNMEASURED	data/machine2_cycle19_nb_results.json
456296528016	1	0	-	-	UNRESOLVED-BY-KNOB (carried only by artefacts that declare no dps)	-	UNMEASURED	data/machine2_cycle15_fold_results.json
456661120810	4	0	-	-	UNRESOLVED-BY-KNOB (carried only by artefacts that declare no dps)	-	UNMEASURED	data/m2_c37_published_constants_census.tsv
456770020669	1	0	-	-	UNRESOLVED-BY-KNOB (carried only by artefacts that declare no dps)	-	UNMEASURED	data/machine2_cycle20_mainW2.json
456846516917	1	0	-	-	UNRESOLVED-BY-KNOB (carried only by artefacts that declare no dps)	-	UNMEASURED	data/machine2_cycle20_slide_K1_zeta_T0_e0.3_T600.json
457375672954	1	0	-	-	UNRESOLVED-BY-KNOB (carried only by artefacts that declare no dps)	-	UNMEASURED	data/machine2_cycle23_selfconsistent.json
457496798392	1	0	-	-	UNRESOLVED-BY-KNOB (carried only by artefacts that declare no dps)	-	UNMEASURED	data/machine2_cycle23_shifts.json
457601214095	1	0	-	-	UNRESOLVED-BY-KNOB (carried only by artefacts that declare no dps)	-	UNMEASURED	data/machine2_cycle16_ext_results.json
457704022630	1	0	-	-	UNRESOLVED-BY-KNOB (carried only by artefacts that declare no dps)	-	UNMEASURED	data/machine2_cycle24_widthlaw.json
457884839547	1	0	-	-	UNRESOLVED-BY-KNOB (carried only by artefacts that declare no dps)	-	UNMEASURED	data/machine2_cycle16_ext_results.json
457895326819	1	0	-	-	UNRESOLVED-BY-KNOB (carried only by artefacts that declare no dps)	-	UNMEASURED	data/machine2_cycle16_e1_recheck.json
458126215481	1	0	-	-	UNRESOLVED-BY-KNOB (carried only by artefacts that declare no dps)	-	UNMEASURED	data/machine2_cycle25_design_scan_k2_4.json
458254726542	1	0	-	-	UNRESOLVED-BY-KNOB (carried only by artefacts that declare no dps)	-	UNMEASURED	data/machine2_cycle20_mainW2.json
458415585822	1	0	-	-	UNRESOLVED-BY-KNOB (carried only by artefacts that declare no dps)	-	UNMEASURED	data/machine2_cycle16_ext_results.json
458488575149	1	0	-	-	UNRESOLVED-BY-KNOB (carried only by artefacts that declare no dps)	-	UNMEASURED	data/machine2_cycle20_mainW2.json
458594884122	1	0	-	-	UNRESOLVED-BY-KNOB (carried only by artefacts that declare no dps)	-	UNMEASURED	data/machine2_cycle16_ext_results.json
458610105767	1	0	-	-	UNRESOLVED-BY-KNOB (carried only by artefacts that declare no dps)	-	UNMEASURED	data/machine2_cycle16_ext_results.json
459079148376	1	0	-	-	UNRESOLVED-BY-KNOB (carried only by artefacts that declare no dps)	-	UNMEASURED	data/machine2_cycle16_ext_results.json
459196196826	1	0	-	-	UNRESOLVED-BY-KNOB (carried only by artefacts that declare no dps)	-	UNMEASURED	data/machine2_cycle16_low_results.json
459269309081	1	0	-	-	UNRESOLVED-BY-KNOB (carried only by artefacts that declare no dps)	-	UNMEASURED	data/machine2_b_vector_check.txt
459274309077	1	0	-	-	UNRESOLVED-BY-KNOB (carried only by artefacts that declare no dps)	-	UNMEASURED	data/machine2_b_vector_check.txt
459634064855	1	0	-	-	UNRESOLVED-BY-KNOB (carried only by artefacts that declare no dps)	-	UNMEASURED	data/machine2_cycle16_ext_results.json
459639694480	1	0	-	-	UNRESOLVED-BY-KNOB (carried only by artefacts that declare no dps)	-	UNMEASURED	data/machine2_cycle16_ext_results.json
459662236035	1	0	-	-	UNRESOLVED-BY-KNOB (carried only by artefacts that declare no dps)	-	UNMEASURED	data/machine2_cycle25_design_scan_k2_4.json
459871980791	1	0	-	-	UNRESOLVED-BY-KNOB (carried only by artefacts that declare no dps)	-	UNMEASURED	data/machine2_cycle19_nb_results.json
459936786863	1	0	-	-	UNRESOLVED-BY-KNOB (carried only by artefacts that declare no dps)	-	UNMEASURED	data/machine2_cycle23_r4.json
460265113147	2	0	-	-	UNRESOLVED-BY-KNOB (carried only by artefacts that declare no dps)	-	UNMEASURED	data/machine2_cycle24_breakdown.json
460600261408	1	0	-	-	UNRESOLVED-BY-KNOB (carried only by artefacts that declare no dps)	-	UNMEASURED	data/machine2_cycle20_mainW2.json
4606781977	4	0	-	-	UNRESOLVED-BY-KNOB (carried only by artefacts that declare no dps)	-	UNMEASURED	data/m2_c37_published_constants_census.tsv
4606781979	5	0	-	-	UNRESOLVED-BY-KNOB (carried only by artefacts that declare no dps)	-	UNMEASURED	data/m2_c37_published_constants_census.tsv
461305598403	1	0	-	-	UNRESOLVED-BY-KNOB (carried only by artefacts that declare no dps)	-	UNMEASURED	data/machine2_cycle19_nb_results.json
461336653063	1	0	-	-	UNRESOLVED-BY-KNOB (carried only by artefacts that declare no dps)	-	UNMEASURED	data/machine2_cycle16_ext_results.json
461612267036	1	0	-	-	UNRESOLVED-BY-KNOB (carried only by artefacts that declare no dps)	-	UNMEASURED	data/machine2_cycle16_ext_results.json
461760070580	1	0	-	-	UNRESOLVED-BY-KNOB (carried only by artefacts that declare no dps)	-	UNMEASURED	data/machine2_cycle20_slide_K1_zeta_T0_e0.3_T600.json
461805957861	1	0	-	-	UNRESOLVED-BY-KNOB (carried only by artefacts that declare no dps)	-	UNMEASURED	data/machine2_cycle16_ext_results.json
461858604002	1	0	-	-	UNRESOLVED-BY-KNOB (carried only by artefacts that declare no dps)	-	UNMEASURED	data/machine2_cycle16_ext_results.json
4619141793	1	1	60	-	POINT	-	UNMEASURED	data/machine2_dn_n70_dps60.txt
461914179322	2	1	50	-	POINT	-	UNMEASURED	data/machine2_cycle15_stage2.out
462508717810	2	0	-	-	UNRESOLVED-BY-KNOB (carried only by artefacts that declare no dps)	-	UNMEASURED	data/m2_c37_published_constants_census.tsv
462742622682	1	0	-	-	UNRESOLVED-BY-KNOB (carried only by artefacts that declare no dps)	-	UNMEASURED	data/machine2_cycle25_design_scan_k2_4.json
463089229047	1	0	-	-	UNRESOLVED-BY-KNOB (carried only by artefacts that declare no dps)	-	UNMEASURED	data/machine2_cycle23_selfconsistent.json
463273980756	1	0	-	-	UNRESOLVED-BY-KNOB (carried only by artefacts that declare no dps)	-	UNMEASURED	data/machine2_cycle25_design_scan_k0_4.json
463366473122	1	0	-	-	UNRESOLVED-BY-KNOB (carried only by artefacts that declare no dps)	-	UNMEASURED	data/machine2_cycle20_mainW2.json
463411812537	2	0	-	-	UNRESOLVED-BY-KNOB (carried only by artefacts that declare no dps)	-	UNMEASURED	data/machine2_cycle19_nb_results.json
464060075897	1	0	-	-	UNRESOLVED-BY-KNOB (carried only by artefacts that declare no dps)	-	UNMEASURED	data/machine2_cycle16_ext_results.json
464553649104	1	0	-	-	UNRESOLVED-BY-KNOB (carried only by artefacts that declare no dps)	-	UNMEASURED	data/machine2_cycle25_design_scan_k0_4.json
464702918745	1	0	-	-	UNRESOLVED-BY-KNOB (carried only by artefacts that declare no dps)	-	UNMEASURED	data/machine2_cycle20_slide_K1_zeta_T49.7738324_e0.3_T600.json
4647080266	1	1	30	-	POINT	-	UNMEASURED	data/machine2_cycle21_identity_referee.out
46485675617	3	0	-	-	UNRESOLVED-BY-KNOB (carried only by artefacts that declare no dps)	-	UNMEASURED	data/m2_c37_published_constants_census.tsv
4648937666	2	0	-	-	UNRESOLVED-BY-KNOB (carried only by artefacts that declare no dps)	-	UNMEASURED	machine2-CORRECTED-kappa-tables-2026-09-02-RELAY-BY-astra-pa.md
4648946718	3	0	-	-	UNRESOLVED-BY-KNOB (carried only by artefacts that declare no dps)	-	UNMEASURED	data/m2_c37_published_constants_census.tsv
465008767561	1	0	-	-	UNRESOLVED-BY-KNOB (carried only by artefacts that declare no dps)	-	UNMEASURED	data/machine2_cycle16_low_results.json
46502607288	1	0	-	-	UNRESOLVED-BY-KNOB (carried only by artefacts that declare no dps)	-	UNMEASURED	data/machine2_cycle26_branch.json
465373661897	1	0	-	-	UNRESOLVED-BY-KNOB (carried only by artefacts that declare no dps)	-	UNMEASURED	data/machine2_cycle20_zerosum.json
466188757236	2	0	-	-	UNRESOLVED-BY-KNOB (carried only by artefacts that declare no dps)	-	UNMEASURED	data/m2_c37_published_constants_census.tsv
466361242205	1	0	-	-	UNRESOLVED-BY-KNOB (carried only by artefacts that declare no dps)	-	UNMEASURED	data/machine2_cycle16_ext_results.json
466512040682	1	0	-	-	UNRESOLVED-BY-KNOB (carried only by artefacts that declare no dps)	-	UNMEASURED	data/machine2_cycle16_ext_results.json
466633006459	1	0	-	-	UNRESOLVED-BY-KNOB (carried only by artefacts that declare no dps)	-	UNMEASURED	data/machine2_cycle16_ext_results.json
467020472408	1	0	-	-	UNRESOLVED-BY-KNOB (carried only by artefacts that declare no dps)	-	UNMEASURED	data/machine2_cycle20_mainW2.json
467062354397	1	0	-	-	UNRESOLVED-BY-KNOB (carried only by artefacts that declare no dps)	-	UNMEASURED	data/machine2_cycle16_ext_results.json
467691889354	1	0	-	-	UNRESOLVED-BY-KNOB (carried only by artefacts that declare no dps)	-	UNMEASURED	data/machine2_cycle16_ext_results.json
467711490654	1	0	-	-	UNRESOLVED-BY-KNOB (carried only by artefacts that declare no dps)	-	UNMEASURED	data/machine2_cycle16_ext_results.json
467817629680	1	0	-	-	UNRESOLVED-BY-KNOB (carried only by artefacts that declare no dps)	-	UNMEASURED	data/machine2_cycle16_ext_results.json
467848736738	1	0	-	-	UNRESOLVED-BY-KNOB (carried only by artefacts that declare no dps)	-	UNMEASURED	data/machine2_cycle25_design_scan_k0_4.json
468356314811	1	0	-	-	UNRESOLVED-BY-KNOB (carried only by artefacts that declare no dps)	-	UNMEASURED	data/machine2_cycle27_s3_prereg.out
468623494238	1	0	-	-	UNRESOLVED-BY-KNOB (carried only by artefacts that declare no dps)	-	UNMEASURED	data/machine2_cycle26_branch.json
468999988052	3	0	-	-	UNRESOLVED-BY-KNOB (carried only by artefacts that declare no dps)	-	UNMEASURED	data/m2_c37_published_constants_census.tsv
469036472233	1	0	-	-	UNRESOLVED-BY-KNOB (carried only by artefacts that declare no dps)	-	UNMEASURED	data/machine2_cycle23_ordcheck.json
469181611188	1	0	-	-	UNRESOLVED-BY-KNOB (carried only by artefacts that declare no dps)	-	UNMEASURED	data/machine2_cycle16_ext_results.json
469308062101	1	0	-	-	UNRESOLVED-BY-KNOB (carried only by artefacts that declare no dps)	-	UNMEASURED	data/machine2_cycle24_widthlaw.json
469550380721	1	0	-	-	UNRESOLVED-BY-KNOB (carried only by artefacts that declare no dps)	-	UNMEASURED	data/machine2_cycle16_ext_results.json
470232860722	1	0	-	-	UNRESOLVED-BY-KNOB (carried only by artefacts that declare no dps)	-	UNMEASURED	data/machine2_cycle25_design_scan_k0_4.json
470871652352	1	0	-	-	UNRESOLVED-BY-KNOB (carried only by artefacts that declare no dps)	-	UNMEASURED	data/machine2_cycle19_nb_results.json
471288177426	2	0	-	-	UNRESOLVED-BY-KNOB (carried only by artefacts that declare no dps)	-	UNMEASURED	data/m2_c37_published_constants_census.tsv
471453101359	1	0	-	-	UNRESOLVED-BY-KNOB (carried only by artefacts that declare no dps)	-	UNMEASURED	data/machine2_cycle16_ext_results.json
471547175965	1	0	-	-	UNRESOLVED-BY-KNOB (carried only by artefacts that declare no dps)	-	UNMEASURED	data/machine2_cycle19_nb_results.json
471619195359	1	0	-	-	UNRESOLVED-BY-KNOB (carried only by artefacts that declare no dps)	-	UNMEASURED	data/machine2_cycle25_design_scan_k0_6.json
471850021556	2	0	-	-	UNRESOLVED-BY-KNOB (carried only by artefacts that declare no dps)	-	UNMEASURED	data/machine2_cycle19_nb_results.json
471926265500	1	0	-	-	UNRESOLVED-BY-KNOB (carried only by artefacts that declare no dps)	-	UNMEASURED	data/machine2_cycle16_ext_results.json
472508639297	1	0	-	-	UNRESOLVED-BY-KNOB (carried only by artefacts that declare no dps)	-	UNMEASURED	data/machine2_b_vector_check.txt
472516139291	1	0	-	-	UNRESOLVED-BY-KNOB (carried only by artefacts that declare no dps)	-	UNMEASURED	data/machine2_b_vector_check.txt
472586069683	1	0	-	-	UNRESOLVED-BY-KNOB (carried only by artefacts that declare no dps)	-	UNMEASURED	data/machine2_cycle16_ext_results.json
472593856349	1	0	-	-	UNRESOLVED-BY-KNOB (carried only by artefacts that declare no dps)	-	UNMEASURED	data/machine2_cycle23_ptable.json
472817124527	1	0	-	-	UNRESOLVED-BY-KNOB (carried only by artefacts that declare no dps)	-	UNMEASURED	data/machine2_cycle23_design_scan.json
472830705581	1	0	-	-	UNRESOLVED-BY-KNOB (carried only by artefacts that declare no dps)	-	UNMEASURED	data/machine2_cycle20_slide_K1_zeta_T49.7738324_e0.3_T600.json
472832204565	1	0	-	-	UNRESOLVED-BY-KNOB (carried only by artefacts that declare no dps)	-	UNMEASURED	data/machine2_cycle23_design_scan.json
472971472052	1	0	-	-	UNRESOLVED-BY-KNOB (carried only by artefacts that declare no dps)	-	UNMEASURED	data/machine2_cycle23_shifts.json
472977588172	7	1	30	-	POINT	-	UNMEASURED	data/code/m2_c30_reform_threshold.py
4729775882	1	0	-	-	UNRESOLVED-BY-KNOB (carried only by artefacts that declare no dps)	-	UNMEASURED	machine2-cycle16-void-wedge-census-and-seven-off-line-zeros.md
472992700508	1	0	-	-	UNRESOLVED-BY-KNOB (carried only by artefacts that declare no dps)	-	UNMEASURED	data/machine2_cycle16_low_results.json
473031764679	2	0	-	-	UNRESOLVED-BY-KNOB (carried only by artefacts that declare no dps)	-	UNMEASURED	data/machine2_c30_reform_threshold.out
47303176468	1	0	-	-	UNRESOLVED-BY-KNOB (carried only by artefacts that declare no dps)	-	UNMEASURED	data/machine2_cycle16_zeros_verified.out
473172413935	1	0	-	-	UNRESOLVED-BY-KNOB (carried only by artefacts that declare no dps)	-	UNMEASURED	data/machine2_cycle23_design_scan.json
473241037276	1	0	-	-	UNRESOLVED-BY-KNOB (carried only by artefacts that declare no dps)	-	UNMEASURED	data/machine2_cycle23_selfconsistent.json
473286386487	1	0	-	-	UNRESOLVED-BY-KNOB (carried only by artefacts that declare no dps)	-	UNMEASURED	data/machine2_cycle16_ext_results.json
473348642829	1	0	-	-	UNRESOLVED-BY-KNOB (carried only by artefacts that declare no dps)	-	UNMEASURED	data/machine2_cycle22_scored_witness.json
473365664387	1	0	-	-	UNRESOLVED-BY-KNOB (carried only by artefacts that declare no dps)	-	UNMEASURED	data/machine2_cycle23_design_scan.json
473416558757	1	0	-	-	UNRESOLVED-BY-KNOB (carried only by artefacts that declare no dps)	-	UNMEASURED	data/machine2_cycle23_design_scan.json
473418919489	1	0	-	-	UNRESOLVED-BY-KNOB (carried only by artefacts that declare no dps)	-	UNMEASURED	data/machine2_cycle23_design_scan.json
473420650798	5	1	45	-	POINT	-	UNMEASURED	data/c28resp/m2_census_m8_fromscratch.py
473420754514	1	0	-	-	UNRESOLVED-BY-KNOB (carried only by artefacts that declare no dps)	-	UNMEASURED	data/machine2_cycle23_design_scan.json
473573777118	1	0	-	-	UNRESOLVED-BY-KNOB (carried only by artefacts that declare no dps)	-	UNMEASURED	data/machine2_cycle16_ext_results.json
473732573954	1	0	-	-	UNRESOLVED-BY-KNOB (carried only by artefacts that declare no dps)	-	UNMEASURED	data/machine2_cycle25_scored.json
474203911811	1	0	-	-	UNRESOLVED-BY-KNOB (carried only by artefacts that declare no dps)	-	UNMEASURED	data/machine2_cycle27_s3_prereg.out
474570490346	1	0	-	-	UNRESOLVED-BY-KNOB (carried only by artefacts that declare no dps)	-	UNMEASURED	data/machine2_cycle16_ext_results.json
474659078776	1	0	-	-	UNRESOLVED-BY-KNOB (carried only by artefacts that declare no dps)	-	UNMEASURED	data/machine2_cycle20_mainW2.json
474665592479	1	0	-	-	UNRESOLVED-BY-KNOB (carried only by artefacts that declare no dps)	-	UNMEASURED	data/machine2_cycle25_design_scan_k0_6.json
474874483690	1	0	-	-	UNRESOLVED-BY-KNOB (carried only by artefacts that declare no dps)	-	UNMEASURED	data/machine2_cycle16_low_results.json
474904232666	1	0	-	-	UNRESOLVED-BY-KNOB (carried only by artefacts that declare no dps)	-	UNMEASURED	data/machine2_cycle23_design_scan.json
475163208831	1	0	-	-	UNRESOLVED-BY-KNOB (carried only by artefacts that declare no dps)	-	UNMEASURED	data/machine2_cycle16_ext_results.json
4753229135	1	0	-	-	UNRESOLVED-BY-KNOB (carried only by artefacts that declare no dps)	-	UNMEASURED	machine2-cycle17-certified-zero-census-delta-one-seventh-2026-09-04.md
475351398018	1	0	-	-	UNRESOLVED-BY-KNOB (carried only by artefacts that declare no dps)	-	UNMEASURED	data/machine2_cycle16_low_results.json
475498125005	1	0	-	-	UNRESOLVED-BY-KNOB (carried only by artefacts that declare no dps)	-	UNMEASURED	data/machine2_cycle16_low_results.json
475621284548	1	0	-	-	UNRESOLVED-BY-KNOB (carried only by artefacts that declare no dps)	-	UNMEASURED	data/machine2_cycle20_slide_K1_zeta_T49.7738324_e0.3_T600.json
475890577486	1	0	-	-	UNRESOLVED-BY-KNOB (carried only by artefacts that declare no dps)	-	UNMEASURED	data/machine2_cycle25_design_scan_k2_4.json
476088200616	1	0	-	-	UNRESOLVED-BY-KNOB (carried only by artefacts that declare no dps)	-	UNMEASURED	data/machine2_cycle25_design_scan_k0_4.json
476114704441	1	0	-	-	UNRESOLVED-BY-KNOB (carried only by artefacts that declare no dps)	-	UNMEASURED	data/machine2_cycle24_widthlaw.json
476419033348	1	0	-	-	UNRESOLVED-BY-KNOB (carried only by artefacts that declare no dps)	-	UNMEASURED	data/machine2_cycle20_slide_K1_zeta_T0_e0.3_T600.json
476700528589	1	0	-	-	UNRESOLVED-BY-KNOB (carried only by artefacts that declare no dps)	-	UNMEASURED	data/machine2_cycle16_ext_results.json
476749222437	1	0	-	-	UNRESOLVED-BY-KNOB (carried only by artefacts that declare no dps)	-	UNMEASURED	data/machine2_cycle19_nb_results.json
476752945105	1	0	-	-	UNRESOLVED-BY-KNOB (carried only by artefacts that declare no dps)	-	UNMEASURED	data/machine2_cycle19_nb_results.json
476897768814	1	0	-	-	UNRESOLVED-BY-KNOB (carried only by artefacts that declare no dps)	-	UNMEASURED	data/machine2_cycle19_nb_results.json
477042447403	1	0	-	-	UNRESOLVED-BY-KNOB (carried only by artefacts that declare no dps)	-	UNMEASURED	data/machine2_cycle16_ext_results.json
477076029587	3	1	130,150	-	RANGE	-	UNMEASURED	data/m2_c37_fprime.out
477381535604	1	0	-	-	UNRESOLVED-BY-KNOB (carried only by artefacts that declare no dps)	-	UNMEASURED	data/machine2_cycle16_scan_results.json
477385963089	1	0	-	-	UNRESOLVED-BY-KNOB (carried only by artefacts that declare no dps)	-	UNMEASURED	data/machine2_cycle23_design_scan.json
477831593368	1	0	-	-	UNRESOLVED-BY-KNOB (carried only by artefacts that declare no dps)	-	UNMEASURED	data/machine2_cycle23_selfconsistent.json
478015941095	1	0	-	-	UNRESOLVED-BY-KNOB (carried only by artefacts that declare no dps)	-	UNMEASURED	data/machine2_cycle16_ext_results.json
4780423888	1	0	-	-	UNRESOLVED-BY-KNOB (carried only by artefacts that declare no dps)	-	UNMEASURED	data/machine2_cycle25_scored.json
478205438053	1	0	-	-	UNRESOLVED-BY-KNOB (carried only by artefacts that declare no dps)	-	UNMEASURED	data/machine2_cycle16_ext_results.json
478544731968	1	0	-	-	UNRESOLVED-BY-KNOB (carried only by artefacts that declare no dps)	-	UNMEASURED	data/machine2_cycle25_design_scan_k0_4.json
4786306447	1	0	-	-	UNRESOLVED-BY-KNOB (carried only by artefacts that declare no dps)	-	UNMEASURED	data/machine2_cycle20_slide_K1_zeta_T45.666_e0.3_T600.json
479179810171	1	0	-	-	UNRESOLVED-BY-KNOB (carried only by artefacts that declare no dps)	-	UNMEASURED	data/machine2_cycle23_shifts.json
479200366455	1	0	-	-	UNRESOLVED-BY-KNOB (carried only by artefacts that declare no dps)	-	UNMEASURED	data/machine2_cycle23_selfconsistent.json
479452304022	1	0	-	-	UNRESOLVED-BY-KNOB (carried only by artefacts that declare no dps)	-	UNMEASURED	data/machine2_cycle25_design_scan_k0_4.json
4800515088	2	0	-	-	UNRESOLVED-BY-KNOB (carried only by artefacts that declare no dps)	-	UNMEASURED	data/machine2_cycle27_s3_prereg.out
480051508811	6	0	-	-	UNRESOLVED-BY-KNOB (carried only by artefacts that declare no dps)	-	UNMEASURED	data/m2_c37_published_constants_census.tsv
480515331684	1	0	-	-	UNRESOLVED-BY-KNOB (carried only by artefacts that declare no dps)	-	UNMEASURED	data/machine2_cycle20_mainW2.json
480948845934	1	0	-	-	UNRESOLVED-BY-KNOB (carried only by artefacts that declare no dps)	-	UNMEASURED	data/machine2_cycle20_mainW2.json
480965135637	1	0	-	-	UNRESOLVED-BY-KNOB (carried only by artefacts that declare no dps)	-	UNMEASURED	data/machine2_cycle25_design_scan_k0_6.json
481039859287	1	0	-	-	UNRESOLVED-BY-KNOB (carried only by artefacts that declare no dps)	-	UNMEASURED	data/machine2_cycle20_zerosum.json
481050138214	1	0	-	-	UNRESOLVED-BY-KNOB (carried only by artefacts that declare no dps)	-	UNMEASURED	data/machine2_cycle20_mainW2.json
481302733388	1	0	-	-	UNRESOLVED-BY-KNOB (carried only by artefacts that declare no dps)	-	UNMEASURED	data/machine2_cycle25_design_scan_k2_4.json
481521038803	1	0	-	-	UNRESOLVED-BY-KNOB (carried only by artefacts that declare no dps)	-	UNMEASURED	data/machine2_cycle16_scan_results.json
481986714477	1	0	-	-	UNRESOLVED-BY-KNOB (carried only by artefacts that declare no dps)	-	UNMEASURED	data/machine2_cycle25_design_scan_k0_6.json
4822269022	1	0	-	-	UNRESOLVED-BY-KNOB (carried only by artefacts that declare no dps)	-	UNMEASURED	data/machine2_cycle26_bandlaw.json
482906115273	1	1	40	-	POINT	-	UNMEASURED	data/machine2_cycle28_cover_all.json
483223978428	1	0	-	-	UNRESOLVED-BY-KNOB (carried only by artefacts that declare no dps)	-	UNMEASURED	data/machine2_cycle25_design_scan_k0_4.json
483386279999	1	0	-	-	UNRESOLVED-BY-KNOB (carried only by artefacts that declare no dps)	-	UNMEASURED	data/machine2_b_vector_check.txt
483398779989	1	0	-	-	UNRESOLVED-BY-KNOB (carried only by artefacts that declare no dps)	-	UNMEASURED	data/machine2_b_vector_check.txt
484195906411	1	0	-	-	UNRESOLVED-BY-KNOB (carried only by artefacts that declare no dps)	-	UNMEASURED	data/machine2_cycle16_ext_results.json
484323955244	1	0	-	-	UNRESOLVED-BY-KNOB (carried only by artefacts that declare no dps)	-	UNMEASURED	data/machine2_cycle16_scan_results.json
485425957159	1	0	-	-	UNRESOLVED-BY-KNOB (carried only by artefacts that declare no dps)	-	UNMEASURED	data/machine2_cycle23_selfconsistent.json
485918076334	1	0	-	-	UNRESOLVED-BY-KNOB (carried only by artefacts that declare no dps)	-	UNMEASURED	data/machine2_cycle16_ext_results.json
48600512779	1	0	-	-	UNRESOLVED-BY-KNOB (carried only by artefacts that declare no dps)	-	UNMEASURED	data/machine2_cycle23_sweep_c.json
486347814708	1	0	-	-	UNRESOLVED-BY-KNOB (carried only by artefacts that declare no dps)	-	UNMEASURED	data/machine2_cycle24_widthlaw.json
486683636569	1	0	-	-	UNRESOLVED-BY-KNOB (carried only by artefacts that declare no dps)	-	UNMEASURED	data/machine2_cycle16_ext_results.json
486835350334	1	0	-	-	UNRESOLVED-BY-KNOB (carried only by artefacts that declare no dps)	-	UNMEASURED	data/machine2_cycle16_ext_results.json
487191291149	1	0	-	-	UNRESOLVED-BY-KNOB (carried only by artefacts that declare no dps)	-	UNMEASURED	data/machine2_cycle25_design_scan_k0_6.json
487301235092	1	0	-	-	UNRESOLVED-BY-KNOB (carried only by artefacts that declare no dps)	-	UNMEASURED	data/machine2_cycle16_low_results.json
487418864255	1	0	-	-	UNRESOLVED-BY-KNOB (carried only by artefacts that declare no dps)	-	UNMEASURED	data/machine2_cycle23_shifts.json
487421884201	1	0	-	-	UNRESOLVED-BY-KNOB (carried only by artefacts that declare no dps)	-	UNMEASURED	machine2-ERRATUM-19-published-Dstar-width-175-exceeds-its-certified-accuracy-151.md
487659805679	1	0	-	-	UNRESOLVED-BY-KNOB (carried only by artefacts that declare no dps)	-	UNMEASURED	data/machine2_cycle16_ext_results.json
488014344863	1	0	-	-	UNRESOLVED-BY-KNOB (carried only by artefacts that declare no dps)	-	UNMEASURED	data/machine2_cycle25_design_scan_k0_4.json
488414229812	1	0	-	-	UNRESOLVED-BY-KNOB (carried only by artefacts that declare no dps)	-	UNMEASURED	data/machine2_cycle23_selfconsistent.json
488724458128	1	0	-	-	UNRESOLVED-BY-KNOB (carried only by artefacts that declare no dps)	-	UNMEASURED	data/machine2_cycle16_low_results.json
488784328884	1	0	-	-	UNRESOLVED-BY-KNOB (carried only by artefacts that declare no dps)	-	UNMEASURED	data/machine2_cycle20_mainW2.json
488894916794	2	0	-	-	UNRESOLVED-BY-KNOB (carried only by artefacts that declare no dps)	-	UNMEASURED	data/m2_c37_published_constants_census.tsv
488928486250	1	0	-	-	UNRESOLVED-BY-KNOB (carried only by artefacts that declare no dps)	-	UNMEASURED	data/machine2_cycle16_low_results.json
489150078700	1	0	-	-	UNRESOLVED-BY-KNOB (carried only by artefacts that declare no dps)	-	UNMEASURED	data/machine2_cycle16_ext_results.json
489164370561	1	0	-	-	UNRESOLVED-BY-KNOB (carried only by artefacts that declare no dps)	-	UNMEASURED	data/machine2_cycle20_slide_K1_zeta_T0_e0.3_T600.json
489264719640	1	0	-	-	UNRESOLVED-BY-KNOB (carried only by artefacts that declare no dps)	-	UNMEASURED	data/machine2_cycle16_scan_results.json
489340459189	1	0	-	-	UNRESOLVED-BY-KNOB (carried only by artefacts that declare no dps)	-	UNMEASURED	data/machine2_cycle23_selfconsistent.json
489716083920	1	0	-	-	UNRESOLVED-BY-KNOB (carried only by artefacts that declare no dps)	-	UNMEASURED	data/machine2_cycle16_ext_results.json
489802844553	1	0	-	-	UNRESOLVED-BY-KNOB (carried only by artefacts that declare no dps)	-	UNMEASURED	data/machine2_cycle25_design_scan_k0_4.json
490084026166	1	0	-	-	UNRESOLVED-BY-KNOB (carried only by artefacts that declare no dps)	-	UNMEASURED	data/machine2_cycle20_mainW2.json
490317487665	1	0	-	-	UNRESOLVED-BY-KNOB (carried only by artefacts that declare no dps)	-	UNMEASURED	data/machine2_cycle16_ext_results.json
490539508735	1	0	-	-	UNRESOLVED-BY-KNOB (carried only by artefacts that declare no dps)	-	UNMEASURED	data/machine2_cycle16_scan_results.json
490880749563	1	0	-	-	UNRESOLVED-BY-KNOB (carried only by artefacts that declare no dps)	-	UNMEASURED	data/machine2_cycle16_low_results.json
490881646049	1	0	-	-	UNRESOLVED-BY-KNOB (carried only by artefacts that declare no dps)	-	UNMEASURED	data/machine2_cycle23_shifts.json
490951034021	1	0	-	-	UNRESOLVED-BY-KNOB (carried only by artefacts that declare no dps)	-	UNMEASURED	data/machine2_cycle16_low_results.json
491086355059	1	0	-	-	UNRESOLVED-BY-KNOB (carried only by artefacts that declare no dps)	-	UNMEASURED	data/machine2_cycle16_ext_results.json
491427764220	1	0	-	-	UNRESOLVED-BY-KNOB (carried only by artefacts that declare no dps)	-	UNMEASURED	data/machine2_cycle20_slide_K1_zeta_T45.666_e0.3_T600.json
491436001049	1	0	-	-	UNRESOLVED-BY-KNOB (carried only by artefacts that declare no dps)	-	UNMEASURED	data/machine2_cycle16_low_results.json
491583085886	1	0	-	-	UNRESOLVED-BY-KNOB (carried only by artefacts that declare no dps)	-	UNMEASURED	data/machine2_cycle20_mainW2.json
491649960748	1	0	-	-	UNRESOLVED-BY-KNOB (carried only by artefacts that declare no dps)	-	UNMEASURED	data/machine2_b_vector_check.txt
491657593059	1	0	-	-	UNRESOLVED-BY-KNOB (carried only by artefacts that declare no dps)	-	UNMEASURED	data/machine2_cycle25_design_scan_k0_6.json
491674960727	1	0	-	-	UNRESOLVED-BY-KNOB (carried only by artefacts that declare no dps)	-	UNMEASURED	data/machine2_b_vector_check.txt
491976172790	1	0	-	-	UNRESOLVED-BY-KNOB (carried only by artefacts that declare no dps)	-	UNMEASURED	data/machine2_cycle20_slide_K3_epstein_D7_T3.875_e0.15_T250.json
492106260040	1	0	-	-	UNRESOLVED-BY-KNOB (carried only by artefacts that declare no dps)	-	UNMEASURED	data/machine2_cycle16_ext_results.json
4923492573	1	0	-	-	UNRESOLVED-BY-KNOB (carried only by artefacts that declare no dps)	-	UNMEASURED	data/machine2_cycle26_bandlaw.json
492493849579	1	0	-	-	UNRESOLVED-BY-KNOB (carried only by artefacts that declare no dps)	-	UNMEASURED	machine2-cycle8-oos-falsification-2026-09-03-RELAY-BY-astra-pa.md
492530462015	1	0	-	-	UNRESOLVED-BY-KNOB (carried only by artefacts that declare no dps)	-	UNMEASURED	data/machine2_cycle16_ext_results.json
492658310813	2	0	-	-	UNRESOLVED-BY-KNOB (carried only by artefacts that declare no dps)	-	UNMEASURED	data/m2_c37_published_constants_census.tsv
493025183648	1	0	-	-	UNRESOLVED-BY-KNOB (carried only by artefacts that declare no dps)	-	UNMEASURED	data/machine2_cycle25_scored.json
493303586170	1	0	-	-	UNRESOLVED-BY-KNOB (carried only by artefacts that declare no dps)	-	UNMEASURED	data/machine2_cycle16_ext_results.json
493360191026	1	0	-	-	UNRESOLVED-BY-KNOB (carried only by artefacts that declare no dps)	-	UNMEASURED	data/machine2_cycle16_ext_results.json
493498777522	1	0	-	-	UNRESOLVED-BY-KNOB (carried only by artefacts that declare no dps)	-	UNMEASURED	data/machine2_cycle16_ext_results.json
49396622465	1	0	-	-	UNRESOLVED-BY-KNOB (carried only by artefacts that declare no dps)	-	UNMEASURED	data/machine2_cycle25_design_scan_k0_6.json
494116359217	1	0	-	-	UNRESOLVED-BY-KNOB (carried only by artefacts that declare no dps)	-	UNMEASURED	data/machine2_cycle16_scan_results.json
494196448120	1	0	-	-	UNRESOLVED-BY-KNOB (carried only by artefacts that declare no dps)	-	UNMEASURED	data/machine2_cycle16_ext_results.json
494287099312	1	0	-	-	UNRESOLVED-BY-KNOB (carried only by artefacts that declare no dps)	-	UNMEASURED	data/machine2_cycle20_mainW2.json
494351053153	1	0	-	-	UNRESOLVED-BY-KNOB (carried only by artefacts that declare no dps)	-	UNMEASURED	data/machine2_cycle25_design_scan_k0_4.json
494710304268	1	0	-	-	UNRESOLVED-BY-KNOB (carried only by artefacts that declare no dps)	-	UNMEASURED	data/machine2_cycle16_ext_results.json
4947684914	1	1	20,30	-	RANGE	-	UNMEASURED	data/machine2_cycle17_census.json
495424307418	1	0	-	-	UNRESOLVED-BY-KNOB (carried only by artefacts that declare no dps)	-	UNMEASURED	data/machine2_cycle16_ext_results.json
495893973738	1	0	-	-	UNRESOLVED-BY-KNOB (carried only by artefacts that declare no dps)	-	UNMEASURED	data/machine2_cycle25_design_scan_k0_6.json
495961249340	1	0	-	-	UNRESOLVED-BY-KNOB (carried only by artefacts that declare no dps)	-	UNMEASURED	data/machine2_cycle27_s3_prereg.json
495961249341	1	0	-	-	UNRESOLVED-BY-KNOB (carried only by artefacts that declare no dps)	-	UNMEASURED	data/machine2_cycle27_s3_prereg.out
4962455658	1	0	-	-	UNRESOLVED-BY-KNOB (carried only by artefacts that declare no dps)	-	UNMEASURED	machine2-cycle8-oos-falsification-2026-09-03-RELAY-BY-astra-pa.md
49624556580	1	0	-	-	UNRESOLVED-BY-KNOB (carried only by artefacts that declare no dps)	-	UNMEASURED	machine2-E8-verdict-cycle6-2026-09-02.md
496345413093	1	0	-	-	UNRESOLVED-BY-KNOB (carried only by artefacts that declare no dps)	-	UNMEASURED	data/machine2_cycle23_selfconsistent.json
496434022575	1	0	-	-	UNRESOLVED-BY-KNOB (carried only by artefacts that declare no dps)	-	UNMEASURED	data/machine2_cycle16_ext_results.json
496725677836	1	0	-	-	UNRESOLVED-BY-KNOB (carried only by artefacts that declare no dps)	-	UNMEASURED	data/machine2_cycle24_widthlaw.json
496770305038	1	0	-	-	UNRESOLVED-BY-KNOB (carried only by artefacts that declare no dps)	-	UNMEASURED	data/machine2_cycle25_design_scan_k0_6.json
496887373096	1	0	-	-	UNRESOLVED-BY-KNOB (carried only by artefacts that declare no dps)	-	UNMEASURED	data/machine2_cycle20_mainW2.json
497070160792	1	0	-	-	UNRESOLVED-BY-KNOB (carried only by artefacts that declare no dps)	-	UNMEASURED	data/machine2_cycle20_mainW2.json
497738324776	4	0	-	-	UNRESOLVED-BY-KNOB (carried only by artefacts that declare no dps)	-	UNMEASURED	data/m2_c37_published_constants_census.tsv
497801925093	3	1	60	-	POINT	-	UNMEASURED	data/m2_c37_published_constants_census.tsv
497801925094	2	0	-	-	UNRESOLVED-BY-KNOB (carried only by artefacts that declare no dps)	-	UNMEASURED	data/m2_c37_published_constants_census.tsv
4978019251	1	0	-	-	UNRESOLVED-BY-KNOB (carried only by artefacts that declare no dps)	-	UNMEASURED	data/machine2_cycle15_stage3.out
497866179315	1	0	-	-	UNRESOLVED-BY-KNOB (carried only by artefacts that declare no dps)	-	UNMEASURED	data/machine2_cycle16_ext_results.json
497940953391	1	0	-	-	UNRESOLVED-BY-KNOB (carried only by artefacts that declare no dps)	-	UNMEASURED	data/machine2_cycle20_mainW2.json
498574951338	3	0	-	-	UNRESOLVED-BY-KNOB (carried only by artefacts that declare no dps)	-	UNMEASURED	data/m2_c37_published_constants_census.tsv
498586378977	1	0	-	-	UNRESOLVED-BY-KNOB (carried only by artefacts that declare no dps)	-	UNMEASURED	data/machine2_cycle16_scan_results.json
498589977445	1	0	-	-	UNRESOLVED-BY-KNOB (carried only by artefacts that declare no dps)	-	UNMEASURED	data/machine2_cycle25_prereg.json
498653301366	1	0	-	-	UNRESOLVED-BY-KNOB (carried only by artefacts that declare no dps)	-	UNMEASURED	data/machine2_cycle16_ext_results.json
498783917155	1	0	-	-	UNRESOLVED-BY-KNOB (carried only by artefacts that declare no dps)	-	UNMEASURED	data/machine2_cycle25_design_scan_k2_4.json
4988771733	1	1	60	-	POINT	-	UNMEASURED	data/m2_c30_scored.json
499002625732	1	0	-	-	UNRESOLVED-BY-KNOB (carried only by artefacts that declare no dps)	-	UNMEASURED	data/machine2_cycle16_ext_results.json
499267372156	1	0	-	-	UNRESOLVED-BY-KNOB (carried only by artefacts that declare no dps)	-	UNMEASURED	data/machine2_cycle23_shifts.json
499297994140	1	0	-	-	UNRESOLVED-BY-KNOB (carried only by artefacts that declare no dps)	-	UNMEASURED	data/machine2_cycle16_low_results.json
499330113518	1	0	-	-	UNRESOLVED-BY-KNOB (carried only by artefacts that declare no dps)	-	UNMEASURED	data/machine2_cycle16_ext_results.json
499907170602	1	0	-	-	UNRESOLVED-BY-KNOB (carried only by artefacts that declare no dps)	-	UNMEASURED	data/machine2_cycle25_design_scan_k0_4.json
500000000000	2	0	-	-	UNRESOLVED-BY-KNOB (carried only by artefacts that declare no dps)	-	UNMEASURED	data/m2_c37_published_constants_census.tsv
500000000001	2	1	50	-	POINT	-	UNMEASURED	data/machine2_cycle15_fold_results4.json
500158309334	3	0	-	-	UNRESOLVED-BY-KNOB (carried only by artefacts that declare no dps)	-	UNMEASURED	data/m2_c37_published_constants_census.tsv
500172001324	3	0	-	-	UNRESOLVED-BY-KNOB (carried only by artefacts that declare no dps)	-	UNMEASURED	data/m2_c37_published_constants_census.tsv
500276902759	3	0	-	-	UNRESOLVED-BY-KNOB (carried only by artefacts that declare no dps)	-	UNMEASURED	data/m2_c37_published_constants_census.tsv
500326041239	1	0	-	-	UNRESOLVED-BY-KNOB (carried only by artefacts that declare no dps)	-	UNMEASURED	data/machine2_cycle23_selfconsistent.json
500613837945	1	0	-	-	UNRESOLVED-BY-KNOB (carried only by artefacts that declare no dps)	-	UNMEASURED	data/machine2_cycle23_sweep_c.json
500642124548	3	0	-	-	UNRESOLVED-BY-KNOB (carried only by artefacts that declare no dps)	-	UNMEASURED	data/m2_c37_published_constants_census.tsv
500796263471	1	0	-	-	UNRESOLVED-BY-KNOB (carried only by artefacts that declare no dps)	-	UNMEASURED	data/machine2_cycle15_fold_results.json
501049241926	2	0	-	-	UNRESOLVED-BY-KNOB (carried only by artefacts that declare no dps)	-	UNMEASURED	data/machine2_cycle23_ptable.json
501137707241	1	0	-	-	UNRESOLVED-BY-KNOB (carried only by artefacts that declare no dps)	-	UNMEASURED	data/machine2_cycle20_mainW2.json
502257179794	4	0	-	-	UNRESOLVED-BY-KNOB (carried only by artefacts that declare no dps)	-	UNMEASURED	data/m2_c37_published_constants_census.tsv
502561389615	1	0	-	-	UNRESOLVED-BY-KNOB (carried only by artefacts that declare no dps)	-	UNMEASURED	data/machine2_cycle29_s3_scored.json
502699766087	1	0	-	-	UNRESOLVED-BY-KNOB (carried only by artefacts that declare no dps)	-	UNMEASURED	data/machine2_cycle29_s3_scored.json
502802061798	1	0	-	-	UNRESOLVED-BY-KNOB (carried only by artefacts that declare no dps)	-	UNMEASURED	data/machine2_cycle29_s3_scored.json
503123386649	1	0	-	-	UNRESOLVED-BY-KNOB (carried only by artefacts that declare no dps)	-	UNMEASURED	data/machine2_cycle20_mainW2.json
50318602614	1	0	-	-	UNRESOLVED-BY-KNOB (carried only by artefacts that declare no dps)	-	UNMEASURED	data/machine2_cycle20_mainW2.json
503559183010	1	0	-	-	UNRESOLVED-BY-KNOB (carried only by artefacts that declare no dps)	-	UNMEASURED	data/machine2_cycle25_design_scan_k2_4.json
50387797394	1	0	-	-	UNRESOLVED-BY-KNOB (carried only by artefacts that declare no dps)	-	UNMEASURED	data/machine2_debate_n8_sanity.out
5038860198	1	0	-	-	UNRESOLVED-BY-KNOB (carried only by artefacts that declare no dps)	-	UNMEASURED	data/machine2_cycle23_design_scan.json
504476582900	1	0	-	-	UNRESOLVED-BY-KNOB (carried only by artefacts that declare no dps)	-	UNMEASURED	data/machine2_cycle25_design_scan_k2_4.json
504588332051	1	0	-	-	UNRESOLVED-BY-KNOB (carried only by artefacts that declare no dps)	-	UNMEASURED	data/machine2_cycle20_mainW2.json
504769218586	1	0	-	-	UNRESOLVED-BY-KNOB (carried only by artefacts that declare no dps)	-	UNMEASURED	data/machine2_cycle29_s3_scored.json
505015773348	1	0	-	-	UNRESOLVED-BY-KNOB (carried only by artefacts that declare no dps)	-	UNMEASURED	data/machine2_cycle24_widthlaw.json
505370418148	1	0	-	-	UNRESOLVED-BY-KNOB (carried only by artefacts that declare no dps)	-	UNMEASURED	data/machine2_cycle23_selfconsistent.json
5059151051	2	1	200	-	POINT	-	UNMEASURED	data/code/m2_c38_score2.py
506097365069	1	0	-	-	UNRESOLVED-BY-KNOB (carried only by artefacts that declare no dps)	-	UNMEASURED	data/machine2_cycle23_shifts.json
506612414633	1	0	-	-	UNRESOLVED-BY-KNOB (carried only by artefacts that declare no dps)	-	UNMEASURED	data/machine2_cycle22_scored_witness.json
5067466372	1	0	-	-	UNRESOLVED-BY-KNOB (carried only by artefacts that declare no dps)	-	UNMEASURED	data/machine2_cycle20_slide_K3_epstein_D7_T4.65_e0.15_T250.json
506979690747	1	0	-	-	UNRESOLVED-BY-KNOB (carried only by artefacts that declare no dps)	-	UNMEASURED	data/machine2_cycle20_mainW2.json
5069878213	1	1	30	-	POINT	-	UNMEASURED	data/machine2_cycle21_identity_referee.out
5069878671	1	1	30	-	POINT	-	UNMEASURED	data/machine2_cycle21_identity_referee.out
50713137459	1	0	-	-	UNRESOLVED-BY-KNOB (carried only by artefacts that declare no dps)	-	UNMEASURED	data/machine2_b_vector_check.txt
507132207922	1	0	-	-	UNRESOLVED-BY-KNOB (carried only by artefacts that declare no dps)	-	UNMEASURED	data/machine2_b_vector_check.txt
507597738802	1	0	-	-	UNRESOLVED-BY-KNOB (carried only by artefacts that declare no dps)	-	UNMEASURED	data/machine2_cycle25_design_scan_k0_6.json
507655390966	1	0	-	-	UNRESOLVED-BY-KNOB (carried only by artefacts that declare no dps)	-	UNMEASURED	data/machine2_cycle19_nb_results.json
507951629136	1	0	-	-	UNRESOLVED-BY-KNOB (carried only by artefacts that declare no dps)	-	UNMEASURED	data/machine2_cycle25_design_scan_k0_6.json
508005261622	1	0	-	-	UNRESOLVED-BY-KNOB (carried only by artefacts that declare no dps)	-	UNMEASURED	data/machine2_cycle16_ext_results.json
508116734042	1	0	-	-	UNRESOLVED-BY-KNOB (carried only by artefacts that declare no dps)	-	UNMEASURED	data/machine2_cycle16_zeros_verified.json
508272497121	1	0	-	-	UNRESOLVED-BY-KNOB (carried only by artefacts that declare no dps)	-	UNMEASURED	data/machine2_cycle20_mainW2.json
508647098128	1	0	-	-	UNRESOLVED-BY-KNOB (carried only by artefacts that declare no dps)	-	UNMEASURED	data/machine2_cycle20_mainW2.json
509314709877	1	0	-	-	UNRESOLVED-BY-KNOB (carried only by artefacts that declare no dps)	-	UNMEASURED	data/machine2_cycle16_e1_recheck.json
509376993008	2	0	-	-	UNRESOLVED-BY-KNOB (carried only by artefacts that declare no dps)	-	UNMEASURED	data/m2_c37_published_constants_census.tsv
509415984457	1	0	-	-	UNRESOLVED-BY-KNOB (carried only by artefacts that declare no dps)	-	UNMEASURED	data/machine2_cycle20_zerosum.json
50955736541	3	0	-	-	UNRESOLVED-BY-KNOB (carried only by artefacts that declare no dps)	-	UNMEASURED	data/m2_c37_published_constants_census.tsv
509667011497	3	0	-	-	UNRESOLVED-BY-KNOB (carried only by artefacts that declare no dps)	-	UNMEASURED	data/machine2_cycle29_s3_grade.out
509755812489	1	0	-	-	UNRESOLVED-BY-KNOB (carried only by artefacts that declare no dps)	-	UNMEASURED	data/machine2_cycle25_scored.json
510261815058	1	0	-	-	UNRESOLVED-BY-KNOB (carried only by artefacts that declare no dps)	-	UNMEASURED	data/machine2_cycle19_nb_results.json
510363800470	1	1	45	-	POINT	-	UNMEASURED	data/machine2_cycle21_birth_locus.out
510363800471	1	1	45	-	POINT	-	UNMEASURED	data/machine2_cycle21_birth_locus.out
510430576137	1	0	-	-	UNRESOLVED-BY-KNOB (carried only by artefacts that declare no dps)	-	UNMEASURED	data/machine2_cycle19_nb_results.json
510600416175	1	0	-	-	UNRESOLVED-BY-KNOB (carried only by artefacts that declare no dps)	-	UNMEASURED	data/machine2_floor_kernel_check.out
510899482066	1	0	-	-	UNRESOLVED-BY-KNOB (carried only by artefacts that declare no dps)	-	UNMEASURED	data/machine2_cycle23_design_scan.json
511082634031	3	0	-	-	UNRESOLVED-BY-KNOB (carried only by artefacts that declare no dps)	-	UNMEASURED	data/m2_c37_published_constants_census.tsv
511100274537	1	1	40	-	POINT	-	UNMEASURED	data/machine2_cycle28_cover_all.json
511191877074	1	0	-	-	UNRESOLVED-BY-KNOB (carried only by artefacts that declare no dps)	-	UNMEASURED	data/machine2_cycle29_s3_scored.json
5111918771	1	0	-	-	UNRESOLVED-BY-KNOB (carried only by artefacts that declare no dps)	-	UNMEASURED	data/machine2_cycle27_s3_prereg.json
511197782994	2	0	-	-	UNRESOLVED-BY-KNOB (carried only by artefacts that declare no dps)	-	UNMEASURED	data/machine2_cycle25_prereg.json
511767372529	2	0	-	-	UNRESOLVED-BY-KNOB (carried only by artefacts that declare no dps)	-	UNMEASURED	data/machine2_cycle24_breakdown.json
511774780273	1	0	-	-	UNRESOLVED-BY-KNOB (carried only by artefacts that declare no dps)	-	UNMEASURED	data/machine2_cycle25_design_scan_k0_6.json
511788660672	1	0	-	-	UNRESOLVED-BY-KNOB (carried only by artefacts that declare no dps)	-	UNMEASURED	data/machine2_cycle23_selfconsistent.json
512277923078	3	0	-	-	UNRESOLVED-BY-KNOB (carried only by artefacts that declare no dps)	-	UNMEASURED	data/machine2_cycle29_s3_grade.out
512978708286	1	0	-	-	UNRESOLVED-BY-KNOB (carried only by artefacts that declare no dps)	-	UNMEASURED	data/machine2_cycle20_slide_K1_zeta_T0_e0.3_T600.json
513564318147	1	0	-	-	UNRESOLVED-BY-KNOB (carried only by artefacts that declare no dps)	-	UNMEASURED	data/machine2_cycle23_selfconsistent.json
513621518162	5	0	-	-	UNRESOLVED-BY-KNOB (carried only by artefacts that declare no dps)	-	UNMEASURED	data/m2_c37_published_constants_census.tsv
513762881073	1	0	-	-	UNRESOLVED-BY-KNOB (carried only by artefacts that declare no dps)	-	UNMEASURED	data/machine2_cycle20_slide_K3_epstein_D7_T4.65_e0.15_T250.json
514443615448	3	0	-	-	UNRESOLVED-BY-KNOB (carried only by artefacts that declare no dps)	-	UNMEASURED	data/m2_c37_published_constants_census.tsv
515072381894	22	17	45,50,60,80,120,300	-	RANGE	-	UNMEASURED	data/c28resp/m2_c28r_btrunc.py
515665764901	1	0	-	-	UNRESOLVED-BY-KNOB (carried only by artefacts that declare no dps)	-	UNMEASURED	data/machine2_cycle23_selfconsistent.json
515710153002	3	0	-	-	UNRESOLVED-BY-KNOB (carried only by artefacts that declare no dps)	-	UNMEASURED	data/m2_c37_published_constants_census.tsv
515776458634	1	0	-	-	UNRESOLVED-BY-KNOB (carried only by artefacts that declare no dps)	-	UNMEASURED	data/machine2_c31_fitness.out
516245690131	1	0	-	-	UNRESOLVED-BY-KNOB (carried only by artefacts that declare no dps)	-	UNMEASURED	data/machine2_cycle25_design_scan_k0_6.json
516551372228	1	0	-	-	UNRESOLVED-BY-KNOB (carried only by artefacts that declare no dps)	-	UNMEASURED	data/machine2_cycle19_nb_results.json
516626812958	2	2	40	-	POINT	-	UNMEASURED	data/machine2_cycle27_firesflip_c1.json
516691035226	1	0	-	-	UNRESOLVED-BY-KNOB (carried only by artefacts that declare no dps)	-	UNMEASURED	data/machine2_cycle25_design_scan_k0_6.json
516724214176	2	0	-	-	UNRESOLVED-BY-KNOB (carried only by artefacts that declare no dps)	-	UNMEASURED	data/m2_c37_published_constants_census.tsv
5167242142	1	0	-	-	UNRESOLVED-BY-KNOB (carried only by artefacts that declare no dps)	-	UNMEASURED	data/machine2_cycle24_groundtruth.out
517272729187	1	0	-	-	UNRESOLVED-BY-KNOB (carried only by artefacts that declare no dps)	-	UNMEASURED	data/machine2_cycle25_design_scan_k2_4.json
517280385275	1	0	-	-	UNRESOLVED-BY-KNOB (carried only by artefacts that declare no dps)	-	UNMEASURED	data/machine2_cycle25_design_scan_k0_4.json
517891088459	1	0	-	-	UNRESOLVED-BY-KNOB (carried only by artefacts that declare no dps)	-	UNMEASURED	data/machine2_cycle29_s3_scored.json
517901472554	1	0	-	-	UNRESOLVED-BY-KNOB (carried only by artefacts that declare no dps)	-	UNMEASURED	data/machine2_cycle25_design_scan_k0_4.json
517910898725	1	0	-	-	UNRESOLVED-BY-KNOB (carried only by artefacts that declare no dps)	-	UNMEASURED	data/machine2_cycle20_slide_K1_zeta_T45.666_e0.3_T600.json
518344921832	1	0	-	-	UNRESOLVED-BY-KNOB (carried only by artefacts that declare no dps)	-	UNMEASURED	data/machine2_cycle25_design_scan_k0_6.json
518383651422	1	0	-	-	UNRESOLVED-BY-KNOB (carried only by artefacts that declare no dps)	-	UNMEASURED	data/machine2_cycle23_sweep_c.json
518771146259	2	0	-	-	UNRESOLVED-BY-KNOB (carried only by artefacts that declare no dps)	-	UNMEASURED	data/m2_c37_published_constants_census.tsv
518900096435	1	0	-	-	UNRESOLVED-BY-KNOB (carried only by artefacts that declare no dps)	-	UNMEASURED	data/machine2_cycle25_design_scan_k0_6.json
5189444036	1	0	-	-	UNRESOLVED-BY-KNOB (carried only by artefacts that declare no dps)	-	UNMEASURED	data/machine2_cycle29_s3_scored.json
518950262578	1	0	-	-	UNRESOLVED-BY-KNOB (carried only by artefacts that declare no dps)	-	UNMEASURED	data/machine2_cycle16_scan_results.json
519538985075	1	1	50	-	POINT	-	UNMEASURED	data/machine2_dn_dps50_n30.json
520189126762	2	0	-	-	UNRESOLVED-BY-KNOB (carried only by artefacts that declare no dps)	-	UNMEASURED	data/machine2_cycle19_nb_results.json
520308811025	1	0	-	-	UNRESOLVED-BY-KNOB (carried only by artefacts that declare no dps)	-	UNMEASURED	data/machine2_cycle29_s3_scored.json
521212587904	2	0	-	-	UNRESOLVED-BY-KNOB (carried only by artefacts that declare no dps)	-	UNMEASURED	data/m2_c37_published_constants_census.tsv
521444622228	1	0	-	-	UNRESOLVED-BY-KNOB (carried only by artefacts that declare no dps)	-	UNMEASURED	data/machine2_cycle25_design_scan_k2_4.json
521682592635	1	0	-	-	UNRESOLVED-BY-KNOB (carried only by artefacts that declare no dps)	-	UNMEASURED	data/machine2_cycle23_selfconsistent.json
5222670867	1	1	20,30	-	RANGE	-	UNMEASURED	data/machine2_cycle17_census.json
522290821270	1	0	-	-	UNRESOLVED-BY-KNOB (carried only by artefacts that declare no dps)	-	UNMEASURED	data/machine2_cycle19_nb_results.json
522779179368	1	0	-	-	UNRESOLVED-BY-KNOB (carried only by artefacts that declare no dps)	-	UNMEASURED	data/machine2_cycle25_design_scan_k0_6.json
523036052691	1	0	-	-	UNRESOLVED-BY-KNOB (carried only by artefacts that declare no dps)	-	UNMEASURED	data/machine2_cycle16_zeros_verified.json
523255204161	1	0	-	-	UNRESOLVED-BY-KNOB (carried only by artefacts that declare no dps)	-	UNMEASURED	data/machine2_cycle23_design_scan.json
523803738654	1	0	-	-	UNRESOLVED-BY-KNOB (carried only by artefacts that declare no dps)	-	UNMEASURED	data/machine2_cycle23_selfconsistent.json
524084622282	1	0	-	-	UNRESOLVED-BY-KNOB (carried only by artefacts that declare no dps)	-	UNMEASURED	data/machine2_cycle20_mainW2.json
524236067510	1	0	-	-	UNRESOLVED-BY-KNOB (carried only by artefacts that declare no dps)	-	UNMEASURED	data/machine2_cycle24_widthlaw.json
5243633582	1	0	-	-	UNRESOLVED-BY-KNOB (carried only by artefacts that declare no dps)	-	UNMEASURED	data/machine2_cycle23_shifts.json
5246770865	4	1	30	-	POINT	-	UNMEASURED	data/code/m2_c30_reform_threshold.py
524677086510	4	0	-	-	UNRESOLVED-BY-KNOB (carried only by artefacts that declare no dps)	-	UNMEASURED	data/m2_c37_published_constants_census.tsv
525017932546	1	0	-	-	UNRESOLVED-BY-KNOB (carried only by artefacts that declare no dps)	-	UNMEASURED	data/machine2_b_vector_check.txt
525205368865	1	0	-	-	UNRESOLVED-BY-KNOB (carried only by artefacts that declare no dps)	-	UNMEASURED	data/machine2_cycle25_design_scan_k0_6.json
526081032570	1	0	-	-	UNRESOLVED-BY-KNOB (carried only by artefacts that declare no dps)	-	UNMEASURED	data/machine2_cycle26_bandlaw.json
526090652515	1	0	-	-	UNRESOLVED-BY-KNOB (carried only by artefacts that declare no dps)	-	UNMEASURED	data/machine2_cycle20_mainW2.json
527250574564	1	0	-	-	UNRESOLVED-BY-KNOB (carried only by artefacts that declare no dps)	-	UNMEASURED	data/machine2_cycle23_design_scan.json
528711822573	5	0	-	-	UNRESOLVED-BY-KNOB (carried only by artefacts that declare no dps)	-	UNMEASURED	data/m2_c37_published_constants_census.tsv
528908694244	1	0	-	-	UNRESOLVED-BY-KNOB (carried only by artefacts that declare no dps)	-	UNMEASURED	machine2-c36-prereg-filed-before-any-compute.md
528985377539	1	0	-	-	UNRESOLVED-BY-KNOB (carried only by artefacts that declare no dps)	-	UNMEASURED	data/machine2_cycle24_widthlaw.json
529041648577	1	0	-	-	UNRESOLVED-BY-KNOB (carried only by artefacts that declare no dps)	-	UNMEASURED	data/machine2_cycle20_mainW2.json
52954406034	1	0	-	-	UNRESOLVED-BY-KNOB (carried only by artefacts that declare no dps)	-	UNMEASURED	data/machine2_cycle23_sweep_c.json
529703214777	4	0	-	-	UNRESOLVED-BY-KNOB (carried only by artefacts that declare no dps)	-	UNMEASURED	data/m2_c37_published_constants_census.tsv
5298473108	2	0	-	-	UNRESOLVED-BY-KNOB (carried only by artefacts that declare no dps)	-	UNMEASURED	data/machine2_cycle27_s3_prereg.out
530516387082	1	0	-	-	UNRESOLVED-BY-KNOB (carried only by artefacts that declare no dps)	-	UNMEASURED	data/machine2_cycle20_slide_K1_zeta_T0_e0.3_T600.json
530547568673	1	0	-	-	UNRESOLVED-BY-KNOB (carried only by artefacts that declare no dps)	-	UNMEASURED	data/machine2_cycle20_mainW2.json
531567803766	1	0	-	-	UNRESOLVED-BY-KNOB (carried only by artefacts that declare no dps)	-	UNMEASURED	data/machine2_cycle20_slide_K1_zeta_T49.7738324_e0.3_T600.json
531691198313	13	8	90,110,125,150	25,30	RANGE	-	UNMEASURED	data/m2_c37_published_constants_census.tsv
531691198314	1	0	-	-	UNRESOLVED-BY-KNOB (carried only by artefacts that declare no dps)	-	UNMEASURED	machine2-c34-the-Dstar-literal-is-removed-and-the-floor-is-not-a-number.md
531987512261	1	0	-	-	UNRESOLVED-BY-KNOB (carried only by artefacts that declare no dps)	-	UNMEASURED	data/machine2_cycle20_mainW2.json
532087287837	1	0	-	-	UNRESOLVED-BY-KNOB (carried only by artefacts that declare no dps)	-	UNMEASURED	data/machine2_cycle20_mainW2.json
532150049538	1	0	-	-	UNRESOLVED-BY-KNOB (carried only by artefacts that declare no dps)	-	UNMEASURED	data/machine2_cycle20_mainW2.json
532312332319	1	0	-	-	UNRESOLVED-BY-KNOB (carried only by artefacts that declare no dps)	-	UNMEASURED	data/machine2_cycle16_low_results.json
532660218082	3	0	-	-	UNRESOLVED-BY-KNOB (carried only by artefacts that declare no dps)	-	UNMEASURED	data/machine2_cycle27_s3_prereg.json
533124994777	1	0	-	-	UNRESOLVED-BY-KNOB (carried only by artefacts that declare no dps)	-	UNMEASURED	data/machine2_cycle15_fold_results5.json
5331249948	5	0	-	-	UNRESOLVED-BY-KNOB (carried only by artefacts that declare no dps)	-	UNMEASURED	data/m2_c37_published_constants_census.tsv
533253260931	1	0	-	-	UNRESOLVED-BY-KNOB (carried only by artefacts that declare no dps)	-	UNMEASURED	data/machine2_cycle15_fold_results.json
533361011955	1	0	-	-	UNRESOLVED-BY-KNOB (carried only by artefacts that declare no dps)	-	UNMEASURED	data/machine2_cycle20_mainW2.json
533436883224	1	0	-	-	UNRESOLVED-BY-KNOB (carried only by artefacts that declare no dps)	-	UNMEASURED	data/machine2_cycle25_design_scan_k2_4.json
534363972867	1	0	-	-	UNRESOLVED-BY-KNOB (carried only by artefacts that declare no dps)	-	UNMEASURED	data/machine2_cycle20_mainW2.json
534456876769	2	0	-	-	UNRESOLVED-BY-KNOB (carried only by artefacts that declare no dps)	-	UNMEASURED	data/machine2_cycle20_mainW2.json
534509815536	1	0	-	-	UNRESOLVED-BY-KNOB (carried only by artefacts that declare no dps)	-	UNMEASURED	data/machine2_cycle19_nb_results.json
534554651556	1	1	50	-	POINT	-	UNMEASURED	data/machine2_dn_dps50_n30.json
534751514792	1	0	-	-	UNRESOLVED-BY-KNOB (carried only by artefacts that declare no dps)	-	UNMEASURED	data/machine2_cycle24_widthlaw.json
535116419854	1	0	-	-	UNRESOLVED-BY-KNOB (carried only by artefacts that declare no dps)	-	UNMEASURED	data/machine2_cycle25_design_scan_k2_4.json
535299895709	2	0	-	-	UNRESOLVED-BY-KNOB (carried only by artefacts that declare no dps)	-	UNMEASURED	data/machine2_cycle23_scored.json
535786075838	1	0	-	-	UNRESOLVED-BY-KNOB (carried only by artefacts that declare no dps)	-	UNMEASURED	data/machine2_cycle25_design_scan_k0_6.json
535896824695	1	0	-	-	UNRESOLVED-BY-KNOB (carried only by artefacts that declare no dps)	-	UNMEASURED	data/machine2_cycle20_zerosum.json
536561228553	1	0	-	-	UNRESOLVED-BY-KNOB (carried only by artefacts that declare no dps)	-	UNMEASURED	data/machine2_cycle25_design_scan_k0_6.json
536618048230	1	1	40	-	POINT	-	UNMEASURED	data/machine2_cycle28_cover_all.json
536633526877	1	0	-	-	UNRESOLVED-BY-KNOB (carried only by artefacts that declare no dps)	-	UNMEASURED	data/machine2_cycle20_mainW2.json
537053380375	3	0	-	-	UNRESOLVED-BY-KNOB (carried only by artefacts that declare no dps)	-	UNMEASURED	data/machine2_cycle29_s3_grade.out
537421324233	1	1	50	-	POINT	-	UNMEASURED	data/machine2_dn_dps50_n30.json
5375576109	3	0	-	-	UNRESOLVED-BY-KNOB (carried only by artefacts that declare no dps)	-	UNMEASURED	data/machine2_cycle25_grade.json
537628484687	1	0	-	-	UNRESOLVED-BY-KNOB (carried only by artefacts that declare no dps)	-	UNMEASURED	data/machine2_cycle29_s3_scored.json
537810507947	1	0	-	-	UNRESOLVED-BY-KNOB (carried only by artefacts that declare no dps)	-	UNMEASURED	data/machine2_cycle19_nb_results.json
5382673295	1	0	-	-	UNRESOLVED-BY-KNOB (carried only by artefacts that declare no dps)	-	UNMEASURED	data/machine2_cycle23_shifts.json
538283820616	1	1	90	25	POINT	-	UNMEASURED	data/machine2_c35_signgroup.json
538319483697	1	0	-	-	UNRESOLVED-BY-KNOB (carried only by artefacts that declare no dps)	-	UNMEASURED	data/machine2_cycle26_bandlaw.json
53909534933	1	0	-	-	UNRESOLVED-BY-KNOB (carried only by artefacts that declare no dps)	-	UNMEASURED	data/machine2_cycle29_s3_scored.json
5391600435	4	0	-	-	UNRESOLVED-BY-KNOB (carried only by artefacts that declare no dps)	-	UNMEASURED	data/machine2_cycle25_bands.json
53980735087	1	0	-	-	UNRESOLVED-BY-KNOB (carried only by artefacts that declare no dps)	-	UNMEASURED	data/machine2_cycle25_design_scan_k0_4.json
539953217382	3	0	-	-	UNRESOLVED-BY-KNOB (carried only by artefacts that declare no dps)	-	UNMEASURED	data/machine2_cycle29_s3_grade.out
540182281659	1	0	-	-	UNRESOLVED-BY-KNOB (carried only by artefacts that declare no dps)	-	UNMEASURED	data/machine2_cycle16_gate1.json
540699583701	1	0	-	-	UNRESOLVED-BY-KNOB (carried only by artefacts that declare no dps)	-	UNMEASURED	data/machine2_cycle25_design_scan_k0_6.json
540840688766	1	0	-	-	UNRESOLVED-BY-KNOB (carried only by artefacts that declare no dps)	-	UNMEASURED	data/machine2_cycle25_design_scan_k0_6.json
541042357093	3	0	-	-	UNRESOLVED-BY-KNOB (carried only by artefacts that declare no dps)	-	UNMEASURED	data/m2_c37_published_constants_census.tsv
541615672504	1	1	90,110,125	25,30	RANGE	-	UNMEASURED	data/machine2_c34_refit.json
541615672505	2	2	90,110,125	25,30	RANGE	-	UNMEASURED	data/machine2_c34_refit_batch2.out
541624431831	1	1	90,125,150	25,30	RANGE	-	UNMEASURED	data/m2_c38_runs.json
541809444058	1	0	-	-	UNRESOLVED-BY-KNOB (carried only by artefacts that declare no dps)	-	UNMEASURED	data/machine2_cycle24_widthlaw.json
542529383185	2	0	-	-	UNRESOLVED-BY-KNOB (carried only by artefacts that declare no dps)	-	UNMEASURED	data/machine2_cycle15_fold_results8.json
542704819511	3	0	-	-	UNRESOLVED-BY-KNOB (carried only by artefacts that declare no dps)	-	UNMEASURED	data/m2_c37_published_constants_census.tsv
543087125482	1	0	-	-	UNRESOLVED-BY-KNOB (carried only by artefacts that declare no dps)	-	UNMEASURED	data/machine2_cycle16_low_results.json
543108949663	1	0	-	-	UNRESOLVED-BY-KNOB (carried only by artefacts that declare no dps)	-	UNMEASURED	data/machine2_cycle20_mainW2.json
543973661351	2	0	-	-	UNRESOLVED-BY-KNOB (carried only by artefacts that declare no dps)	-	UNMEASURED	data/machine2_cycle19_nb_results.json
544050328093	1	0	-	-	UNRESOLVED-BY-KNOB (carried only by artefacts that declare no dps)	-	UNMEASURED	data/machine2_cycle20_mainW2.json
544294903525	1	0	-	-	UNRESOLVED-BY-KNOB (carried only by artefacts that declare no dps)	-	UNMEASURED	data/machine2_cycle23_design_scan.json
544384108129	1	0	-	-	UNRESOLVED-BY-KNOB (carried only by artefacts that declare no dps)	-	UNMEASURED	data/machine2_cycle20_mainW2.json
544541165111	1	0	-	-	UNRESOLVED-BY-KNOB (carried only by artefacts that declare no dps)	-	UNMEASURED	data/machine2_cycle20_mainW2.json
545194511648	2	0	-	-	UNRESOLVED-BY-KNOB (carried only by artefacts that declare no dps)	-	UNMEASURED	data/machine2_cycle19_nb_results.json
545357296502	1	0	-	-	UNRESOLVED-BY-KNOB (carried only by artefacts that declare no dps)	-	UNMEASURED	data/machine2_cycle23_selfconsistent.json
545595892955	1	0	-	-	UNRESOLVED-BY-KNOB (carried only by artefacts that declare no dps)	-	UNMEASURED	data/machine2_cycle19_nb_results.json
545866901873	1	0	-	-	UNRESOLVED-BY-KNOB (carried only by artefacts that declare no dps)	-	UNMEASURED	data/machine2_cycle25_design_scan_k2_4.json
546127678156	1	0	-	-	UNRESOLVED-BY-KNOB (carried only by artefacts that declare no dps)	-	UNMEASURED	data/machine2_cycle20_zerosum.json
546144323645	3	0	-	-	UNRESOLVED-BY-KNOB (carried only by artefacts that declare no dps)	-	UNMEASURED	data/machine2_cycle15_fold_results7.json
546145847401	30	16	45,50,60,80,120,300	-	RANGE	-	UNMEASURED	data/c28resp/m2_c28r_btrunc.py
546145847402	1	0	-	-	UNRESOLVED-BY-KNOB (carried only by artefacts that declare no dps)	-	UNMEASURED	data/machine2_cycle20_zerosum.json
546163411701	1	0	-	-	UNRESOLVED-BY-KNOB (carried only by artefacts that declare no dps)	-	UNMEASURED	data/machine2_cycle20_mainW2.json
546176267557	1	0	-	-	UNRESOLVED-BY-KNOB (carried only by artefacts that declare no dps)	-	UNMEASURED	data/machine2_cycle23_design_scan.json
547082845873	2	0	-	-	UNRESOLVED-BY-KNOB (carried only by artefacts that declare no dps)	-	UNMEASURED	data/m2_c37_published_constants_census.tsv
547352259169	1	0	-	-	UNRESOLVED-BY-KNOB (carried only by artefacts that declare no dps)	-	UNMEASURED	data/machine2_cycle20_mainW2.json
547648719998	1	0	-	-	UNRESOLVED-BY-KNOB (carried only by artefacts that declare no dps)	-	UNMEASURED	data/machine2_cycle20_mainW2.json
547734371050	1	0	-	-	UNRESOLVED-BY-KNOB (carried only by artefacts that declare no dps)	-	UNMEASURED	data/machine2_cycle20_mainW2.json
547808587544	1	0	-	-	UNRESOLVED-BY-KNOB (carried only by artefacts that declare no dps)	-	UNMEASURED	data/machine2_cycle23_design_scan.json
548594522651	1	0	-	-	UNRESOLVED-BY-KNOB (carried only by artefacts that declare no dps)	-	UNMEASURED	data/machine2_cycle23_selfconsistent.json
549050868889	4	0	-	-	UNRESOLVED-BY-KNOB (carried only by artefacts that declare no dps)	-	UNMEASURED	data/m2_c37_published_constants_census.tsv
549778714378	1	0	-	-	UNRESOLVED-BY-KNOB (carried only by artefacts that declare no dps)	-	UNMEASURED	data/machine2_cycle15_fold_results7.json
5505194796	1	1	20,30	-	RANGE	-	UNMEASURED	data/machine2_cycle17_census.json
550883492941	1	0	-	-	UNRESOLVED-BY-KNOB (carried only by artefacts that declare no dps)	-	UNMEASURED	data/machine2_cycle20_mainW2.json
551837837963	1	0	-	-	UNRESOLVED-BY-KNOB (carried only by artefacts that declare no dps)	-	UNMEASURED	data/machine2_cycle20_mainW2.json
552009398649	1	0	-	-	UNRESOLVED-BY-KNOB (carried only by artefacts that declare no dps)	-	UNMEASURED	data/machine2_cycle27_s3_prereg.json
55200939865	1	0	-	-	UNRESOLVED-BY-KNOB (carried only by artefacts that declare no dps)	-	UNMEASURED	data/machine2_cycle27_s3_prereg.json
552112156719	1	0	-	-	UNRESOLVED-BY-KNOB (carried only by artefacts that declare no dps)	-	UNMEASURED	data/machine2_cycle26_branch.json
552127470634	1	0	-	-	UNRESOLVED-BY-KNOB (carried only by artefacts that declare no dps)	-	UNMEASURED	data/machine2_cycle20_mainW2.json
552179632198	2	0	-	-	UNRESOLVED-BY-KNOB (carried only by artefacts that declare no dps)	-	UNMEASURED	data/machine2_cycle16_ext_results.json
5522643327	1	0	-	-	UNRESOLVED-BY-KNOB (carried only by artefacts that declare no dps)	-	UNMEASURED	data/machine2_cycle23_shifts.json
552449908976	1	0	-	-	UNRESOLVED-BY-KNOB (carried only by artefacts that declare no dps)	-	UNMEASURED	data/machine2_cycle25_prereg.json
553498987917	3	0	-	-	UNRESOLVED-BY-KNOB (carried only by artefacts that declare no dps)	-	UNMEASURED	data/m2_c37_published_constants_census.tsv
553806003691	2	0	-	-	UNRESOLVED-BY-KNOB (carried only by artefacts that declare no dps)	-	UNMEASURED	data/machine2_cycle23_ordcheck.json
553846798766	1	0	-	-	UNRESOLVED-BY-KNOB (carried only by artefacts that declare no dps)	-	UNMEASURED	data/machine2_cycle23_ordcheck.json
553942974899	1	1	50	-	POINT	-	UNMEASURED	data/machine2_dn_dps50_n30.json
5539429749	1	1	60	-	POINT	-	UNMEASURED	data/machine2_dn_n70_dps60.txt
554381197157	1	0	-	-	UNRESOLVED-BY-KNOB (carried only by artefacts that declare no dps)	-	UNMEASURED	data/machine2_cycle23_shifts.json
554450330094	1	0	-	-	UNRESOLVED-BY-KNOB (carried only by artefacts that declare no dps)	-	UNMEASURED	data/machine2_cycle25_design_scan_k0_4.json
554499423195	1	0	-	-	UNRESOLVED-BY-KNOB (carried only by artefacts that declare no dps)	-	UNMEASURED	data/machine2_cycle23_shifts.json
555328775818	1	1	90	25	POINT	-	UNMEASURED	data/machine2_c35_signgroup.json
556224483193	1	0	-	-	UNRESOLVED-BY-KNOB (carried only by artefacts that declare no dps)	-	UNMEASURED	data/machine2_cycle26_boundary.json
55650760075	3	0	-	-	UNRESOLVED-BY-KNOB (carried only by artefacts that declare no dps)	-	UNMEASURED	data/m2_c37_published_constants_census.tsv
557289241724	3	0	-	-	UNRESOLVED-BY-KNOB (carried only by artefacts that declare no dps)	-	UNMEASURED	data/machine2_cycle29_s3_grade.out
557703635074	1	0	-	-	UNRESOLVED-BY-KNOB (carried only by artefacts that declare no dps)	-	UNMEASURED	data/machine2_cycle20_mainW2.json
557707953509	1	0	-	-	UNRESOLVED-BY-KNOB (carried only by artefacts that declare no dps)	-	UNMEASURED	data/machine2_cycle20_mainW2.json
55796450783	1	0	-	-	UNRESOLVED-BY-KNOB (carried only by artefacts that declare no dps)	-	UNMEASURED	data/machine2_b_vector_check.txt
557965757829	1	0	-	-	UNRESOLVED-BY-KNOB (carried only by artefacts that declare no dps)	-	UNMEASURED	data/machine2_b_vector_check.txt
558237993656	1	0	-	-	UNRESOLVED-BY-KNOB (carried only by artefacts that declare no dps)	-	UNMEASURED	data/machine2_cycle25_design_scan_k2_4.json
559849543971	1	0	-	-	UNRESOLVED-BY-KNOB (carried only by artefacts that declare no dps)	-	UNMEASURED	data/machine2_cycle25_design_scan_k2_4.json
560000552668	1	0	-	-	UNRESOLVED-BY-KNOB (carried only by artefacts that declare no dps)	-	UNMEASURED	data/machine2_cycle20_slide_K1_zeta_T49.7738324_e0.3_T600.json
560412359513	3	0	-	-	UNRESOLVED-BY-KNOB (carried only by artefacts that declare no dps)	-	UNMEASURED	data/machine2_cycle29_s3_grade.out
561099340222	1	0	-	-	UNRESOLVED-BY-KNOB (carried only by artefacts that declare no dps)	-	UNMEASURED	data/machine2_cycle20_mainW2.json
562517417089	1	0	-	-	UNRESOLVED-BY-KNOB (carried only by artefacts that declare no dps)	-	UNMEASURED	data/machine2_cycle20_slide_K3_epstein_D7_T4.65_e0.15_T250.json
5629017757	2	0	-	-	UNRESOLVED-BY-KNOB (carried only by artefacts that declare no dps)	-	UNMEASURED	data/machine2_cycle29_s3_scored.json
563467477012	1	0	-	-	UNRESOLVED-BY-KNOB (carried only by artefacts that declare no dps)	-	UNMEASURED	data/machine2_cycle15_fold_results.json
563916488089	1	0	-	-	UNRESOLVED-BY-KNOB (carried only by artefacts that declare no dps)	-	UNMEASURED	data/machine2_cycle23_selfconsistent.json
564095007332	1	0	-	-	UNRESOLVED-BY-KNOB (carried only by artefacts that declare no dps)	-	UNMEASURED	data/machine2_cycle25_design_scan_k0_4.json
564265196688	1	0	-	-	UNRESOLVED-BY-KNOB (carried only by artefacts that declare no dps)	-	UNMEASURED	data/machine2_cycle23_selfconsistent.json
5643254365	1	1	60	-	POINT	-	UNMEASURED	data/m2_c30_scored.json
564462476970	4	0	-	-	UNRESOLVED-BY-KNOB (carried only by artefacts that declare no dps)	-	UNMEASURED	data/m2_c37_published_constants_census.tsv
564779376346	6	0	-	-	UNRESOLVED-BY-KNOB (carried only by artefacts that declare no dps)	-	UNMEASURED	data/m2_c37_published_constants_census.tsv
565116964512	1	0	-	-	UNRESOLVED-BY-KNOB (carried only by artefacts that declare no dps)	-	UNMEASURED	data/machine2_cycle23_selfconsistent.json
565703675317	1	0	-	-	UNRESOLVED-BY-KNOB (carried only by artefacts that declare no dps)	-	UNMEASURED	data/machine2_cycle20_slide_K3_epstein_D7_T3.875_e0.15_T250.json
566195747808	1	0	-	-	UNRESOLVED-BY-KNOB (carried only by artefacts that declare no dps)	-	UNMEASURED	data/machine2_cycle20_mainW2.json
566263335211	1	1	40	-	POINT	-	UNMEASURED	data/machine2_cycle28_cover_all.json
566484355368	1	0	-	-	UNRESOLVED-BY-KNOB (carried only by artefacts that declare no dps)	-	UNMEASURED	data/machine2_cycle20_mainW2.json
566661562487	1	0	-	-	UNRESOLVED-BY-KNOB (carried only by artefacts that declare no dps)	-	UNMEASURED	data/machine2_cycle20_instrumentB_zetaOnZero.json
566770008549	2	0	-	-	UNRESOLVED-BY-KNOB (carried only by artefacts that declare no dps)	-	UNMEASURED	data/machine2_cycle23_design_scan.json
567183096693	1	0	-	-	UNRESOLVED-BY-KNOB (carried only by artefacts that declare no dps)	-	UNMEASURED	data/machine2_cycle29_s3_scored.json
567370278586	1	0	-	-	UNRESOLVED-BY-KNOB (carried only by artefacts that declare no dps)	-	UNMEASURED	data/machine2_cycle20_instrumentB_zetaOnZero.json
567387682661	1	0	-	-	UNRESOLVED-BY-KNOB (carried only by artefacts that declare no dps)	-	UNMEASURED	data/machine2_cycle20_slide_K1_zeta_T49.7738324_e0.3_T600.json
567421709855	1	0	-	-	UNRESOLVED-BY-KNOB (carried only by artefacts that declare no dps)	-	UNMEASURED	data/machine2_cycle20_slide_K1_zeta_T49.7738324_e0.3_T600.json
567549724501	3	0	-	-	UNRESOLVED-BY-KNOB (carried only by artefacts that declare no dps)	-	UNMEASURED	data/m2_c37_published_constants_census.tsv
568614322924	1	0	-	-	UNRESOLVED-BY-KNOB (carried only by artefacts that declare no dps)	-	UNMEASURED	data/machine2_cycle25_design_scan_k2_4.json
570846837664	1	0	-	-	UNRESOLVED-BY-KNOB (carried only by artefacts that declare no dps)	-	UNMEASURED	data/machine2_cycle29_s3_scored.json
571220097892	1	0	-	-	UNRESOLVED-BY-KNOB (carried only by artefacts that declare no dps)	-	UNMEASURED	data/machine2_cycle24_widthlaw.json
571354399345	1	0	-	-	UNRESOLVED-BY-KNOB (carried only by artefacts that declare no dps)	-	UNMEASURED	data/machine2_cycle25_design_scan_k0_4.json
571365370296	1	0	-	-	UNRESOLVED-BY-KNOB (carried only by artefacts that declare no dps)	-	UNMEASURED	data/machine2_cycle23_design_scan.json
571698110338	1	0	-	-	UNRESOLVED-BY-KNOB (carried only by artefacts that declare no dps)	-	UNMEASURED	data/machine2_cycle23_design_scan.json
571705130666	1	0	-	-	UNRESOLVED-BY-KNOB (carried only by artefacts that declare no dps)	-	UNMEASURED	data/machine2_cycle23_design_scan.json
571705518685	1	0	-	-	UNRESOLVED-BY-KNOB (carried only by artefacts that declare no dps)	-	UNMEASURED	data/machine2_cycle23_design_scan.json
571706591794	1	0	-	-	UNRESOLVED-BY-KNOB (carried only by artefacts that declare no dps)	-	UNMEASURED	data/machine2_cycle23_design_scan.json
571738793586	1	0	-	-	UNRESOLVED-BY-KNOB (carried only by artefacts that declare no dps)	-	UNMEASURED	data/machine2_cycle23_design_scan.json
571884023746	1	0	-	-	UNRESOLVED-BY-KNOB (carried only by artefacts that declare no dps)	-	UNMEASURED	data/machine2_cycle23_design_scan.json
572155848755	1	0	-	-	UNRESOLVED-BY-KNOB (carried only by artefacts that declare no dps)	-	UNMEASURED	data/machine2_cycle23_selfconsistent.json
572329039634	1	0	-	-	UNRESOLVED-BY-KNOB (carried only by artefacts that declare no dps)	-	UNMEASURED	data/machine2_cycle23_design_scan.json
573213759945	1	0	-	-	UNRESOLVED-BY-KNOB (carried only by artefacts that declare no dps)	-	UNMEASURED	data/machine2_cycle20_mainW2.json
57370427573	1	0	-	-	UNRESOLVED-BY-KNOB (carried only by artefacts that declare no dps)	-	UNMEASURED	data/machine2_cycle25_design_scan_k2_4.json
573787045555	1	0	-	-	UNRESOLVED-BY-KNOB (carried only by artefacts that declare no dps)	-	UNMEASURED	data/machine2_cycle25_design_scan_k0_6.json
574266817486	1	0	-	-	UNRESOLVED-BY-KNOB (carried only by artefacts that declare no dps)	-	UNMEASURED	data/machine2_cycle16_ext_results.json
574449787764	6	0	-	-	UNRESOLVED-BY-KNOB (carried only by artefacts that declare no dps)	-	UNMEASURED	data/m2_c37_published_constants_census.tsv
5744497878	1	0	-	-	UNRESOLVED-BY-KNOB (carried only by artefacts that declare no dps)	-	UNMEASURED	data/machine2_cycle25_prereg.json
57462630048	1	0	-	-	UNRESOLVED-BY-KNOB (carried only by artefacts that declare no dps)	-	UNMEASURED	data/machine2_cycle20_slide_K1_zeta_T49.7738324_e0.3_T600.json
574847683356	5	2	60	-	POINT	-	UNMEASURED	data/code/machine2_c31_oos_runner.py
574914970707	1	0	-	-	UNRESOLVED-BY-KNOB (carried only by artefacts that declare no dps)	-	UNMEASURED	data/machine2_cycle20_slide_K1_zeta_T45.666_e0.3_T600.json
575193466102	1	0	-	-	UNRESOLVED-BY-KNOB (carried only by artefacts that declare no dps)	-	UNMEASURED	data/machine2_cycle23_shifts.json
576233084570	1	0	-	-	UNRESOLVED-BY-KNOB (carried only by artefacts that declare no dps)	-	UNMEASURED	data/machine2_cycle16_e1_recheck.json
576407859082	1	0	-	-	UNRESOLVED-BY-KNOB (carried only by artefacts that declare no dps)	-	UNMEASURED	data/machine2_cycle23_sweep_c.json
576975481250	1	0	-	-	UNRESOLVED-BY-KNOB (carried only by artefacts that declare no dps)	-	UNMEASURED	data/machine2_cycle20_instrumentB_zetaInGap.json
577029586484	1	0	-	-	UNRESOLVED-BY-KNOB (carried only by artefacts that declare no dps)	-	UNMEASURED	data/machine2_cycle26_bandlaw.json
577079294905	1	0	-	-	UNRESOLVED-BY-KNOB (carried only by artefacts that declare no dps)	-	UNMEASURED	data/machine2_cycle25_design_scan_k0_6.json
577171563936	1	0	-	-	UNRESOLVED-BY-KNOB (carried only by artefacts that declare no dps)	-	UNMEASURED	data/machine2_cycle20_slide_K1_zeta_T45.666_e0.3_T600.json
577301436182	1	0	-	-	UNRESOLVED-BY-KNOB (carried only by artefacts that declare no dps)	-	UNMEASURED	data/machine2_cycle20_instrumentB_zetaInGap.json
5780066148	1	0	-	-	UNRESOLVED-BY-KNOB (carried only by artefacts that declare no dps)	-	UNMEASURED	data/machine2_cycle25_bands.json
578766451746	1	0	-	-	UNRESOLVED-BY-KNOB (carried only by artefacts that declare no dps)	-	UNMEASURED	data/machine2_cycle23_design_scan.json
579245092363	1	0	-	-	UNRESOLVED-BY-KNOB (carried only by artefacts that declare no dps)	-	UNMEASURED	data/machine2_cycle19_nb_results.json
579252995416	1	1	90	25	POINT	-	UNMEASURED	data/machine2_c35_signgroup.json
581372070312	1	0	-	-	UNRESOLVED-BY-KNOB (carried only by artefacts that declare no dps)	-	UNMEASURED	data/machine2_cycle26_boundary.out
581391143799	1	0	-	-	UNRESOLVED-BY-KNOB (carried only by artefacts that declare no dps)	-	UNMEASURED	data/machine2_cycle26_boundary.out
581391787528	2	0	-	-	UNRESOLVED-BY-KNOB (carried only by artefacts that declare no dps)	-	UNMEASURED	data/machine2_cycle26_boundary.json
581391787529	1	0	-	-	UNRESOLVED-BY-KNOB (carried only by artefacts that declare no dps)	-	UNMEASURED	data/machine2_cycle26_boundary.out
581391793489	6	0	-	-	UNRESOLVED-BY-KNOB (carried only by artefacts that declare no dps)	-	UNMEASURED	data/m2_c37_published_constants_census.tsv
581391799449	2	0	-	-	UNRESOLVED-BY-KNOB (carried only by artefacts that declare no dps)	-	UNMEASURED	data/machine2_cycle26_boundary.json
58139179945	1	0	-	-	UNRESOLVED-BY-KNOB (carried only by artefacts that declare no dps)	-	UNMEASURED	data/machine2_cycle26_boundary.out
581391811371	1	0	-	-	UNRESOLVED-BY-KNOB (carried only by artefacts that declare no dps)	-	UNMEASURED	data/machine2_cycle26_boundary.out
581391906738	1	0	-	-	UNRESOLVED-BY-KNOB (carried only by artefacts that declare no dps)	-	UNMEASURED	data/machine2_cycle26_boundary.out
581396484375	1	0	-	-	UNRESOLVED-BY-KNOB (carried only by artefacts that declare no dps)	-	UNMEASURED	data/machine2_cycle26_boundary.out
581416444111	1	0	-	-	UNRESOLVED-BY-KNOB (carried only by artefacts that declare no dps)	-	UNMEASURED	data/machine2_cycle24_widthlaw.json
581602004952	1	1	40	-	POINT	-	UNMEASURED	data/machine2_transfer_checks.out
581926169842	1	0	-	-	UNRESOLVED-BY-KNOB (carried only by artefacts that declare no dps)	-	UNMEASURED	data/machine2_cycle20_mainW2.json
5820136215	1	0	-	-	UNRESOLVED-BY-KNOB (carried only by artefacts that declare no dps)	-	UNMEASURED	data/machine2_cycle26_bandlaw.json
582184413121	1	0	-	-	UNRESOLVED-BY-KNOB (carried only by artefacts that declare no dps)	-	UNMEASURED	data/machine2_cycle25_design_scan_k2_4.json
582579581076	1	0	-	-	UNRESOLVED-BY-KNOB (carried only by artefacts that declare no dps)	-	UNMEASURED	data/machine2_cycle20_mainW2.json
582667603361	1	0	-	-	UNRESOLVED-BY-KNOB (carried only by artefacts that declare no dps)	-	UNMEASURED	data/machine2_cycle15_fold_results.json
583299070855	1	0	-	-	UNRESOLVED-BY-KNOB (carried only by artefacts that declare no dps)	-	UNMEASURED	data/machine2_cycle23_ptable.json
5833458997	1	0	-	-	UNRESOLVED-BY-KNOB (carried only by artefacts that declare no dps)	-	UNMEASURED	data/machine2_cycle23_shifts.json
5841951503	1	0	-	-	UNRESOLVED-BY-KNOB (carried only by artefacts that declare no dps)	-	UNMEASURED	data/machine2_cycle20_mainW2.json
5845298112	1	0	-	-	UNRESOLVED-BY-KNOB (carried only by artefacts that declare no dps)	-	UNMEASURED	machine2-cycle23-SEAL-scored-ladder-executed-and-held-for-m1s-prediction.md
584529811238	5	1	40	-	POINT	-	UNMEASURED	data/code/m2_c23_tail.py
585000654827	2	0	-	-	UNRESOLVED-BY-KNOB (carried only by artefacts that declare no dps)	-	UNMEASURED	data/machine2_cycle19_nb_results.json
585085948803	1	0	-	-	UNRESOLVED-BY-KNOB (carried only by artefacts that declare no dps)	-	UNMEASURED	data/machine2_cycle29_s3_scored.json
585111488228	1	1	40	-	POINT	-	UNMEASURED	data/machine2_cycle28_cover_all.json
585199301605	1	0	-	-	UNRESOLVED-BY-KNOB (carried only by artefacts that declare no dps)	-	UNMEASURED	data/machine2_cycle20_mainW2.json
585245901554	1	0	-	-	UNRESOLVED-BY-KNOB (carried only by artefacts that declare no dps)	-	UNMEASURED	data/machine2_cycle23_selfconsistent.json
586120452656	2	0	-	-	UNRESOLVED-BY-KNOB (carried only by artefacts that declare no dps)	-	UNMEASURED	data/machine2_cycle19_nb_results.json
586157256489	1	0	-	-	UNRESOLVED-BY-KNOB (carried only by artefacts that declare no dps)	-	UNMEASURED	data/machine2_cycle29_s3_scored.json
586405213735	1	0	-	-	UNRESOLVED-BY-KNOB (carried only by artefacts that declare no dps)	-	UNMEASURED	data/machine2_cycle20_mainW2.json
587346954106	1	0	-	-	UNRESOLVED-BY-KNOB (carried only by artefacts that declare no dps)	-	UNMEASURED	data/machine2_cycle25_design_scan_k0_4.json
587598741096	1	0	-	-	UNRESOLVED-BY-KNOB (carried only by artefacts that declare no dps)	-	UNMEASURED	data/machine2_cycle16_low_results.json
587643202086	1	0	-	-	UNRESOLVED-BY-KNOB (carried only by artefacts that declare no dps)	-	UNMEASURED	data/machine2_cycle25_design_scan_k2_4.json
588105697061	4	0	-	-	UNRESOLVED-BY-KNOB (carried only by artefacts that declare no dps)	-	UNMEASURED	data/m2_c37_published_constants_census.tsv
5881056971	1	0	-	-	UNRESOLVED-BY-KNOB (carried only by artefacts that declare no dps)	-	UNMEASURED	data/machine2_cycle25_scored.out
588208067776	1	0	-	-	UNRESOLVED-BY-KNOB (carried only by artefacts that declare no dps)	-	UNMEASURED	data/machine2_cycle20_slide_K1_zeta_T0_e0.3_T600.json
588336458339	1	0	-	-	UNRESOLVED-BY-KNOB (carried only by artefacts that declare no dps)	-	UNMEASURED	data/machine2_cycle23_controls.json
588450537992	1	0	-	-	UNRESOLVED-BY-KNOB (carried only by artefacts that declare no dps)	-	UNMEASURED	data/machine2_cycle20_mainW2.json
5885852546	1	0	-	-	UNRESOLVED-BY-KNOB (carried only by artefacts that declare no dps)	-	UNMEASURED	machine2-cycle5-kappa4-2026-09-02.md
588585821711	2	0	-	-	UNRESOLVED-BY-KNOB (carried only by artefacts that declare no dps)	-	UNMEASURED	machine2-cycle5-kappa4-2026-09-02.md
588985286873	1	0	-	-	UNRESOLVED-BY-KNOB (carried only by artefacts that declare no dps)	-	UNMEASURED	data/machine2_cycle26_boundary.json
589067708757	3	0	-	-	UNRESOLVED-BY-KNOB (carried only by artefacts that declare no dps)	-	UNMEASURED	data/m2_c37_published_constants_census.tsv
589284785847	1	0	-	-	UNRESOLVED-BY-KNOB (carried only by artefacts that declare no dps)	-	UNMEASURED	data/machine2_cycle16_low_results.json
589760020923	1	0	-	-	UNRESOLVED-BY-KNOB (carried only by artefacts that declare no dps)	-	UNMEASURED	data/machine2_c32_bias.out
589994237864	1	0	-	-	UNRESOLVED-BY-KNOB (carried only by artefacts that declare no dps)	-	UNMEASURED	data/machine2_debate_n8_sanity.out
590486490909	1	0	-	-	UNRESOLVED-BY-KNOB (carried only by artefacts that declare no dps)	-	UNMEASURED	data/machine2_c31_fitness_constants.json
591030289327	1	0	-	-	UNRESOLVED-BY-KNOB (carried only by artefacts that declare no dps)	-	UNMEASURED	data/machine2_cycle23_ordcheck.json
591030534417	2	0	-	-	UNRESOLVED-BY-KNOB (carried only by artefacts that declare no dps)	-	UNMEASURED	data/machine2_cycle23_ordcheck.json
591166376497	1	0	-	-	UNRESOLVED-BY-KNOB (carried only by artefacts that declare no dps)	-	UNMEASURED	data/machine2_cycle25_design_scan_k0_4.json
591235317657	3	2	90,125,150	25,30	RANGE	-	UNMEASURED	data/m2_c38_runs.json
591252588641	1	0	-	-	UNRESOLVED-BY-KNOB (carried only by artefacts that declare no dps)	-	UNMEASURED	data/machine2_c31_fitness_constants.json
591408301851	1	0	-	-	UNRESOLVED-BY-KNOB (carried only by artefacts that declare no dps)	-	UNMEASURED	data/machine2_cycle23_shifts.json
591750421492	1	0	-	-	UNRESOLVED-BY-KNOB (carried only by artefacts that declare no dps)	-	UNMEASURED	data/machine2_cycle25_design_scan_k0_6.json
592423403581	1	0	-	-	UNRESOLVED-BY-KNOB (carried only by artefacts that declare no dps)	-	UNMEASURED	data/machine2_cycle26_boundary.json
592437218094	1	0	-	-	UNRESOLVED-BY-KNOB (carried only by artefacts that declare no dps)	-	UNMEASURED	data/machine2_cycle19_nb_results.json
5934630672	1	0	-	-	UNRESOLVED-BY-KNOB (carried only by artefacts that declare no dps)	-	UNMEASURED	data/machine2_cycle25_scored.out
59346306721	4	0	-	-	UNRESOLVED-BY-KNOB (carried only by artefacts that declare no dps)	-	UNMEASURED	data/m2_c37_published_constants_census.tsv
593470440026	3	0	-	-	UNRESOLVED-BY-KNOB (carried only by artefacts that declare no dps)	-	UNMEASURED	data/m2_c37_published_constants_census.tsv
594279218305	21	16	45,50,60,80,120,300	-	RANGE	-	UNMEASURED	data/c28resp/m2_c28r_btrunc.py
594543632216	1	0	-	-	UNRESOLVED-BY-KNOB (carried only by artefacts that declare no dps)	-	UNMEASURED	data/machine2_cycle20_mainW2.json
594578084274	1	0	-	-	UNRESOLVED-BY-KNOB (carried only by artefacts that declare no dps)	-	UNMEASURED	data/machine2_cycle25_design_scan_k0_4.json
594651398576	1	1	60	-	POINT	-	UNMEASURED	data/machine2_debate_epseff_check.out
594689198308	1	1	60	-	POINT	-	UNMEASURED	data/machine2_debate_epseff_check.out
594709703362	1	0	-	-	UNRESOLVED-BY-KNOB (carried only by artefacts that declare no dps)	-	UNMEASURED	data/machine2_cycle25_design_scan_k0_4.json
594923889168	1	0	-	-	UNRESOLVED-BY-KNOB (carried only by artefacts that declare no dps)	-	UNMEASURED	data/machine2_cycle26_branch.json
5949648417	1	0	-	-	UNRESOLVED-BY-KNOB (carried only by artefacts that declare no dps)	-	UNMEASURED	data/machine2_cycle24_groundtruth.out
594964841724	1	0	-	-	UNRESOLVED-BY-KNOB (carried only by artefacts that declare no dps)	-	UNMEASURED	data/machine2_cycle24_gt_basis2.json
5949684378	1	1	20,30	-	RANGE	-	UNMEASURED	data/machine2_cycle17_census.json
595504681082	1	0	-	-	UNRESOLVED-BY-KNOB (carried only by artefacts that declare no dps)	-	UNMEASURED	data/machine2_c32_bias.out
596225131002	1	0	-	-	UNRESOLVED-BY-KNOB (carried only by artefacts that declare no dps)	-	UNMEASURED	data/machine2_cycle25_design_scan_k0_4.json
596236883289	1	0	-	-	UNRESOLVED-BY-KNOB (carried only by artefacts that declare no dps)	-	UNMEASURED	data/machine2_cycle20_slide_K1_zeta_T49.7738324_e0.3_T600.json
596354002774	1	0	-	-	UNRESOLVED-BY-KNOB (carried only by artefacts that declare no dps)	-	UNMEASURED	data/machine2_cycle16_scan_results.json
597734226484	1	1	40	-	POINT	-	UNMEASURED	data/machine2_cycle28_cover_all.json
598358837528	1	0	-	-	UNRESOLVED-BY-KNOB (carried only by artefacts that declare no dps)	-	UNMEASURED	data/machine2_c31_fitness_constants.json
599271944422	1	0	-	-	UNRESOLVED-BY-KNOB (carried only by artefacts that declare no dps)	-	UNMEASURED	data/machine2_cycle24_widthlaw.json
599680866101	1	0	-	-	UNRESOLVED-BY-KNOB (carried only by artefacts that declare no dps)	-	UNMEASURED	data/machine2_cycle20_slide_K1_zeta_T49.7738324_e0.3_T600.json
599769626095	1	0	-	-	UNRESOLVED-BY-KNOB (carried only by artefacts that declare no dps)	-	UNMEASURED	data/machine2_cycle23_selfconsistent.json
599770900655	1	0	-	-	UNRESOLVED-BY-KNOB (carried only by artefacts that declare no dps)	-	UNMEASURED	data/machine2_cycle23_rung_design.json
5998534473	1	0	-	-	UNRESOLVED-BY-KNOB (carried only by artefacts that declare no dps)	-	UNMEASURED	data/machine2_cycle26_bandlaw.json
601006512767	1	0	-	-	UNRESOLVED-BY-KNOB (carried only by artefacts that declare no dps)	-	UNMEASURED	data/machine2_cycle23_shifts.json
601399768089	1	0	-	-	UNRESOLVED-BY-KNOB (carried only by artefacts that declare no dps)	-	UNMEASURED	data/machine2_cycle23_selfconsistent.json
601659476012	1	0	-	-	UNRESOLVED-BY-KNOB (carried only by artefacts that declare no dps)	-	UNMEASURED	data/machine2_cycle20_slide_K1_zeta_T49.7738324_e0.3_T600.json
601761220063	1	0	-	-	UNRESOLVED-BY-KNOB (carried only by artefacts that declare no dps)	-	UNMEASURED	data/machine2_cycle20_instrumentB_zetaOnZero.json
601859553803	1	0	-	-	UNRESOLVED-BY-KNOB (carried only by artefacts that declare no dps)	-	UNMEASURED	data/machine2_cycle25_design_scan_k0_4.json
601933332560	1	0	-	-	UNRESOLVED-BY-KNOB (carried only by artefacts that declare no dps)	-	UNMEASURED	data/machine2_cycle20_slide_K1_zeta_T49.7738324_e0.3_T600.json
602094890469	1	0	-	-	UNRESOLVED-BY-KNOB (carried only by artefacts that declare no dps)	-	UNMEASURED	machine2-response-to-m1L164-census-M-branch-amendment-v21-and-b-hypothesis-conceded-2026-09-05.md
60209489047	2	0	-	-	UNRESOLVED-BY-KNOB (carried only by artefacts that declare no dps)	-	UNMEASURED	data/machine2_cycle20_zerosum.json
602176841012	1	0	-	-	UNRESOLVED-BY-KNOB (carried only by artefacts that declare no dps)	-	UNMEASURED	data/machine2_cycle25_design_scan_k0_4.json
602190697286	1	0	-	-	UNRESOLVED-BY-KNOB (carried only by artefacts that declare no dps)	-	UNMEASURED	data/machine2_cycle20_instrumentB_zetaOnZero.json
602617079889	1	0	-	-	UNRESOLVED-BY-KNOB (carried only by artefacts that declare no dps)	-	UNMEASURED	data/machine2_cycle19_nb_results.json
602721384702	1	0	-	-	UNRESOLVED-BY-KNOB (carried only by artefacts that declare no dps)	-	UNMEASURED	data/machine2_cycle23_selfconsistent.json
603963446235	1	0	-	-	UNRESOLVED-BY-KNOB (carried only by artefacts that declare no dps)	-	UNMEASURED	data/machine2_c31_fitness_constants.json
604378512574	1	0	-	-	UNRESOLVED-BY-KNOB (carried only by artefacts that declare no dps)	-	UNMEASURED	data/machine2_c31_fitness_constants.json
604513764946	1	0	-	-	UNRESOLVED-BY-KNOB (carried only by artefacts that declare no dps)	-	UNMEASURED	data/machine2_cycle25_design_scan_k0_6.json
604665681251	4	0	-	-	UNRESOLVED-BY-KNOB (carried only by artefacts that declare no dps)	-	UNMEASURED	data/m2_c37_published_constants_census.tsv
606162681031	2	1	90,125	-	RANGE	-	UNMEASURED	data/m2_c38_score.out
606423321725	1	0	-	-	UNRESOLVED-BY-KNOB (carried only by artefacts that declare no dps)	-	UNMEASURED	data/machine2_cycle23_shifts.json
606496401168	1	0	-	-	UNRESOLVED-BY-KNOB (carried only by artefacts that declare no dps)	-	UNMEASURED	data/machine2_c31_fitness_constants.json
607129340158	1	0	-	-	UNRESOLVED-BY-KNOB (carried only by artefacts that declare no dps)	-	UNMEASURED	data/machine2_cycle19_nb_results.json
607134410070	1	0	-	-	UNRESOLVED-BY-KNOB (carried only by artefacts that declare no dps)	-	UNMEASURED	data/machine2_cycle19_nb_results.json
607165374878	1	0	-	-	UNRESOLVED-BY-KNOB (carried only by artefacts that declare no dps)	-	UNMEASURED	data/machine2_cycle19_nb_results.json
607425868675	1	0	-	-	UNRESOLVED-BY-KNOB (carried only by artefacts that declare no dps)	-	UNMEASURED	data/machine2_cycle19_nb_results.json
607916392129	1	0	-	-	UNRESOLVED-BY-KNOB (carried only by artefacts that declare no dps)	-	UNMEASURED	data/machine2_cycle19_nb_results.json
608317785246	3	0	-	-	UNRESOLVED-BY-KNOB (carried only by artefacts that declare no dps)	-	UNMEASURED	data/m2_c37_published_constants_census.tsv
608935957539	1	0	-	-	UNRESOLVED-BY-KNOB (carried only by artefacts that declare no dps)	-	UNMEASURED	data/machine2_cycle25_design_scan_k0_4.json
609004497830	1	0	-	-	UNRESOLVED-BY-KNOB (carried only by artefacts that declare no dps)	-	UNMEASURED	data/machine2_cycle24_widthlaw.json
609150503515	1	0	-	-	UNRESOLVED-BY-KNOB (carried only by artefacts that declare no dps)	-	UNMEASURED	data/machine2_cycle23_ordcheck.json
609203950627	1	0	-	-	UNRESOLVED-BY-KNOB (carried only by artefacts that declare no dps)	-	UNMEASURED	data/machine2_cycle20_mainW2.json
609743031304	2	0	-	-	UNRESOLVED-BY-KNOB (carried only by artefacts that declare no dps)	-	UNMEASURED	data/machine2_cycle23_ordcheck.json
6112859794	1	0	-	-	UNRESOLVED-BY-KNOB (carried only by artefacts that declare no dps)	-	UNMEASURED	data/machine2_cycle25_prereg.json
61128597945	6	0	-	-	UNRESOLVED-BY-KNOB (carried only by artefacts that declare no dps)	-	UNMEASURED	data/m2_c37_published_constants_census.tsv
612057151955	1	0	-	-	UNRESOLVED-BY-KNOB (carried only by artefacts that declare no dps)	-	UNMEASURED	data/machine2_cycle24_widthlaw.json
612058217585	1	0	-	-	UNRESOLVED-BY-KNOB (carried only by artefacts that declare no dps)	-	UNMEASURED	data/machine2_cycle25_design_scan_k0_4.json
6121915208	1	1	60	-	POINT	-	UNMEASURED	data/machine2_c31b_scored.json
612223736269	1	0	-	-	UNRESOLVED-BY-KNOB (carried only by artefacts that declare no dps)	-	UNMEASURED	data/machine2_cycle20_slide_K1_zeta_T45.666_e0.3_T600.json
612487419918	1	0	-	-	UNRESOLVED-BY-KNOB (carried only by artefacts that declare no dps)	-	UNMEASURED	data/machine2_cycle25_design_scan_k2_4.json
612526206295	1	0	-	-	UNRESOLVED-BY-KNOB (carried only by artefacts that declare no dps)	-	UNMEASURED	data/machine2_cycle20_slide_K3_epstein_D7_T3.875_e0.15_T250.json
612669550175	1	0	-	-	UNRESOLVED-BY-KNOB (carried only by artefacts that declare no dps)	-	UNMEASURED	data/machine2_cycle20_mainW2.json
612733781223	1	0	-	-	UNRESOLVED-BY-KNOB (carried only by artefacts that declare no dps)	-	UNMEASURED	data/machine2_cycle25_design_scan_k2_4.json
612754298685	3	0	-	-	UNRESOLVED-BY-KNOB (carried only by artefacts that declare no dps)	-	UNMEASURED	data/machine2_cycle19_nb_results.json
612884763346	1	0	-	-	UNRESOLVED-BY-KNOB (carried only by artefacts that declare no dps)	-	UNMEASURED	data/machine2_cycle20_slide_K3_epstein_D7_T3.875_e0.15_T250.json
612920374668	1	0	-	-	UNRESOLVED-BY-KNOB (carried only by artefacts that declare no dps)	-	UNMEASURED	data/machine2_cycle20_instrumentB_zetaInGap.json
613114083157	1	0	-	-	UNRESOLVED-BY-KNOB (carried only by artefacts that declare no dps)	-	UNMEASURED	data/machine2_cycle16_low_results.json
61360579461	1	0	-	-	UNRESOLVED-BY-KNOB (carried only by artefacts that declare no dps)	-	UNMEASURED	data/machine2_cycle25_design_scan_k2_4.json
6137035593	1	0	-	-	UNRESOLVED-BY-KNOB (carried only by artefacts that declare no dps)	-	UNMEASURED	data/machine2_cycle20_slide_K1_zeta_T45.666_e0.3_T600.json
613808139512	1	0	-	-	UNRESOLVED-BY-KNOB (carried only by artefacts that declare no dps)	-	UNMEASURED	data/machine2_cycle20_instrumentB_zetaInGap.json
613912478497	1	0	-	-	UNRESOLVED-BY-KNOB (carried only by artefacts that declare no dps)	-	UNMEASURED	data/machine2_cycle19_nb_results.json
613943449386	1	0	-	-	UNRESOLVED-BY-KNOB (carried only by artefacts that declare no dps)	-	UNMEASURED	data/machine2_cycle20_slide_K1_zeta_T45.666_e0.3_T600.json
614141764124	1	0	-	-	UNRESOLVED-BY-KNOB (carried only by artefacts that declare no dps)	-	UNMEASURED	data/machine2_cycle25_design_scan_k0_4.json
614182964091	1	0	-	-	UNRESOLVED-BY-KNOB (carried only by artefacts that declare no dps)	-	UNMEASURED	data/machine2_cycle25_design_scan_k2_4.json
614325639481	1	0	-	-	UNRESOLVED-BY-KNOB (carried only by artefacts that declare no dps)	-	UNMEASURED	data/machine2_cycle29_s3_scored.json
6143256395	1	0	-	-	UNRESOLVED-BY-KNOB (carried only by artefacts that declare no dps)	-	UNMEASURED	data/machine2_cycle27_s3_prereg.json
615037226028	1	0	-	-	UNRESOLVED-BY-KNOB (carried only by artefacts that declare no dps)	-	UNMEASURED	data/machine2_cycle23_selfconsistent.json
615989772978	1	0	-	-	UNRESOLVED-BY-KNOB (carried only by artefacts that declare no dps)	-	UNMEASURED	data/machine2_cycle23_selfconsistent.json
617866910584	1	0	-	-	UNRESOLVED-BY-KNOB (carried only by artefacts that declare no dps)	-	UNMEASURED	data/machine2_cycle19_nb_results.json
618381910587	1	1	40	-	POINT	-	UNMEASURED	data/machine2_cycle28_cover_all.json
618441188062	1	0	-	-	UNRESOLVED-BY-KNOB (carried only by artefacts that declare no dps)	-	UNMEASURED	data/machine2_cycle16_ext_results.json
618810046223	1	0	-	-	UNRESOLVED-BY-KNOB (carried only by artefacts that declare no dps)	-	UNMEASURED	data/machine2_cycle25_design_scan_k0_4.json
619898849859	1	1	40	-	POINT	-	UNMEASURED	data/machine2_transfer_checks.out
620338760175	4	0	-	-	UNRESOLVED-BY-KNOB (carried only by artefacts that declare no dps)	-	UNMEASURED	data/m2_c37_published_constants_census.tsv
620514660519	2	0	-	-	UNRESOLVED-BY-KNOB (carried only by artefacts that declare no dps)	-	UNMEASURED	data/machine2_cycle27_s3_prereg.json
621007748056	1	0	-	-	UNRESOLVED-BY-KNOB (carried only by artefacts that declare no dps)	-	UNMEASURED	machine2-cycle22-witness-fires-on-the-bare-zero-side.md
621033245102	1	0	-	-	UNRESOLVED-BY-KNOB (carried only by artefacts that declare no dps)	-	UNMEASURED	data/machine2_cycle23_selfconsistent.json
621220576116	1	0	-	-	UNRESOLVED-BY-KNOB (carried only by artefacts that declare no dps)	-	UNMEASURED	data/machine2_cycle16_e1_recheck.json
621671074052	3	2	40	-	POINT	-	UNMEASURED	data/machine2_cycle25_scored.json
6216710741	1	0	-	-	UNRESOLVED-BY-KNOB (carried only by artefacts that declare no dps)	-	UNMEASURED	data/machine2_cycle25_scored.out
621886262409	2	0	-	-	UNRESOLVED-BY-KNOB (carried only by artefacts that declare no dps)	-	UNMEASURED	data/machine2_cycle29_s3_grade.out
622344512728	1	0	-	-	UNRESOLVED-BY-KNOB (carried only by artefacts that declare no dps)	-	UNMEASURED	data/machine2_cycle19_nb_results.json
623456253391	1	0	-	-	UNRESOLVED-BY-KNOB (carried only by artefacts that declare no dps)	-	UNMEASURED	data/machine2_cycle20_mainW2.json
623562755450	1	1	40	-	POINT	-	UNMEASURED	data/machine2_cycle28_cover_all.json
6236381388	1	0	-	-	UNRESOLVED-BY-KNOB (carried only by artefacts that declare no dps)	-	UNMEASURED	data/machine2_cycle29_s3_scored.json
624048937872	1	0	-	-	UNRESOLVED-BY-KNOB (carried only by artefacts that declare no dps)	-	UNMEASURED	data/machine2_cycle23_selfconsistent.json
6242361663	1	0	-	-	UNRESOLVED-BY-KNOB (carried only by artefacts that declare no dps)	-	UNMEASURED	data/machine2_cycle20_mainW2.json
624411850646	1	0	-	-	UNRESOLVED-BY-KNOB (carried only by artefacts that declare no dps)	-	UNMEASURED	data/machine2_cycle23_design_scan.json
624832047253	1	0	-	-	UNRESOLVED-BY-KNOB (carried only by artefacts that declare no dps)	-	UNMEASURED	data/machine2_cycle23_selfconsistent.json
6251011197	1	0	-	-	UNRESOLVED-BY-KNOB (carried only by artefacts that declare no dps)	-	UNMEASURED	data/machine2_cycle20_mainW2.json
625740370966	1	1	40	-	POINT	-	UNMEASURED	data/machine2_cycle28_cover_all.json
626344185601	1	0	-	-	UNRESOLVED-BY-KNOB (carried only by artefacts that declare no dps)	-	UNMEASURED	data/machine2_cycle20_slide_K3_epstein_D7_T4.65_e0.15_T250.json
626344715661	1	0	-	-	UNRESOLVED-BY-KNOB (carried only by artefacts that declare no dps)	-	UNMEASURED	data/machine2_cycle25_design_scan_k0_4.json
626592333542	1	0	-	-	UNRESOLVED-BY-KNOB (carried only by artefacts that declare no dps)	-	UNMEASURED	data/machine2_cycle23_selfconsistent.json
627930370983	1	0	-	-	UNRESOLVED-BY-KNOB (carried only by artefacts that declare no dps)	-	UNMEASURED	data/machine2_cycle25_design_scan_k0_4.json
629040454561	1	0	-	-	UNRESOLVED-BY-KNOB (carried only by artefacts that declare no dps)	-	UNMEASURED	data/machine2_cycle19_nb_results.json
629308198763	1	0	-	-	UNRESOLVED-BY-KNOB (carried only by artefacts that declare no dps)	-	UNMEASURED	data/machine2_cycle20_slide_K1_zeta_T45.666_e0.3_T600.json
629411027515	1	0	-	-	UNRESOLVED-BY-KNOB (carried only by artefacts that declare no dps)	-	UNMEASURED	data/machine2_cycle23_selfconsistent.json
629484780706	2	0	-	-	UNRESOLVED-BY-KNOB (carried only by artefacts that declare no dps)	-	UNMEASURED	data/machine2_cycle16_ext_results.json
629549468329	1	0	-	-	UNRESOLVED-BY-KNOB (carried only by artefacts that declare no dps)	-	UNMEASURED	data/machine2_cycle24_widthlaw.json
629771660369	1	0	-	-	UNRESOLVED-BY-KNOB (carried only by artefacts that declare no dps)	-	UNMEASURED	data/machine2_cycle25_design_scan_k0_6.json
630303879605	2	0	-	-	UNRESOLVED-BY-KNOB (carried only by artefacts that declare no dps)	-	UNMEASURED	data/machine2_cycle25_bands.json
630357388571	1	0	-	-	UNRESOLVED-BY-KNOB (carried only by artefacts that declare no dps)	-	UNMEASURED	data/machine2_cycle16_e1_recheck.json
630686797563	1	0	-	-	UNRESOLVED-BY-KNOB (carried only by artefacts that declare no dps)	-	UNMEASURED	data/machine2_cycle20_slide_K1_zeta_T49.7738324_e0.3_T600.json
631030195278	4	0	-	-	UNRESOLVED-BY-KNOB (carried only by artefacts that declare no dps)	-	UNMEASURED	data/m2_c37_published_constants_census.tsv
631830266184	1	0	-	-	UNRESOLVED-BY-KNOB (carried only by artefacts that declare no dps)	-	UNMEASURED	data/machine2_cycle23_selfconsistent.json
632694184786	1	0	-	-	UNRESOLVED-BY-KNOB (carried only by artefacts that declare no dps)	-	UNMEASURED	data/machine2_cycle25_design_scan_k0_6.json
632901092226	1	0	-	-	UNRESOLVED-BY-KNOB (carried only by artefacts that declare no dps)	-	UNMEASURED	data/machine2_cycle25_design_scan_k0_6.json
633337125074	1	0	-	-	UNRESOLVED-BY-KNOB (carried only by artefacts that declare no dps)	-	UNMEASURED	data/machine2_cycle23_selfconsistent.json
633390077711	1	0	-	-	UNRESOLVED-BY-KNOB (carried only by artefacts that declare no dps)	-	UNMEASURED	data/machine2_cycle20_slide_K1_zeta_T49.7738324_e0.3_T600.json
633461641700	1	0	-	-	UNRESOLVED-BY-KNOB (carried only by artefacts that declare no dps)	-	UNMEASURED	data/machine2_cycle24_widthlaw.json
6338679817	1	0	-	-	UNRESOLVED-BY-KNOB (carried only by artefacts that declare no dps)	-	UNMEASURED	machine2-c34-the-Dstar-literal-is-removed-and-the-floor-is-not-a-number.md
634035516568	1	0	-	-	UNRESOLVED-BY-KNOB (carried only by artefacts that declare no dps)	-	UNMEASURED	data/machine2_cycle15_fold_results.json
634087575476	2	0	-	-	UNRESOLVED-BY-KNOB (carried only by artefacts that declare no dps)	-	UNMEASURED	data/machine2_cycle19_nb_results.json
634638006337	1	0	-	-	UNRESOLVED-BY-KNOB (carried only by artefacts that declare no dps)	-	UNMEASURED	data/machine2_cycle20_instrumentB_zetaOnZero.json
634924078704	1	0	-	-	UNRESOLVED-BY-KNOB (carried only by artefacts that declare no dps)	-	UNMEASURED	data/machine2_cycle20_instrumentB_zetaOnZero.json
634986700189	1	0	-	-	UNRESOLVED-BY-KNOB (carried only by artefacts that declare no dps)	-	UNMEASURED	data/machine2_cycle15_fold_results.json
635045295804	1	0	-	-	UNRESOLVED-BY-KNOB (carried only by artefacts that declare no dps)	-	UNMEASURED	data/machine2_cycle24_widthlaw.json
635098458521	1	0	-	-	UNRESOLVED-BY-KNOB (carried only by artefacts that declare no dps)	-	UNMEASURED	data/machine2_cycle20_slide_K1_zeta_T49.7738324_e0.3_T600.json
635414018516	1	0	-	-	UNRESOLVED-BY-KNOB (carried only by artefacts that declare no dps)	-	UNMEASURED	data/machine2_cycle26_grade.json
635675396796	1	0	-	-	UNRESOLVED-BY-KNOB (carried only by artefacts that declare no dps)	-	UNMEASURED	data/machine2_cycle20_slide_K3_epstein_D7_T3.875_e0.15_T250.json
636079833628	1	0	-	-	UNRESOLVED-BY-KNOB (carried only by artefacts that declare no dps)	-	UNMEASURED	data/machine2_cycle20_mainW2.json
636436054510	2	1	90	25	POINT	-	UNMEASURED	data/m2_c37_published_constants_census.tsv
637172389224	3	0	-	-	UNRESOLVED-BY-KNOB (carried only by artefacts that declare no dps)	-	UNMEASURED	data/m2_c37_published_constants_census.tsv
637269611658	1	0	-	-	UNRESOLVED-BY-KNOB (carried only by artefacts that declare no dps)	-	UNMEASURED	data/machine2_cycle23_selfconsistent.json
637527652107	1	0	-	-	UNRESOLVED-BY-KNOB (carried only by artefacts that declare no dps)	-	UNMEASURED	data/machine2_cycle23_selfconsistent.json
637608618021	1	1	90,110,125	25,30	RANGE	-	UNMEASURED	data/machine2_c34_refit.json
638015288256	1	0	-	-	UNRESOLVED-BY-KNOB (carried only by artefacts that declare no dps)	-	UNMEASURED	data/machine2_cycle23_ptable.json
638487183508	1	0	-	-	UNRESOLVED-BY-KNOB (carried only by artefacts that declare no dps)	-	UNMEASURED	data/machine2_cycle25_design_scan_k2_4.json
638997443199	1	1	90,110,125	25,30	RANGE	-	UNMEASURED	data/machine2_c34_refit.json
639716042995	1	1	90,125,150	25,30	RANGE	-	UNMEASURED	data/m2_c38_runs.json
640015043974	1	0	-	-	UNRESOLVED-BY-KNOB (carried only by artefacts that declare no dps)	-	UNMEASURED	data/machine2_cycle23_selfconsistent.json
64012091875	1	0	-	-	UNRESOLVED-BY-KNOB (carried only by artefacts that declare no dps)	-	UNMEASURED	data/machine2_cycle23_selfconsistent.json
640315810285	1	0	-	-	UNRESOLVED-BY-KNOB (carried only by artefacts that declare no dps)	-	UNMEASURED	data/machine2_cycle20_slide_K1_zeta_T45.666_e0.3_T600.json
6405641041	1	0	-	-	UNRESOLVED-BY-KNOB (carried only by artefacts that declare no dps)	-	UNMEASURED	data/machine2_cycle20_mainW2.json
640725980641	1	0	-	-	UNRESOLVED-BY-KNOB (carried only by artefacts that declare no dps)	-	UNMEASURED	data/machine2_cycle26_boundary.json
64073227146	1	0	-	-	UNRESOLVED-BY-KNOB (carried only by artefacts that declare no dps)	-	UNMEASURED	data/machine2_cycle25_design_scan_k2_4.json
641014761742	1	0	-	-	UNRESOLVED-BY-KNOB (carried only by artefacts that declare no dps)	-	UNMEASURED	data/machine2_cycle20_mainW2.json
641057243104	1	0	-	-	UNRESOLVED-BY-KNOB (carried only by artefacts that declare no dps)	-	UNMEASURED	data/machine2_c31_fitness_constants.json
641782775008	1	0	-	-	UNRESOLVED-BY-KNOB (carried only by artefacts that declare no dps)	-	UNMEASURED	data/machine2_cycle19_nb_results.json
64276267684	1	0	-	-	UNRESOLVED-BY-KNOB (carried only by artefacts that declare no dps)	-	UNMEASURED	data/machine2_cycle23_selfconsistent.json
643476481348	1	0	-	-	UNRESOLVED-BY-KNOB (carried only by artefacts that declare no dps)	-	UNMEASURED	data/machine2_cycle25_design_scan_k2_4.json
643653968585	2	0	-	-	UNRESOLVED-BY-KNOB (carried only by artefacts that declare no dps)	-	UNMEASURED	data/machine2_cycle25_grade.json
644018558019	1	0	-	-	UNRESOLVED-BY-KNOB (carried only by artefacts that declare no dps)	-	UNMEASURED	data/machine2_cycle25_design_scan_k0_6.json
644540350253	1	0	-	-	UNRESOLVED-BY-KNOB (carried only by artefacts that declare no dps)	-	UNMEASURED	data/machine2_cycle25_scored.json
644658560974	1	0	-	-	UNRESOLVED-BY-KNOB (carried only by artefacts that declare no dps)	-	UNMEASURED	data/machine2_cycle16_gate1.json
644705701514	1	0	-	-	UNRESOLVED-BY-KNOB (carried only by artefacts that declare no dps)	-	UNMEASURED	data/machine2_cycle23_selfconsistent.json
644770993693	5	2	60	-	POINT	-	UNMEASURED	data/code/machine2_c31_oos_runner.py
645486706893	2	0	-	-	UNRESOLVED-BY-KNOB (carried only by artefacts that declare no dps)	-	UNMEASURED	data/machine2_cycle25_prereg.json
645504639041	3	1	110,125	30	RANGE	-	UNMEASURED	data/m2_c37_published_constants_census.tsv
645571838799	1	0	-	-	UNRESOLVED-BY-KNOB (carried only by artefacts that declare no dps)	-	UNMEASURED	data/machine2_cycle23_sweep_c.json
645572669159	3	0	-	-	UNRESOLVED-BY-KNOB (carried only by artefacts that declare no dps)	-	UNMEASURED	data/machine2_cycle25_bands.json
646037054777	1	1	90,110,125	25,30	RANGE	-	UNMEASURED	data/machine2_c34_refit.json
6464765161	1	0	-	-	UNRESOLVED-BY-KNOB (carried only by artefacts that declare no dps)	-	UNMEASURED	data/machine2_cycle23_scored.json
64658551948	1	0	-	-	UNRESOLVED-BY-KNOB (carried only by artefacts that declare no dps)	-	UNMEASURED	data/machine2_cycle25_design_scan_k0_4.json
646740835263	1	0	-	-	UNRESOLVED-BY-KNOB (carried only by artefacts that declare no dps)	-	UNMEASURED	data/machine2_cycle20_slide_K3_epstein_D7_T3.875_e0.15_T250.json
647639340028	1	0	-	-	UNRESOLVED-BY-KNOB (carried only by artefacts that declare no dps)	-	UNMEASURED	data/machine2_cycle19_nb_results.json
648739101396	1	1	50	-	POINT	-	UNMEASURED	data/machine2_dn_dps50_n30.json
648784189329	1	0	-	-	UNRESOLVED-BY-KNOB (carried only by artefacts that declare no dps)	-	UNMEASURED	data/machine2_cycle24_widthlaw.json
649157949605	1	1	40	-	POINT	-	UNMEASURED	data/machine2_cycle28_cover_all.json
650830080610	2	0	-	-	UNRESOLVED-BY-KNOB (carried only by artefacts that declare no dps)	-	UNMEASURED	machine2-rediscovery-rate-2026-09-03.md
650989820484	1	0	-	-	UNRESOLVED-BY-KNOB (carried only by artefacts that declare no dps)	-	UNMEASURED	data/machine2_cycle20_slide_K1_zeta_T49.7738324_e0.3_T600.json
651125440480	4	0	-	-	UNRESOLVED-BY-KNOB (carried only by artefacts that declare no dps)	-	UNMEASURED	data/m2_c37_published_constants_census.tsv
651448998576	1	0	-	-	UNRESOLVED-BY-KNOB (carried only by artefacts that declare no dps)	-	UNMEASURED	data/machine2_cycle20_mainW2.json
652095439923	1	0	-	-	UNRESOLVED-BY-KNOB (carried only by artefacts that declare no dps)	-	UNMEASURED	data/machine2_cycle25_design_scan_k2_4.json
652601685291	1	0	-	-	UNRESOLVED-BY-KNOB (carried only by artefacts that declare no dps)	-	UNMEASURED	data/machine2_cycle25_design_scan_k0_4.json
652694472429	1	0	-	-	UNRESOLVED-BY-KNOB (carried only by artefacts that declare no dps)	-	UNMEASURED	data/machine2_cycle25_design_scan_k0_6.json
652814747001	1	0	-	-	UNRESOLVED-BY-KNOB (carried only by artefacts that declare no dps)	-	UNMEASURED	data/machine2_cycle23_sweep_c.json
653492911434	1	0	-	-	UNRESOLVED-BY-KNOB (carried only by artefacts that declare no dps)	-	UNMEASURED	data/machine2_cycle20_slide_K3_epstein_D7_T3.875_e0.15_T250.json
653635600558	1	0	-	-	UNRESOLVED-BY-KNOB (carried only by artefacts that declare no dps)	-	UNMEASURED	data/machine2_cycle25_design_scan_k0_6.json
653926978306	6	1	40	-	POINT	-	UNMEASURED	data/code/m2_c23_scored.py
655007224343	1	0	-	-	UNRESOLVED-BY-KNOB (carried only by artefacts that declare no dps)	-	UNMEASURED	data/machine2_c31_fitness_constants.json
655081669632	1	0	-	-	UNRESOLVED-BY-KNOB (carried only by artefacts that declare no dps)	-	UNMEASURED	data/machine2_cycle25_scored.json
655529058766	1	0	-	-	UNRESOLVED-BY-KNOB (carried only by artefacts that declare no dps)	-	UNMEASURED	data/machine2_cycle25_design_scan_k2_4.json
655667052030	1	1	90,110,125	25,30	RANGE	-	UNMEASURED	data/machine2_c33_fold5.json
655978088082	1	0	-	-	UNRESOLVED-BY-KNOB (carried only by artefacts that declare no dps)	-	UNMEASURED	data/machine2_cycle23_shifts.json
656357277733	1	0	-	-	UNRESOLVED-BY-KNOB (carried only by artefacts that declare no dps)	-	UNMEASURED	data/machine2_cycle25_design_scan_k2_4.json
656363614531	1	0	-	-	UNRESOLVED-BY-KNOB (carried only by artefacts that declare no dps)	-	UNMEASURED	data/machine2_cycle23_selfconsistent.json
656435751420	2	0	-	-	UNRESOLVED-BY-KNOB (carried only by artefacts that declare no dps)	-	UNMEASURED	data/machine2_cycle19_nb_results.json
657074163771	1	0	-	-	UNRESOLVED-BY-KNOB (carried only by artefacts that declare no dps)	-	UNMEASURED	data/machine2_cycle25_scored.json
657195113960	1	0	-	-	UNRESOLVED-BY-KNOB (carried only by artefacts that declare no dps)	-	UNMEASURED	data/machine2_cycle20_mainW2.json
657489953905	1	0	-	-	UNRESOLVED-BY-KNOB (carried only by artefacts that declare no dps)	-	UNMEASURED	data/machine2_cycle25_design_scan_k0_6.json
657496227782	1	0	-	-	UNRESOLVED-BY-KNOB (carried only by artefacts that declare no dps)	-	UNMEASURED	data/machine2_cycle25_design_scan_k2_4.json
657751757533	1	0	-	-	UNRESOLVED-BY-KNOB (carried only by artefacts that declare no dps)	-	UNMEASURED	data/machine2_cycle25_scored.json
658013924352	1	0	-	-	UNRESOLVED-BY-KNOB (carried only by artefacts that declare no dps)	-	UNMEASURED	data/machine2_debate_n8_sanity.out
658429340917	1	0	-	-	UNRESOLVED-BY-KNOB (carried only by artefacts that declare no dps)	-	UNMEASURED	data/machine2_cycle26_bandlaw.json
659149460956	2	0	-	-	UNRESOLVED-BY-KNOB (carried only by artefacts that declare no dps)	-	UNMEASURED	data/machine2_cycle19_nb_results.json
659232548118	1	0	-	-	UNRESOLVED-BY-KNOB (carried only by artefacts that declare no dps)	-	UNMEASURED	data/machine2_c31_fitness_constants.json
659516942155	2	2	50,60	-	RANGE	-	UNMEASURED	data/machine2_dn_dps50_n30.json
6596810668	1	0	-	-	UNRESOLVED-BY-KNOB (carried only by artefacts that declare no dps)	-	UNMEASURED	data/machine2_cycle25_bands.json
660214385777	1	0	-	-	UNRESOLVED-BY-KNOB (carried only by artefacts that declare no dps)	-	UNMEASURED	data/machine2_cycle25_scored.json
660860749412	4	0	-	-	UNRESOLVED-BY-KNOB (carried only by artefacts that declare no dps)	-	UNMEASURED	data/m2_c37_published_constants_census.tsv
660961772887	2	0	-	-	UNRESOLVED-BY-KNOB (carried only by artefacts that declare no dps)	-	UNMEASURED	data/m2_c37_published_constants_census.tsv
6613281594	1	0	-	-	UNRESOLVED-BY-KNOB (carried only by artefacts that declare no dps)	-	UNMEASURED	data/machine2_cycle20_slide_K3_epstein_D7_T3.875_e0.15_T250.json
661524282212	1	0	-	-	UNRESOLVED-BY-KNOB (carried only by artefacts that declare no dps)	-	UNMEASURED	data/machine2_cycle25_design_scan_k0_6.json
662176974988	1	0	-	-	UNRESOLVED-BY-KNOB (carried only by artefacts that declare no dps)	-	UNMEASURED	data/machine2_cycle25_design_scan_k0_6.json
662382783621	1	0	-	-	UNRESOLVED-BY-KNOB (carried only by artefacts that declare no dps)	-	UNMEASURED	data/machine2_cycle20_slide_K1_zeta_T49.7738324_e0.3_T600.json
662486149311	1	0	-	-	UNRESOLVED-BY-KNOB (carried only by artefacts that declare no dps)	-	UNMEASURED	data/machine2_cycle25_design_scan_k0_4.json
662615558638	2	0	-	-	UNRESOLVED-BY-KNOB (carried only by artefacts that declare no dps)	-	UNMEASURED	data/machine2_cycle16_ext_results.json
662638688395	1	0	-	-	UNRESOLVED-BY-KNOB (carried only by artefacts that declare no dps)	-	UNMEASURED	data/machine2_cycle20_slide_K3_epstein_D7_T4.65_e0.15_T250.json
663049162274	1	0	-	-	UNRESOLVED-BY-KNOB (carried only by artefacts that declare no dps)	-	UNMEASURED	data/machine2_cycle25_scored.json
663287940505	2	2	40	-	POINT	-	UNMEASURED	data/machine2_cycle27_anchorblind_c1.json
663669953623	1	0	-	-	UNRESOLVED-BY-KNOB (carried only by artefacts that declare no dps)	-	UNMEASURED	data/machine2_cycle25_design_scan_k0_4.json
663728589825	1	0	-	-	UNRESOLVED-BY-KNOB (carried only by artefacts that declare no dps)	-	UNMEASURED	data/machine2_cycle19_nb_results.json
664143687503	1	0	-	-	UNRESOLVED-BY-KNOB (carried only by artefacts that declare no dps)	-	UNMEASURED	data/machine2_cycle25_design_scan_k0_4.json
664201659027	1	0	-	-	UNRESOLVED-BY-KNOB (carried only by artefacts that declare no dps)	-	UNMEASURED	data/machine2_cycle26_bandlaw.json
664845334473	1	0	-	-	UNRESOLVED-BY-KNOB (carried only by artefacts that declare no dps)	-	UNMEASURED	data/machine2_cycle20_zerosum.json
66545417181	1	0	-	-	UNRESOLVED-BY-KNOB (carried only by artefacts that declare no dps)	-	UNMEASURED	data/machine2_cycle25_design_scan_k0_6.json
667446915336	1	0	-	-	UNRESOLVED-BY-KNOB (carried only by artefacts that declare no dps)	-	UNMEASURED	data/machine2_cycle19_nb_results.json
667603361128	1	0	-	-	UNRESOLVED-BY-KNOB (carried only by artefacts that declare no dps)	-	UNMEASURED	data/machine2_cycle15_fold_results.json
667959864921	1	0	-	-	UNRESOLVED-BY-KNOB (carried only by artefacts that declare no dps)	-	UNMEASURED	data/machine2_cycle25_design_scan_k0_6.json
668752697470	1	1	90	25	POINT	-	UNMEASURED	data/machine2_c35_signgroup.json
669620635481	1	0	-	-	UNRESOLVED-BY-KNOB (carried only by artefacts that declare no dps)	-	UNMEASURED	data/machine2_cycle19_nb_results.json
669682045692	1	0	-	-	UNRESOLVED-BY-KNOB (carried only by artefacts that declare no dps)	-	UNMEASURED	data/machine2_cycle16_low_results.json
669879572142	1	1	90,110,125	25,30	RANGE	-	UNMEASURED	data/machine2_c34_refit.json
669879572143	1	1	90,110,125	25,30	RANGE	-	UNMEASURED	data/machine2_c34_refit_batch2.out
669897547724	5	5	90,110,125,150	25,30	RANGE	-	UNMEASURED	data/m2_c38_runs.json
669897547725	5	3	90,110,120,125	25,30	RANGE	-	UNMEASURED	data/code/machine2_c34_analyse.py
670034193883	2	0	-	-	UNRESOLVED-BY-KNOB (carried only by artefacts that declare no dps)	-	UNMEASURED	data/m2_c37_published_constants_census.tsv
6700341939	1	0	-	-	UNRESOLVED-BY-KNOB (carried only by artefacts that declare no dps)	-	UNMEASURED	data/machine2_cycle15_stage3.out
670169791343	1	0	-	-	UNRESOLVED-BY-KNOB (carried only by artefacts that declare no dps)	-	UNMEASURED	data/machine2_cycle25_design_scan_k2_4.json
670798105294	4	0	-	-	UNRESOLVED-BY-KNOB (carried only by artefacts that declare no dps)	-	UNMEASURED	data/m2_c37_published_constants_census.tsv
670866087263	1	0	-	-	UNRESOLVED-BY-KNOB (carried only by artefacts that declare no dps)	-	UNMEASURED	data/machine2_cycle19_nb_results.json
672079718863	1	1	50	-	POINT	-	UNMEASURED	data/machine2_dn_dps50_n30.json
672174160381	1	0	-	-	UNRESOLVED-BY-KNOB (carried only by artefacts that declare no dps)	-	UNMEASURED	data/machine2_cycle25_design_scan_k0_6.json
672278702201	1	0	-	-	UNRESOLVED-BY-KNOB (carried only by artefacts that declare no dps)	-	UNMEASURED	data/machine2_cycle16_low_results.json
672514179565	1	0	-	-	UNRESOLVED-BY-KNOB (carried only by artefacts that declare no dps)	-	UNMEASURED	data/machine2_cycle25_design_scan_k0_4.json
672758339148	1	0	-	-	UNRESOLVED-BY-KNOB (carried only by artefacts that declare no dps)	-	UNMEASURED	data/machine2_cycle16_e1_recheck.json
673254341051	1	0	-	-	UNRESOLVED-BY-KNOB (carried only by artefacts that declare no dps)	-	UNMEASURED	data/machine2_cycle19_nb_results.json
673387544792	1	0	-	-	UNRESOLVED-BY-KNOB (carried only by artefacts that declare no dps)	-	UNMEASURED	data/machine2_cycle25_design_scan_k0_6.json
673513926330	1	0	-	-	UNRESOLVED-BY-KNOB (carried only by artefacts that declare no dps)	-	UNMEASURED	data/machine2_cycle25_design_scan_k0_4.json
673823156562	1	0	-	-	UNRESOLVED-BY-KNOB (carried only by artefacts that declare no dps)	-	UNMEASURED	data/machine2_cycle23_controls.json
674027634069	1	0	-	-	UNRESOLVED-BY-KNOB (carried only by artefacts that declare no dps)	-	UNMEASURED	data/machine2_cycle27_s3_prereg.json
67402763407	1	0	-	-	UNRESOLVED-BY-KNOB (carried only by artefacts that declare no dps)	-	UNMEASURED	data/machine2_cycle27_s3_prereg.json
674138216944	1	0	-	-	UNRESOLVED-BY-KNOB (carried only by artefacts that declare no dps)	-	UNMEASURED	data/machine2_cycle20_mainW2.json
674775784764	2	0	-	-	UNRESOLVED-BY-KNOB (carried only by artefacts that declare no dps)	-	UNMEASURED	data/machine2_cycle15_fold_results8.json
674906218512	1	0	-	-	UNRESOLVED-BY-KNOB (carried only by artefacts that declare no dps)	-	UNMEASURED	data/machine2_cycle25_scored.json
675274296573	1	0	-	-	UNRESOLVED-BY-KNOB (carried only by artefacts that declare no dps)	-	UNMEASURED	data/machine2_cycle20_mainW2.json
675497245010	1	0	-	-	UNRESOLVED-BY-KNOB (carried only by artefacts that declare no dps)	-	UNMEASURED	data/machine2_cycle15_fold_results.json
675882619544	1	0	-	-	UNRESOLVED-BY-KNOB (carried only by artefacts that declare no dps)	-	UNMEASURED	data/machine2_cycle20_slide_K1_zeta_T45.666_e0.3_T600.json
676033611281	1	0	-	-	UNRESOLVED-BY-KNOB (carried only by artefacts that declare no dps)	-	UNMEASURED	data/machine2_cycle15_fold_results.json
677469047283	1	0	-	-	UNRESOLVED-BY-KNOB (carried only by artefacts that declare no dps)	-	UNMEASURED	data/machine2_cycle20_mainW2.json
677503589974	1	0	-	-	UNRESOLVED-BY-KNOB (carried only by artefacts that declare no dps)	-	UNMEASURED	data/machine2_cycle26_branch.json
677786404742	1	0	-	-	UNRESOLVED-BY-KNOB (carried only by artefacts that declare no dps)	-	UNMEASURED	data/machine2_cycle25_design_scan_k0_6.json
678220513394	1	0	-	-	UNRESOLVED-BY-KNOB (carried only by artefacts that declare no dps)	-	UNMEASURED	data/machine2_cycle20_mainW2.json
678405285046	1	0	-	-	UNRESOLVED-BY-KNOB (carried only by artefacts that declare no dps)	-	UNMEASURED	data/machine2_cycle20_slide_K1_zeta_T0_e0.3_T600.json
678581935995	1	0	-	-	UNRESOLVED-BY-KNOB (carried only by artefacts that declare no dps)	-	UNMEASURED	data/machine2_cycle25_design_scan_k0_6.json
678754085649	1	0	-	-	UNRESOLVED-BY-KNOB (carried only by artefacts that declare no dps)	-	UNMEASURED	data/machine2_cycle23_shifts.json
678808393189	1	0	-	-	UNRESOLVED-BY-KNOB (carried only by artefacts that declare no dps)	-	UNMEASURED	data/machine2_cycle25_design_scan_k0_6.json
679452603985	1	1	90,125,150	25,30	RANGE	-	UNMEASURED	data/m2_c38_runs.json
679540324854	1	0	-	-	UNRESOLVED-BY-KNOB (carried only by artefacts that declare no dps)	-	UNMEASURED	data/machine2_cycle20_slide_K3_epstein_D7_T3.875_e0.15_T250.json
679646107108	3	0	-	-	UNRESOLVED-BY-KNOB (carried only by artefacts that declare no dps)	-	UNMEASURED	data/machine2_cycle27_s3_prereg.json
679724027157	1	0	-	-	UNRESOLVED-BY-KNOB (carried only by artefacts that declare no dps)	-	UNMEASURED	data/machine2_cycle25_design_scan_k2_4.json
680460700708	1	0	-	-	UNRESOLVED-BY-KNOB (carried only by artefacts that declare no dps)	-	UNMEASURED	data/machine2_cycle23_selfconsistent.json
680664233931	1	0	-	-	UNRESOLVED-BY-KNOB (carried only by artefacts that declare no dps)	-	UNMEASURED	data/machine2_cycle24_widthlaw.json
680718808546	1	0	-	-	UNRESOLVED-BY-KNOB (carried only by artefacts that declare no dps)	-	UNMEASURED	data/machine2_cycle25_design_scan_k0_4.json
681566674802	1	0	-	-	UNRESOLVED-BY-KNOB (carried only by artefacts that declare no dps)	-	UNMEASURED	data/machine2_cycle16_zeros_verified.json
6821190817	1	0	-	-	UNRESOLVED-BY-KNOB (carried only by artefacts that declare no dps)	-	UNMEASURED	data/machine2_cycle20_mainW2.json
683081761807	1	0	-	-	UNRESOLVED-BY-KNOB (carried only by artefacts that declare no dps)	-	UNMEASURED	data/machine2_cycle19_nb_results.json
6833695752	1	1	20,30	-	RANGE	-	UNMEASURED	data/machine2_cycle17_census.json
684091282241	2	0	-	-	UNRESOLVED-BY-KNOB (carried only by artefacts that declare no dps)	-	UNMEASURED	data/machine2_cycle25_prereg.json
684158150158	2	2	40	-	POINT	-	UNMEASURED	data/machine2_cycle27_anchorblind_c1.json
684183959813	1	0	-	-	UNRESOLVED-BY-KNOB (carried only by artefacts that declare no dps)	-	UNMEASURED	data/machine2_cycle25_design_scan_k2_4.json
684289760469	1	0	-	-	UNRESOLVED-BY-KNOB (carried only by artefacts that declare no dps)	-	UNMEASURED	data/machine2_cycle23_design_scan.json
685126797268	1	0	-	-	UNRESOLVED-BY-KNOB (carried only by artefacts that declare no dps)	-	UNMEASURED	data/machine2_cycle25_design_scan_k2_4.json
685285313183	4	0	-	-	UNRESOLVED-BY-KNOB (carried only by artefacts that declare no dps)	-	UNMEASURED	data/m2_c37_published_constants_census.tsv
686346559262	1	1	40	-	POINT	-	UNMEASURED	data/machine2_cycle28_cover_all.json
686629341766	4	0	-	-	UNRESOLVED-BY-KNOB (carried only by artefacts that declare no dps)	-	UNMEASURED	data/m2_c37_published_constants_census.tsv
687068154359	1	1	30	-	POINT	-	UNMEASURED	data/machine2_cycle21_identity_referee.out
687179302825	1	0	-	-	UNRESOLVED-BY-KNOB (carried only by artefacts that declare no dps)	-	UNMEASURED	data/machine2_cycle20_slide_K1_zeta_T45.666_e0.3_T600.json
687276084311	1	0	-	-	UNRESOLVED-BY-KNOB (carried only by artefacts that declare no dps)	-	UNMEASURED	data/machine2_cycle20_slide_K3_epstein_D7_T4.65_e0.15_T250.json
68758866982	1	0	-	-	UNRESOLVED-BY-KNOB (carried only by artefacts that declare no dps)	-	UNMEASURED	data/machine2_cycle25_design_scan_k0_4.json
687875861201	1	0	-	-	UNRESOLVED-BY-KNOB (carried only by artefacts that declare no dps)	-	UNMEASURED	data/machine2_cycle25_design_scan_k2_4.json
688141883297	1	0	-	-	UNRESOLVED-BY-KNOB (carried only by artefacts that declare no dps)	-	UNMEASURED	data/machine2_cycle19_nb_results.json
688200262517	1	0	-	-	UNRESOLVED-BY-KNOB (carried only by artefacts that declare no dps)	-	UNMEASURED	data/machine2_cycle25_design_scan_k0_6.json
688682102904	1	0	-	-	UNRESOLVED-BY-KNOB (carried only by artefacts that declare no dps)	-	UNMEASURED	data/machine2_cycle25_design_scan_k0_4.json
688725266470	1	0	-	-	UNRESOLVED-BY-KNOB (carried only by artefacts that declare no dps)	-	UNMEASURED	data/machine2_cycle15_fold_results.json
689203508064	1	1	30	-	POINT	-	UNMEASURED	data/machine2_cycle21_identity_referee.out
690107820783	1	0	-	-	UNRESOLVED-BY-KNOB (carried only by artefacts that declare no dps)	-	UNMEASURED	data/machine2_cycle19_nb_results.json
690433997558	1	0	-	-	UNRESOLVED-BY-KNOB (carried only by artefacts that declare no dps)	-	UNMEASURED	data/machine2_cycle25_design_scan_k0_4.json
690560183337	1	0	-	-	UNRESOLVED-BY-KNOB (carried only by artefacts that declare no dps)	-	UNMEASURED	data/machine2_cycle23_shifts.json
691089556195	1	0	-	-	UNRESOLVED-BY-KNOB (carried only by artefacts that declare no dps)	-	UNMEASURED	data/machine2_c31_fitness.out
691208757935	1	0	-	-	UNRESOLVED-BY-KNOB (carried only by artefacts that declare no dps)	-	UNMEASURED	data/machine2_cycle25_design_scan_k0_6.json
691268318377	1	0	-	-	UNRESOLVED-BY-KNOB (carried only by artefacts that declare no dps)	-	UNMEASURED	data/machine2_cycle25_design_scan_k0_6.json
691527961245	1	0	-	-	UNRESOLVED-BY-KNOB (carried only by artefacts that declare no dps)	-	UNMEASURED	data/machine2_cycle23_shifts.json
69210793909	1	0	-	-	UNRESOLVED-BY-KNOB (carried only by artefacts that declare no dps)	-	UNMEASURED	data/machine2_cycle25_scored.json
692590576232	1	0	-	-	UNRESOLVED-BY-KNOB (carried only by artefacts that declare no dps)	-	UNMEASURED	data/machine2_cycle20_mainW2.json
693564950245	1	0	-	-	UNRESOLVED-BY-KNOB (carried only by artefacts that declare no dps)	-	UNMEASURED	data/machine2_cycle25_design_scan_k0_6.json
694083457152	1	0	-	-	UNRESOLVED-BY-KNOB (carried only by artefacts that declare no dps)	-	UNMEASURED	data/machine2_cycle25_design_scan_k0_6.json
694506390633	1	0	-	-	UNRESOLVED-BY-KNOB (carried only by artefacts that declare no dps)	-	UNMEASURED	data/machine2_cycle20_slide_K1_zeta_T0_e0.3_T600.json
69457106529	1	0	-	-	UNRESOLVED-BY-KNOB (carried only by artefacts that declare no dps)	-	UNMEASURED	data/machine2_cycle25_design_scan_k0_6.json
695464017111	3	0	-	-	UNRESOLVED-BY-KNOB (carried only by artefacts that declare no dps)	-	UNMEASURED	data/m2_c37_published_constants_census.tsv
695746336570	1	0	-	-	UNRESOLVED-BY-KNOB (carried only by artefacts that declare no dps)	-	UNMEASURED	data/machine2_cycle16_scan_results.json
696131779687	1	0	-	-	UNRESOLVED-BY-KNOB (carried only by artefacts that declare no dps)	-	UNMEASURED	data/machine2_cycle25_scored.json
696132249349	1	0	-	-	UNRESOLVED-BY-KNOB (carried only by artefacts that declare no dps)	-	UNMEASURED	data/machine2_cycle20_mainW2.json
696548006906	1	0	-	-	UNRESOLVED-BY-KNOB (carried only by artefacts that declare no dps)	-	UNMEASURED	data/machine2_cycle25_design_scan_k2_4.json
696972766698	1	0	-	-	UNRESOLVED-BY-KNOB (carried only by artefacts that declare no dps)	-	UNMEASURED	data/machine2_cycle20_mainW2.json
697038886778	1	0	-	-	UNRESOLVED-BY-KNOB (carried only by artefacts that declare no dps)	-	UNMEASURED	data/machine2_cycle19_nb_results.json
697315773592	1	0	-	-	UNRESOLVED-BY-KNOB (carried only by artefacts that declare no dps)	-	UNMEASURED	data/machine2_cycle23_ordcheck.json
697324649173	7	0	-	-	UNRESOLVED-BY-KNOB (carried only by artefacts that declare no dps)	-	UNMEASURED	data/m2_c37_published_constants_census.tsv
697375975197	1	0	-	-	UNRESOLVED-BY-KNOB (carried only by artefacts that declare no dps)	-	UNMEASURED	data/machine2_cycle23_selfconsistent.json
697848813668	2	0	-	-	UNRESOLVED-BY-KNOB (carried only by artefacts that declare no dps)	-	UNMEASURED	data/m2_c37_published_constants_census.tsv
6983137823	1	0	-	-	UNRESOLVED-BY-KNOB (carried only by artefacts that declare no dps)	-	UNMEASURED	data/machine2_cycle27_s3_prereg.json
698313782332	1	0	-	-	UNRESOLVED-BY-KNOB (carried only by artefacts that declare no dps)	-	UNMEASURED	data/machine2_cycle29_s3_scored.json
698644962050	1	0	-	-	UNRESOLVED-BY-KNOB (carried only by artefacts that declare no dps)	-	UNMEASURED	data/machine2_cycle24_widthlaw.json
698922824595	1	0	-	-	UNRESOLVED-BY-KNOB (carried only by artefacts that declare no dps)	-	UNMEASURED	data/machine2_cycle20_mainW2.json
6992879517	1	0	-	-	UNRESOLVED-BY-KNOB (carried only by artefacts that declare no dps)	-	UNMEASURED	machine2-cycle23-REVEAL-and-letter-the-family-fires-my-prereg-falls-m1s-prediction-holds.md
699287951740	3	0	-	-	UNRESOLVED-BY-KNOB (carried only by artefacts that declare no dps)	-	UNMEASURED	data/m2_c37_published_constants_census.tsv
699346660849	1	0	-	-	UNRESOLVED-BY-KNOB (carried only by artefacts that declare no dps)	-	UNMEASURED	data/machine2_cycle20_mainW2.json
699817950109	1	0	-	-	UNRESOLVED-BY-KNOB (carried only by artefacts that declare no dps)	-	UNMEASURED	data/machine2_cycle25_design_scan_k0_6.json
699897526991	3	0	-	-	UNRESOLVED-BY-KNOB (carried only by artefacts that declare no dps)	-	UNMEASURED	data/machine2_cycle29_s3_grade.out
700508171542	2	0	-	-	UNRESOLVED-BY-KNOB (carried only by artefacts that declare no dps)	-	UNMEASURED	data/m2_c37_published_constants_census.tsv
701614866414	1	0	-	-	UNRESOLVED-BY-KNOB (carried only by artefacts that declare no dps)	-	UNMEASURED	data/machine2_cycle25_design_scan_k0_6.json
7016586005	1	0	-	-	UNRESOLVED-BY-KNOB (carried only by artefacts that declare no dps)	-	UNMEASURED	data/machine2_cycle20_slide_K3_epstein_D7_T3.875_e0.15_T250.json
702024140332	1	0	-	-	UNRESOLVED-BY-KNOB (carried only by artefacts that declare no dps)	-	UNMEASURED	data/machine2_cycle25_design_scan_k2_4.json
7022456842	2	1	40	-	POINT	-	UNMEASURED	data/machine2_cycle25_scored.json
703407986086	2	0	-	-	UNRESOLVED-BY-KNOB (carried only by artefacts that declare no dps)	-	UNMEASURED	data/machine2_cycle23_ptable.json
7034079861	1	0	-	-	UNRESOLVED-BY-KNOB (carried only by artefacts that declare no dps)	-	UNMEASURED	machine2-cycle23-FAMILY-CHOICE-composition-with-near-cancellation.md
704515353251	1	0	-	-	UNRESOLVED-BY-KNOB (carried only by artefacts that declare no dps)	-	UNMEASURED	data/machine2_cycle20_slide_K3_epstein_D7_T3.875_e0.15_T250.json
70522595888	3	0	-	-	UNRESOLVED-BY-KNOB (carried only by artefacts that declare no dps)	-	UNMEASURED	data/m2_c37_published_constants_census.tsv
705241694021	1	0	-	-	UNRESOLVED-BY-KNOB (carried only by artefacts that declare no dps)	-	UNMEASURED	data/machine2_cycle25_design_scan_k0_6.json
705317010345	1	0	-	-	UNRESOLVED-BY-KNOB (carried only by artefacts that declare no dps)	-	UNMEASURED	data/machine2_cycle25_scored.json
705397689892	1	0	-	-	UNRESOLVED-BY-KNOB (carried only by artefacts that declare no dps)	-	UNMEASURED	data/machine2_cycle25_design_scan_k2_4.json
705483597426	1	0	-	-	UNRESOLVED-BY-KNOB (carried only by artefacts that declare no dps)	-	UNMEASURED	data/machine2_cycle25_design_scan_k0_6.json
705506383422	1	0	-	-	UNRESOLVED-BY-KNOB (carried only by artefacts that declare no dps)	-	UNMEASURED	data/machine2_cycle20_slide_K3_epstein_D7_T3.875_e0.15_T250.json
70555079554	1	0	-	-	UNRESOLVED-BY-KNOB (carried only by artefacts that declare no dps)	-	UNMEASURED	machine2-debate-contribution-orbit-size-and-owning-deltastar.md
705550795544	1	0	-	-	UNRESOLVED-BY-KNOB (carried only by artefacts that declare no dps)	-	UNMEASURED	data/machine2_debate_n8_sanity.out
706251439409	1	0	-	-	UNRESOLVED-BY-KNOB (carried only by artefacts that declare no dps)	-	UNMEASURED	data/machine2_cycle15_fold_results.json
706789929214	1	0	-	-	UNRESOLVED-BY-KNOB (carried only by artefacts that declare no dps)	-	UNMEASURED	data/machine2_cycle16_ext_results.json
707505623327	1	0	-	-	UNRESOLVED-BY-KNOB (carried only by artefacts that declare no dps)	-	UNMEASURED	data/machine2_cycle25_design_scan_k0_6.json
707578940294	1	0	-	-	UNRESOLVED-BY-KNOB (carried only by artefacts that declare no dps)	-	UNMEASURED	data/machine2_cycle20_slide_K1_zeta_T45.666_e0.3_T600.json
707726082052	1	0	-	-	UNRESOLVED-BY-KNOB (carried only by artefacts that declare no dps)	-	UNMEASURED	data/machine2_cycle16_ext_results.json
708497047317	1	0	-	-	UNRESOLVED-BY-KNOB (carried only by artefacts that declare no dps)	-	UNMEASURED	data/machine2_cycle25_design_scan_k2_4.json
708737154271	1	0	-	-	UNRESOLVED-BY-KNOB (carried only by artefacts that declare no dps)	-	UNMEASURED	data/machine2_cycle24_widthlaw.json
708815959187	1	0	-	-	UNRESOLVED-BY-KNOB (carried only by artefacts that declare no dps)	-	UNMEASURED	data/machine2_cycle25_design_scan_k0_4.json
708994467268	1	0	-	-	UNRESOLVED-BY-KNOB (carried only by artefacts that declare no dps)	-	UNMEASURED	data/machine2_cycle20_slide_K3_epstein_D7_T3.875_e0.15_T250.json
708997937667	1	0	-	-	UNRESOLVED-BY-KNOB (carried only by artefacts that declare no dps)	-	UNMEASURED	data/machine2_cycle25_design_scan_k2_4.json
70918367803	1	0	-	-	UNRESOLVED-BY-KNOB (carried only by artefacts that declare no dps)	-	UNMEASURED	data/machine2_cycle23_design_scan.json
709580633743	1	0	-	-	UNRESOLVED-BY-KNOB (carried only by artefacts that declare no dps)	-	UNMEASURED	data/machine2_c31_fitness_constants.json
710059171598	1	0	-	-	UNRESOLVED-BY-KNOB (carried only by artefacts that declare no dps)	-	UNMEASURED	data/machine2_floor_kernel_check.out
711540896630	1	0	-	-	UNRESOLVED-BY-KNOB (carried only by artefacts that declare no dps)	-	UNMEASURED	data/machine2_cycle16_ext_results.json
711693972096	3	0	-	-	UNRESOLVED-BY-KNOB (carried only by artefacts that declare no dps)	-	UNMEASURED	data/machine2_cycle25_bands.json
712242065178	1	0	-	-	UNRESOLVED-BY-KNOB (carried only by artefacts that declare no dps)	-	UNMEASURED	data/machine2_cycle19_nb_results.json
712677869342	1	0	-	-	UNRESOLVED-BY-KNOB (carried only by artefacts that declare no dps)	-	UNMEASURED	data/machine2_cycle25_scored.json
713279809960	1	0	-	-	UNRESOLVED-BY-KNOB (carried only by artefacts that declare no dps)	-	UNMEASURED	data/machine2_c31_fitness_constants.json
713946650196	1	0	-	-	UNRESOLVED-BY-KNOB (carried only by artefacts that declare no dps)	-	UNMEASURED	data/machine2_cycle25_scored.json
713967395994	1	0	-	-	UNRESOLVED-BY-KNOB (carried only by artefacts that declare no dps)	-	UNMEASURED	data/machine2_cycle25_design_scan_k2_4.json
714285714286	1	0	-	-	UNRESOLVED-BY-KNOB (carried only by artefacts that declare no dps)	-	UNMEASURED	data/machine2_floor_kernel_check.out
714969061734	1	0	-	-	UNRESOLVED-BY-KNOB (carried only by artefacts that declare no dps)	-	UNMEASURED	data/machine2_cycle19_nb_results.json
715021699432	1	0	-	-	UNRESOLVED-BY-KNOB (carried only by artefacts that declare no dps)	-	UNMEASURED	data/machine2_cycle19_nb_results.json
715100063283	1	0	-	-	UNRESOLVED-BY-KNOB (carried only by artefacts that declare no dps)	-	UNMEASURED	data/machine2_cycle25_design_scan_k0_6.json
715394290131	1	0	-	-	UNRESOLVED-BY-KNOB (carried only by artefacts that declare no dps)	-	UNMEASURED	data/machine2_cycle25_design_scan_k0_6.json
715881906479	1	0	-	-	UNRESOLVED-BY-KNOB (carried only by artefacts that declare no dps)	-	UNMEASURED	data/machine2_cycle19_nb_results.json
715901410382	9	1	30	-	POINT	-	UNMEASURED	data/code/m2_c30_reform_threshold.py
715966903492	1	0	-	-	UNRESOLVED-BY-KNOB (carried only by artefacts that declare no dps)	-	UNMEASURED	data/machine2_cycle16_ext_results.json
716017400808	1	0	-	-	UNRESOLVED-BY-KNOB (carried only by artefacts that declare no dps)	-	UNMEASURED	data/machine2_cycle23_design_scan.json
716779114488	1	0	-	-	UNRESOLVED-BY-KNOB (carried only by artefacts that declare no dps)	-	UNMEASURED	data/machine2_cycle20_slide_K3_epstein_D7_T3.875_e0.15_T250.json
7172673868	1	1	60	-	POINT	-	UNMEASURED	data/m2_c30_scored.json
717280273899	1	0	-	-	UNRESOLVED-BY-KNOB (carried only by artefacts that declare no dps)	-	UNMEASURED	data/machine2_cycle20_mainW2.json
717329001528	1	0	-	-	UNRESOLVED-BY-KNOB (carried only by artefacts that declare no dps)	-	UNMEASURED	machine2-cycle5-kappa4-2026-09-02.md
717329012078	3	0	-	-	UNRESOLVED-BY-KNOB (carried only by artefacts that declare no dps)	-	UNMEASURED	data/m2_c37_published_constants_census.tsv
717329078305	1	0	-	-	UNRESOLVED-BY-KNOB (carried only by artefacts that declare no dps)	-	UNMEASURED	machine2-ERRATUM-20-c31-transfer-coefficient-withdrawal-renumbered-off-a-colliding-erratum-12.md
717329085586	2	0	-	-	UNRESOLVED-BY-KNOB (carried only by artefacts that declare no dps)	-	UNMEASURED	data/m2_c37_published_constants_census.tsv
717329159093	2	0	-	-	UNRESOLVED-BY-KNOB (carried only by artefacts that declare no dps)	-	UNMEASURED	data/m2_c37_published_constants_census.tsv
717329169643	1	0	-	-	UNRESOLVED-BY-KNOB (carried only by artefacts that declare no dps)	-	UNMEASURED	machine2-cycle5-kappa4-2026-09-02.md
718232843721	2	0	-	-	UNRESOLVED-BY-KNOB (carried only by artefacts that declare no dps)	-	UNMEASURED	data/machine2_cycle25_prereg.json
718266662307	1	0	-	-	UNRESOLVED-BY-KNOB (carried only by artefacts that declare no dps)	-	UNMEASURED	data/machine2_cycle23_design_scan.json
71827401978	1	0	-	-	UNRESOLVED-BY-KNOB (carried only by artefacts that declare no dps)	-	UNMEASURED	data/machine2_cycle23_design_scan.json
718274604183	1	0	-	-	UNRESOLVED-BY-KNOB (carried only by artefacts that declare no dps)	-	UNMEASURED	data/machine2_cycle23_design_scan.json
7182915198	1	0	-	-	UNRESOLVED-BY-KNOB (carried only by artefacts that declare no dps)	-	UNMEASURED	data/machine2_cycle23_design_scan.json
718388310839	1	0	-	-	UNRESOLVED-BY-KNOB (carried only by artefacts that declare no dps)	-	UNMEASURED	data/machine2_cycle19_nb_results.json
718397440467	1	0	-	-	UNRESOLVED-BY-KNOB (carried only by artefacts that declare no dps)	-	UNMEASURED	data/machine2_cycle23_design_scan.json
718458641379	1	0	-	-	UNRESOLVED-BY-KNOB (carried only by artefacts that declare no dps)	-	UNMEASURED	data/machine2_cycle23_design_scan.json
718636879671	1	0	-	-	UNRESOLVED-BY-KNOB (carried only by artefacts that declare no dps)	-	UNMEASURED	data/machine2_cycle19_nb_results.json
718642500162	1	0	-	-	UNRESOLVED-BY-KNOB (carried only by artefacts that declare no dps)	-	UNMEASURED	data/machine2_cycle20_mainW2.json
718719273698	1	0	-	-	UNRESOLVED-BY-KNOB (carried only by artefacts that declare no dps)	-	UNMEASURED	data/machine2_cycle25_design_scan_k0_6.json
718754726663	1	0	-	-	UNRESOLVED-BY-KNOB (carried only by artefacts that declare no dps)	-	UNMEASURED	data/machine2_cycle16_e1_recheck.json
718756414381	2	0	-	-	UNRESOLVED-BY-KNOB (carried only by artefacts that declare no dps)	-	UNMEASURED	data/machine2_cycle19_nb_results.json
719023651625	1	0	-	-	UNRESOLVED-BY-KNOB (carried only by artefacts that declare no dps)	-	UNMEASURED	data/machine2_cycle23_design_scan.json
719030131819	1	0	-	-	UNRESOLVED-BY-KNOB (carried only by artefacts that declare no dps)	-	UNMEASURED	machine2-cycle22-witness-fires-on-the-bare-zero-side.md
719890641711	1	0	-	-	UNRESOLVED-BY-KNOB (carried only by artefacts that declare no dps)	-	UNMEASURED	data/machine2_cycle25_design_scan_k0_6.json
7199062426	1	0	-	-	UNRESOLVED-BY-KNOB (carried only by artefacts that declare no dps)	-	UNMEASURED	data/machine2_cycle20_mainW2.json
719993682655	1	0	-	-	UNRESOLVED-BY-KNOB (carried only by artefacts that declare no dps)	-	UNMEASURED	data/machine2_cycle25_design_scan_k2_4.json
720173645019	1	0	-	-	UNRESOLVED-BY-KNOB (carried only by artefacts that declare no dps)	-	UNMEASURED	data/machine2_cycle16_scan_results.json
720179755782	1	0	-	-	UNRESOLVED-BY-KNOB (carried only by artefacts that declare no dps)	-	UNMEASURED	data/machine2_cycle20_mainW2.json
7206672947	3	0	-	-	UNRESOLVED-BY-KNOB (carried only by artefacts that declare no dps)	-	UNMEASURED	data/m2_c37_published_constants_census.tsv
720671576744	3	0	-	-	UNRESOLVED-BY-KNOB (carried only by artefacts that declare no dps)	-	UNMEASURED	data/m2_c37_published_constants_census.tsv
720863519725	10	4	40	-	POINT	-	UNMEASURED	data/code/m2_c23_ptable.py
722007360405	1	0	-	-	UNRESOLVED-BY-KNOB (carried only by artefacts that declare no dps)	-	UNMEASURED	data/machine2_cycle20_slide_K3_epstein_D7_T3.875_e0.15_T250.json
722171165385	1	0	-	-	UNRESOLVED-BY-KNOB (carried only by artefacts that declare no dps)	-	UNMEASURED	data/machine2_cycle19_nb_results.json
7223766048	1	0	-	-	UNRESOLVED-BY-KNOB (carried only by artefacts that declare no dps)	-	UNMEASURED	data/machine2_cycle20_mainW2.json
722794663134	1	0	-	-	UNRESOLVED-BY-KNOB (carried only by artefacts that declare no dps)	-	UNMEASURED	data/machine2_cycle15_fold_results.json
722880930929	1	0	-	-	UNRESOLVED-BY-KNOB (carried only by artefacts that declare no dps)	-	UNMEASURED	data/machine2_cycle25_design_scan_k0_6.json
723047918776	1	0	-	-	UNRESOLVED-BY-KNOB (carried only by artefacts that declare no dps)	-	UNMEASURED	data/machine2_cycle23_shifts.json
723357487742	1	0	-	-	UNRESOLVED-BY-KNOB (carried only by artefacts that declare no dps)	-	UNMEASURED	data/machine2_cycle25_design_scan_k0_4.json
723452169632	1	0	-	-	UNRESOLVED-BY-KNOB (carried only by artefacts that declare no dps)	-	UNMEASURED	data/machine2_cycle25_design_scan_k0_6.json
72382649314	1	0	-	-	UNRESOLVED-BY-KNOB (carried only by artefacts that declare no dps)	-	UNMEASURED	data/machine2_cycle25_design_scan_k0_6.json
724262401324	1	0	-	-	UNRESOLVED-BY-KNOB (carried only by artefacts that declare no dps)	-	UNMEASURED	data/machine2_cycle20_slide_K3_epstein_D7_T3.875_e0.15_T250.json
725061043490	1	0	-	-	UNRESOLVED-BY-KNOB (carried only by artefacts that declare no dps)	-	UNMEASURED	data/machine2_cycle19_nb_results.json
725202867701	3	0	-	-	UNRESOLVED-BY-KNOB (carried only by artefacts that declare no dps)	-	UNMEASURED	data/machine2_cycle29_s3_grade.out
725388033909	1	0	-	-	UNRESOLVED-BY-KNOB (carried only by artefacts that declare no dps)	-	UNMEASURED	data/machine2_cycle25_design_scan_k0_6.json
725958242126	1	0	-	-	UNRESOLVED-BY-KNOB (carried only by artefacts that declare no dps)	-	UNMEASURED	data/machine2_cycle22_scored_witness.json
726208624714	1	0	-	-	UNRESOLVED-BY-KNOB (carried only by artefacts that declare no dps)	-	UNMEASURED	data/machine2_cycle20_mainW2.json
7262922231	1	0	-	-	UNRESOLVED-BY-KNOB (carried only by artefacts that declare no dps)	-	UNMEASURED	data/machine2_cycle26_bandlaw.json
726444178079	1	0	-	-	UNRESOLVED-BY-KNOB (carried only by artefacts that declare no dps)	-	UNMEASURED	data/machine2_cycle24_widthlaw.json
726809463260	1	0	-	-	UNRESOLVED-BY-KNOB (carried only by artefacts that declare no dps)	-	UNMEASURED	data/machine2_cycle23_sweep_c.json
727264189244	1	0	-	-	UNRESOLVED-BY-KNOB (carried only by artefacts that declare no dps)	-	UNMEASURED	data/machine2_cycle25_design_scan_k0_4.json
727401374243	1	0	-	-	UNRESOLVED-BY-KNOB (carried only by artefacts that declare no dps)	-	UNMEASURED	data/machine2_cycle20_slide_K1_zeta_T49.7738324_e0.3_T600.json
727891325814	1	0	-	-	UNRESOLVED-BY-KNOB (carried only by artefacts that declare no dps)	-	UNMEASURED	data/machine2_cycle19_nb_results.json
728129394322	1	0	-	-	UNRESOLVED-BY-KNOB (carried only by artefacts that declare no dps)	-	UNMEASURED	data/machine2_cycle16_zeros_verified.json
728412250488	1	0	-	-	UNRESOLVED-BY-KNOB (carried only by artefacts that declare no dps)	-	UNMEASURED	data/machine2_cycle25_design_scan_k2_4.json
728877114502	1	0	-	-	UNRESOLVED-BY-KNOB (carried only by artefacts that declare no dps)	-	UNMEASURED	data/machine2_cycle16_ext_results.json
7291325707	1	0	-	-	UNRESOLVED-BY-KNOB (carried only by artefacts that declare no dps)	-	UNMEASURED	data/machine2_cycle26_bandlaw.json
729450928374	21	16	45,50,60,80,120,300	-	RANGE	-	UNMEASURED	data/c28resp/m2_c28r_btrunc.py
7294653625	1	0	-	-	UNRESOLVED-BY-KNOB (carried only by artefacts that declare no dps)	-	UNMEASURED	data/machine2_cycle20_mainW2.json
7299306078	1	1	20,30	-	RANGE	-	UNMEASURED	data/machine2_cycle17_census.json
7302169607	1	1	60	-	POINT	-	UNMEASURED	data/m2_c30_scored.json
730378682626	1	0	-	-	UNRESOLVED-BY-KNOB (carried only by artefacts that declare no dps)	-	UNMEASURED	data/machine2_cycle25_design_scan_k0_4.json
730541369573	1	0	-	-	UNRESOLVED-BY-KNOB (carried only by artefacts that declare no dps)	-	UNMEASURED	data/machine2_cycle20_slide_K3_epstein_D7_T4.65_e0.15_T250.json
7307459437	1	0	-	-	UNRESOLVED-BY-KNOB (carried only by artefacts that declare no dps)	-	UNMEASURED	data/machine2_cycle29_s3_scored.out
730745943739	1	0	-	-	UNRESOLVED-BY-KNOB (carried only by artefacts that declare no dps)	-	UNMEASURED	data/machine2_cycle29_s3_scored.json
731076606342	1	0	-	-	UNRESOLVED-BY-KNOB (carried only by artefacts that declare no dps)	-	UNMEASURED	data/machine2_cycle25_design_scan_k0_4.json
731306563914	1	0	-	-	UNRESOLVED-BY-KNOB (carried only by artefacts that declare no dps)	-	UNMEASURED	data/machine2_cycle20_slide_K1_zeta_T45.666_e0.3_T600.json
732028289582	1	0	-	-	UNRESOLVED-BY-KNOB (carried only by artefacts that declare no dps)	-	UNMEASURED	data/machine2_cycle25_design_scan_k0_6.json
732567588287	1	0	-	-	UNRESOLVED-BY-KNOB (carried only by artefacts that declare no dps)	-	UNMEASURED	data/machine2_cycle20_slide_K3_epstein_D7_T3.875_e0.15_T250.json
732677707849	1	0	-	-	UNRESOLVED-BY-KNOB (carried only by artefacts that declare no dps)	-	UNMEASURED	data/machine2_cycle20_slide_K1_zeta_T0_e0.3_T600.json
732872044038	1	0	-	-	UNRESOLVED-BY-KNOB (carried only by artefacts that declare no dps)	-	UNMEASURED	data/machine2_cycle16_low_results.json
732901207872	1	0	-	-	UNRESOLVED-BY-KNOB (carried only by artefacts that declare no dps)	-	UNMEASURED	machine2-cycle5-kappa4-2026-09-02.md
732915909347	1	0	-	-	UNRESOLVED-BY-KNOB (carried only by artefacts that declare no dps)	-	UNMEASURED	machine2-cycle5-kappa4-2026-09-02.md
733056558005	1	0	-	-	UNRESOLVED-BY-KNOB (carried only by artefacts that declare no dps)	-	UNMEASURED	data/machine2_cycle20_mainW2.json
733803678645	2	0	-	-	UNRESOLVED-BY-KNOB (carried only by artefacts that declare no dps)	-	UNMEASURED	data/m2_c37_published_constants_census.tsv
733862507761	1	0	-	-	UNRESOLVED-BY-KNOB (carried only by artefacts that declare no dps)	-	UNMEASURED	data/machine2_cycle19_nb_results.json
7348629086	1	0	-	-	UNRESOLVED-BY-KNOB (carried only by artefacts that declare no dps)	-	UNMEASURED	data/machine2_cycle20_slide_K1_zeta_T49.7738324_e0.3_T600.json
735073769616	2	0	-	-	UNRESOLVED-BY-KNOB (carried only by artefacts that declare no dps)	-	UNMEASURED	data/m2_c37_published_constants_census.tsv
735237879687	1	0	-	-	UNRESOLVED-BY-KNOB (carried only by artefacts that declare no dps)	-	UNMEASURED	data/machine2_cycle16_ext_results.json
735559093819	1	0	-	-	UNRESOLVED-BY-KNOB (carried only by artefacts that declare no dps)	-	UNMEASURED	data/machine2_cycle23_shifts.json
735888538779	1	0	-	-	UNRESOLVED-BY-KNOB (carried only by artefacts that declare no dps)	-	UNMEASURED	data/machine2_cycle16_ext_results.json
736082431067	1	0	-	-	UNRESOLVED-BY-KNOB (carried only by artefacts that declare no dps)	-	UNMEASURED	data/machine2_cycle23_selfconsistent.json
736501343643	3	0	-	-	UNRESOLVED-BY-KNOB (carried only by artefacts that declare no dps)	-	UNMEASURED	data/machine2_cycle19_nb_results.json
737114916097	1	0	-	-	UNRESOLVED-BY-KNOB (carried only by artefacts that declare no dps)	-	UNMEASURED	data/machine2_cycle26_bandlaw.json
7378885437	1	0	-	-	UNRESOLVED-BY-KNOB (carried only by artefacts that declare no dps)	-	UNMEASURED	data/machine2_cycle27_s3_prereg.out
737888543706	1	0	-	-	UNRESOLVED-BY-KNOB (carried only by artefacts that declare no dps)	-	UNMEASURED	data/machine2_cycle27_s3_prereg.json
738318005891	1	0	-	-	UNRESOLVED-BY-KNOB (carried only by artefacts that declare no dps)	-	UNMEASURED	data/machine2_cycle25_design_scan_k0_4.json
738345483827	1	0	-	-	UNRESOLVED-BY-KNOB (carried only by artefacts that declare no dps)	-	UNMEASURED	data/machine2_cycle20_mainW2.json
738659355441	1	0	-	-	UNRESOLVED-BY-KNOB (carried only by artefacts that declare no dps)	-	UNMEASURED	data/machine2_cycle25_design_scan_k0_6.json
7392619344	1	0	-	-	UNRESOLVED-BY-KNOB (carried only by artefacts that declare no dps)	-	UNMEASURED	data/machine2_cycle26_bandlaw.json
739935605888	1	1	40	-	POINT	-	UNMEASURED	data/machine2_cycle28_cover_all.json
740038154055	2	0	-	-	UNRESOLVED-BY-KNOB (carried only by artefacts that declare no dps)	-	UNMEASURED	data/machine2_cycle15_fold_results8.json
740085709479	1	0	-	-	UNRESOLVED-BY-KNOB (carried only by artefacts that declare no dps)	-	UNMEASURED	data/machine2_cycle25_design_scan_k2_4.json
741217128036	1	0	-	-	UNRESOLVED-BY-KNOB (carried only by artefacts that declare no dps)	-	UNMEASURED	data/machine2_cycle20_slide_K1_zeta_T49.7738324_e0.3_T600.json
741330532275	1	0	-	-	UNRESOLVED-BY-KNOB (carried only by artefacts that declare no dps)	-	UNMEASURED	data/machine2_cycle23_design_scan.json
741480534263	1	1	40	-	POINT	-	UNMEASURED	data/machine2_cycle28_cover_all.json
741561054227	1	0	-	-	UNRESOLVED-BY-KNOB (carried only by artefacts that declare no dps)	-	UNMEASURED	data/machine2_cycle25_design_scan_k2_4.json
741567458257	1	0	-	-	UNRESOLVED-BY-KNOB (carried only by artefacts that declare no dps)	-	UNMEASURED	data/machine2_cycle20_slide_K1_zeta_T45.666_e0.3_T600.json
741738231310	1	0	-	-	UNRESOLVED-BY-KNOB (carried only by artefacts that declare no dps)	-	UNMEASURED	data/machine2_cycle23_shifts.json
741840327284	1	0	-	-	UNRESOLVED-BY-KNOB (carried only by artefacts that declare no dps)	-	UNMEASURED	data/machine2_cycle15_fold_results5.json
7418403273	3	0	-	-	UNRESOLVED-BY-KNOB (carried only by artefacts that declare no dps)	-	UNMEASURED	data/machine2_cycle15_fold_results3.json
741840343632	3	1	15,20,25,30,40,50	-	RANGE	-	UNMEASURED	data/code/machine2_cycle15_fold_runs.py
742481902023	1	0	-	-	UNRESOLVED-BY-KNOB (carried only by artefacts that declare no dps)	-	UNMEASURED	data/machine2_cycle29_s3_scored.json
742526413223	1	0	-	-	UNRESOLVED-BY-KNOB (carried only by artefacts that declare no dps)	-	UNMEASURED	data/machine2_cycle25_design_scan_k0_6.json
742549564678	1	0	-	-	UNRESOLVED-BY-KNOB (carried only by artefacts that declare no dps)	-	UNMEASURED	data/machine2_cycle29_s3_scored.json
742788037373	1	0	-	-	UNRESOLVED-BY-KNOB (carried only by artefacts that declare no dps)	-	UNMEASURED	data/machine2_cycle19_nb_results.json
742809676844	1	0	-	-	UNRESOLVED-BY-KNOB (carried only by artefacts that declare no dps)	-	UNMEASURED	data/machine2_cycle29_s3_scored.json
742945520988	1	0	-	-	UNRESOLVED-BY-KNOB (carried only by artefacts that declare no dps)	-	UNMEASURED	data/machine2_cycle29_s3_scored.json
743041068692	1	0	-	-	UNRESOLVED-BY-KNOB (carried only by artefacts that declare no dps)	-	UNMEASURED	data/machine2_cycle29_s3_scored.json
743148925833	1	0	-	-	UNRESOLVED-BY-KNOB (carried only by artefacts that declare no dps)	-	UNMEASURED	data/machine2_cycle29_s3_scored.json
743288672183	1	0	-	-	UNRESOLVED-BY-KNOB (carried only by artefacts that declare no dps)	-	UNMEASURED	data/machine2_cycle29_s3_scored.json
743734115446	1	0	-	-	UNRESOLVED-BY-KNOB (carried only by artefacts that declare no dps)	-	UNMEASURED	data/machine2_cycle29_s3_scored.json
743782632415	1	0	-	-	UNRESOLVED-BY-KNOB (carried only by artefacts that declare no dps)	-	UNMEASURED	data/machine2_cycle27_s3_prereg.json
743826772709	1	0	-	-	UNRESOLVED-BY-KNOB (carried only by artefacts that declare no dps)	-	UNMEASURED	data/machine2_cycle29_s3_scored.json
743928759164	1	0	-	-	UNRESOLVED-BY-KNOB (carried only by artefacts that declare no dps)	-	UNMEASURED	data/machine2_cycle29_s3_scored.json
744131606631	2	1	90	25	POINT	-	UNMEASURED	data/m2_c37_published_constants_census.tsv
744551984864	1	0	-	-	UNRESOLVED-BY-KNOB (carried only by artefacts that declare no dps)	-	UNMEASURED	data/machine2_cycle25_design_scan_k0_6.json
745459494152	1	0	-	-	UNRESOLVED-BY-KNOB (carried only by artefacts that declare no dps)	-	UNMEASURED	data/machine2_cycle19_nb_results.json
745460144500	1	0	-	-	UNRESOLVED-BY-KNOB (carried only by artefacts that declare no dps)	-	UNMEASURED	data/machine2_cycle19_nb_results.json
745479330308	1	0	-	-	UNRESOLVED-BY-KNOB (carried only by artefacts that declare no dps)	-	UNMEASURED	data/machine2_cycle19_nb_results.json
745543769798	1	0	-	-	UNRESOLVED-BY-KNOB (carried only by artefacts that declare no dps)	-	UNMEASURED	data/machine2_cycle19_nb_results.json
745744091375	1	0	-	-	UNRESOLVED-BY-KNOB (carried only by artefacts that declare no dps)	-	UNMEASURED	data/machine2_cycle19_nb_results.json
7461286254	2	0	-	-	UNRESOLVED-BY-KNOB (carried only by artefacts that declare no dps)	-	UNMEASURED	data/machine2_cycle15_fold_results3.json
746245287676	1	0	-	-	UNRESOLVED-BY-KNOB (carried only by artefacts that declare no dps)	-	UNMEASURED	machine2-ERRATUM-18-c35-P1-supporting-sentence-overstated.md
746245287679	59	35	15,20,25,30,40,50,60,70,80,85,90,100,110,120,125,150,200,300,400	25,30	RANGE	-	UNMEASURED	data/c28resp/m2_c28r_btrunc.py
74624528768	1	0	-	-	UNRESOLVED-BY-KNOB (carried only by artefacts that declare no dps)	-	UNMEASURED	machine2-c35-extraction-spec-for-m3.md
7462452877	2	0	-	-	UNRESOLVED-BY-KNOB (carried only by artefacts that declare no dps)	-	UNMEASURED	data/machine2_cycle15_fold_results3.json
746245306429	2	0	-	-	UNRESOLVED-BY-KNOB (carried only by artefacts that declare no dps)	-	UNMEASURED	data/machine2_cycle15_fold_results3.json
746361990553	2	0	-	-	UNRESOLVED-BY-KNOB (carried only by artefacts that declare no dps)	-	UNMEASURED	data/machine2_cycle15_fold_results3.json
746482577616	1	0	-	-	UNRESOLVED-BY-KNOB (carried only by artefacts that declare no dps)	-	UNMEASURED	data/machine2_cycle19_nb_results.json
747102749363	1	0	-	-	UNRESOLVED-BY-KNOB (carried only by artefacts that declare no dps)	-	UNMEASURED	data/machine2_cycle25_design_scan_k0_6.json
747296597666	1	0	-	-	UNRESOLVED-BY-KNOB (carried only by artefacts that declare no dps)	-	UNMEASURED	data/machine2_cycle25_design_scan_k0_6.json
747518130464	1	0	-	-	UNRESOLVED-BY-KNOB (carried only by artefacts that declare no dps)	-	UNMEASURED	data/machine2_cycle29_s3_scored.json
747737887989	1	0	-	-	UNRESOLVED-BY-KNOB (carried only by artefacts that declare no dps)	-	UNMEASURED	data/machine2_cycle23_selfconsistent.json
748381536120	1	0	-	-	UNRESOLVED-BY-KNOB (carried only by artefacts that declare no dps)	-	UNMEASURED	data/machine2_cycle23_ptable.json
748721279056	1	0	-	-	UNRESOLVED-BY-KNOB (carried only by artefacts that declare no dps)	-	UNMEASURED	data/machine2_cycle20_slide_K3_epstein_D7_T3.875_e0.15_T250.json
749034127055	1	0	-	-	UNRESOLVED-BY-KNOB (carried only by artefacts that declare no dps)	-	UNMEASURED	data/machine2_cycle25_design_scan_k0_6.json
749042006365	1	0	-	-	UNRESOLVED-BY-KNOB (carried only by artefacts that declare no dps)	-	UNMEASURED	data/machine2_cycle24_widthlaw.json
749502878950	1	0	-	-	UNRESOLVED-BY-KNOB (carried only by artefacts that declare no dps)	-	UNMEASURED	data/machine2_cycle19_nb_results.json
750014085881	1	0	-	-	UNRESOLVED-BY-KNOB (carried only by artefacts that declare no dps)	-	UNMEASURED	data/machine2_cycle23_selfconsistent.json
750066901883	1	0	-	-	UNRESOLVED-BY-KNOB (carried only by artefacts that declare no dps)	-	UNMEASURED	data/machine2_cycle20_slide_K1_zeta_T0_e0.3_T600.json
750352291844	1	0	-	-	UNRESOLVED-BY-KNOB (carried only by artefacts that declare no dps)	-	UNMEASURED	data/machine2_cycle25_design_scan_k2_4.json
750730933368	1	0	-	-	UNRESOLVED-BY-KNOB (carried only by artefacts that declare no dps)	-	UNMEASURED	data/machine2_cycle27_s3_prereg.json
750852287778	1	0	-	-	UNRESOLVED-BY-KNOB (carried only by artefacts that declare no dps)	-	UNMEASURED	data/machine2_cycle25_design_scan_k0_6.json
751251242929	1	0	-	-	UNRESOLVED-BY-KNOB (carried only by artefacts that declare no dps)	-	UNMEASURED	data/machine2_cycle23_shifts.json
751640368508	1	0	-	-	UNRESOLVED-BY-KNOB (carried only by artefacts that declare no dps)	-	UNMEASURED	data/machine2_cycle25_design_scan_k0_6.json
751923627705	1	0	-	-	UNRESOLVED-BY-KNOB (carried only by artefacts that declare no dps)	-	UNMEASURED	data/machine2_cycle25_design_scan_k0_6.json
752315479013	1	0	-	-	UNRESOLVED-BY-KNOB (carried only by artefacts that declare no dps)	-	UNMEASURED	data/machine2_cycle16_e1_recheck.json
752387581202	1	0	-	-	UNRESOLVED-BY-KNOB (carried only by artefacts that declare no dps)	-	UNMEASURED	data/machine2_cycle19_nb_results.json
752499019584	1	0	-	-	UNRESOLVED-BY-KNOB (carried only by artefacts that declare no dps)	-	UNMEASURED	data/machine2_cycle29_s3_scored.json
7524990196	1	0	-	-	UNRESOLVED-BY-KNOB (carried only by artefacts that declare no dps)	-	UNMEASURED	data/machine2_cycle29_s3_scored.out
752569693745	3	0	-	-	UNRESOLVED-BY-KNOB (carried only by artefacts that declare no dps)	-	UNMEASURED	data/machine2_cycle29_s3_grade.out
752796602888	1	0	-	-	UNRESOLVED-BY-KNOB (carried only by artefacts that declare no dps)	-	UNMEASURED	data/machine2_cycle24_widthlaw.json
753087400101	1	0	-	-	UNRESOLVED-BY-KNOB (carried only by artefacts that declare no dps)	-	UNMEASURED	data/machine2_cycle25_design_scan_k0_6.json
753130598457	1	0	-	-	UNRESOLVED-BY-KNOB (carried only by artefacts that declare no dps)	-	UNMEASURED	data/machine2_cycle20_slide_K3_epstein_D7_T3.875_e0.15_T250.json
753881303910	1	0	-	-	UNRESOLVED-BY-KNOB (carried only by artefacts that declare no dps)	-	UNMEASURED	data/machine2_cycle25_design_scan_k0_6.json
754586195584	1	0	-	-	UNRESOLVED-BY-KNOB (carried only by artefacts that declare no dps)	-	UNMEASURED	data/machine2_cycle23_sweep_c.json
754630567786	1	0	-	-	UNRESOLVED-BY-KNOB (carried only by artefacts that declare no dps)	-	UNMEASURED	data/machine2_cycle23_sweep_c.json
754678073063	1	0	-	-	UNRESOLVED-BY-KNOB (carried only by artefacts that declare no dps)	-	UNMEASURED	data/machine2_cycle25_design_scan_k0_6.json
754831348294	1	0	-	-	UNRESOLVED-BY-KNOB (carried only by artefacts that declare no dps)	-	UNMEASURED	data/machine2_cycle19_nb_results.json
75515106824	1	0	-	-	UNRESOLVED-BY-KNOB (carried only by artefacts that declare no dps)	-	UNMEASURED	data/machine2_cycle25_design_scan_k0_4.json
755284148416	1	0	-	-	UNRESOLVED-BY-KNOB (carried only by artefacts that declare no dps)	-	UNMEASURED	data/machine2_cycle20_slide_K3_epstein_D7_T3.875_e0.15_T250.json
756072225809	1	0	-	-	UNRESOLVED-BY-KNOB (carried only by artefacts that declare no dps)	-	UNMEASURED	data/machine2_cycle23_design_scan.json
75671665854	1	0	-	-	UNRESOLVED-BY-KNOB (carried only by artefacts that declare no dps)	-	UNMEASURED	data/machine2_cycle25_design_scan_k0_6.json
757046906990	4	0	-	-	UNRESOLVED-BY-KNOB (carried only by artefacts that declare no dps)	-	UNMEASURED	data/m2_c37_published_constants_census.tsv
757117912013	1	0	-	-	UNRESOLVED-BY-KNOB (carried only by artefacts that declare no dps)	-	UNMEASURED	data/machine2_cycle27_s3_prereg.json
757842974727	1	0	-	-	UNRESOLVED-BY-KNOB (carried only by artefacts that declare no dps)	-	UNMEASURED	data/machine2_cycle23_selfconsistent.json
758225196531	1	0	-	-	UNRESOLVED-BY-KNOB (carried only by artefacts that declare no dps)	-	UNMEASURED	data/machine2_c31_fitness.out
758244585723	1	0	-	-	UNRESOLVED-BY-KNOB (carried only by artefacts that declare no dps)	-	UNMEASURED	data/machine2_cycle25_design_scan_k2_4.json
758381345156	1	0	-	-	UNRESOLVED-BY-KNOB (carried only by artefacts that declare no dps)	-	UNMEASURED	data/machine2_c31_fitness_constants.json
75857937101	5	0	-	-	UNRESOLVED-BY-KNOB (carried only by artefacts that declare no dps)	-	UNMEASURED	data/m2_c37_published_constants_census.tsv
759217742928	1	0	-	-	UNRESOLVED-BY-KNOB (carried only by artefacts that declare no dps)	-	UNMEASURED	data/machine2_cycle24_widthlaw.json
759824704180	1	0	-	-	UNRESOLVED-BY-KNOB (carried only by artefacts that declare no dps)	-	UNMEASURED	data/machine2_cycle19_nb_results.json
759924600642	1	0	-	-	UNRESOLVED-BY-KNOB (carried only by artefacts that declare no dps)	-	UNMEASURED	data/machine2_c31_fitness_constants.json
760232564251	1	0	-	-	UNRESOLVED-BY-KNOB (carried only by artefacts that declare no dps)	-	UNMEASURED	data/machine2_cycle25_design_scan_k2_4.json
760481935188	1	0	-	-	UNRESOLVED-BY-KNOB (carried only by artefacts that declare no dps)	-	UNMEASURED	data/machine2_cycle20_mainW2.json
761470898904	1	0	-	-	UNRESOLVED-BY-KNOB (carried only by artefacts that declare no dps)	-	UNMEASURED	data/machine2_cycle23_selfconsistent.json
761551677227	2	0	-	-	UNRESOLVED-BY-KNOB (carried only by artefacts that declare no dps)	-	UNMEASURED	data/machine2_cycle19_nb_results.json
7621227492	1	0	-	-	UNRESOLVED-BY-KNOB (carried only by artefacts that declare no dps)	-	UNMEASURED	data/machine2_cycle25_scored.json
762273122741	1	0	-	-	UNRESOLVED-BY-KNOB (carried only by artefacts that declare no dps)	-	UNMEASURED	data/machine2_cycle20_slide_K3_epstein_D7_T3.875_e0.15_T250.json
762483155785	1	0	-	-	UNRESOLVED-BY-KNOB (carried only by artefacts that declare no dps)	-	UNMEASURED	data/machine2_cycle29_s3_scored.json
7624831558	1	0	-	-	UNRESOLVED-BY-KNOB (carried only by artefacts that declare no dps)	-	UNMEASURED	data/machine2_cycle27_s3_prereg.json
762621567111	1	0	-	-	UNRESOLVED-BY-KNOB (carried only by artefacts that declare no dps)	-	UNMEASURED	data/machine2_cycle20_instrumentB_zetaInGap.json
763042572525	1	0	-	-	UNRESOLVED-BY-KNOB (carried only by artefacts that declare no dps)	-	UNMEASURED	data/machine2_cycle19_nb_results.json
7632086942	1	1	20,30	-	RANGE	-	UNMEASURED	data/machine2_cycle17_census.json
763694289562	1	0	-	-	UNRESOLVED-BY-KNOB (carried only by artefacts that declare no dps)	-	UNMEASURED	data/machine2_cycle20_slide_K1_zeta_T45.666_e0.3_T600.json
7637232654	1	0	-	-	UNRESOLVED-BY-KNOB (carried only by artefacts that declare no dps)	-	UNMEASURED	data/machine2_cycle15_stage3.out
763723265413	1	0	-	-	UNRESOLVED-BY-KNOB (carried only by artefacts that declare no dps)	-	UNMEASURED	data/machine2_cycle15_fold_results3.json
763766908389	1	0	-	-	UNRESOLVED-BY-KNOB (carried only by artefacts that declare no dps)	-	UNMEASURED	data/machine2_c31_fitness_constants.json
764014633074	1	0	-	-	UNRESOLVED-BY-KNOB (carried only by artefacts that declare no dps)	-	UNMEASURED	data/machine2_cycle25_design_scan_k0_6.json
764088975256	1	0	-	-	UNRESOLVED-BY-KNOB (carried only by artefacts that declare no dps)	-	UNMEASURED	data/machine2_cycle20_instrumentB_zetaInGap.json
764139967347	1	0	-	-	UNRESOLVED-BY-KNOB (carried only by artefacts that declare no dps)	-	UNMEASURED	data/machine2_cycle25_design_scan_k0_6.json
764247653839	2	0	-	-	UNRESOLVED-BY-KNOB (carried only by artefacts that declare no dps)	-	UNMEASURED	data/m2_c37_published_constants_census.tsv
765456460601	1	0	-	-	UNRESOLVED-BY-KNOB (carried only by artefacts that declare no dps)	-	UNMEASURED	data/machine2_cycle15_fold_results5.json
765809658985	1	0	-	-	UNRESOLVED-BY-KNOB (carried only by artefacts that declare no dps)	-	UNMEASURED	data/machine2_cycle25_design_scan_k2_4.json
7660081428	1	0	-	-	UNRESOLVED-BY-KNOB (carried only by artefacts that declare no dps)	-	UNMEASURED	data/machine2_cycle25_scored.out
766008142838	1	0	-	-	UNRESOLVED-BY-KNOB (carried only by artefacts that declare no dps)	-	UNMEASURED	data/machine2_cycle25_scored.json
769041427111	2	0	-	-	UNRESOLVED-BY-KNOB (carried only by artefacts that declare no dps)	-	UNMEASURED	data/m2_c37_published_constants_census.tsv
769214190795	1	0	-	-	UNRESOLVED-BY-KNOB (carried only by artefacts that declare no dps)	-	UNMEASURED	data/machine2_cycle23_selfconsistent.json
770000770000	1	0	-	-	UNRESOLVED-BY-KNOB (carried only by artefacts that declare no dps)	-	UNMEASURED	data/machine2_cycle20_slide_K3_epstein_D7_T4.65_e0.15_T250.json
770000770001	1	0	-	-	UNRESOLVED-BY-KNOB (carried only by artefacts that declare no dps)	-	UNMEASURED	data/machine2_cycle20_slide_K3_epstein_D7_T4.65_e0.15_T250.json
770210191825	4	0	-	-	UNRESOLVED-BY-KNOB (carried only by artefacts that declare no dps)	-	UNMEASURED	data/m2_c37_published_constants_census.tsv
770210191826	2	0	-	-	UNRESOLVED-BY-KNOB (carried only by artefacts that declare no dps)	-	UNMEASURED	data/machine2_cycle25_prereg.out
770905432479	1	0	-	-	UNRESOLVED-BY-KNOB (carried only by artefacts that declare no dps)	-	UNMEASURED	data/machine2_c31_fitness_constants.json
771283083565	1	0	-	-	UNRESOLVED-BY-KNOB (carried only by artefacts that declare no dps)	-	UNMEASURED	data/machine2_cycle25_design_scan_k0_4.json
771318001613	1	0	-	-	UNRESOLVED-BY-KNOB (carried only by artefacts that declare no dps)	-	UNMEASURED	data/machine2_cycle25_design_scan_k2_4.json
771448400688	4	0	-	-	UNRESOLVED-BY-KNOB (carried only by artefacts that declare no dps)	-	UNMEASURED	data/m2_c37_published_constants_census.tsv
772230575849	1	0	-	-	UNRESOLVED-BY-KNOB (carried only by artefacts that declare no dps)	-	UNMEASURED	data/machine2_cycle25_design_scan_k0_4.json
773051485077	2	0	-	-	UNRESOLVED-BY-KNOB (carried only by artefacts that declare no dps)	-	UNMEASURED	data/machine2_cycle16_ext_results.json
773315811225	1	0	-	-	UNRESOLVED-BY-KNOB (carried only by artefacts that declare no dps)	-	UNMEASURED	data/machine2_cycle19_nb_results.json
774318390505	1	0	-	-	UNRESOLVED-BY-KNOB (carried only by artefacts that declare no dps)	-	UNMEASURED	data/machine2_cycle20_mainW2.json
77458396855	1	0	-	-	UNRESOLVED-BY-KNOB (carried only by artefacts that declare no dps)	-	UNMEASURED	data/machine2_cycle20_slide_K3_epstein_D7_T3.875_e0.15_T250.json
776056433196	1	0	-	-	UNRESOLVED-BY-KNOB (carried only by artefacts that declare no dps)	-	UNMEASURED	data/machine2_cycle20_mainW2.json
777141300606	1	0	-	-	UNRESOLVED-BY-KNOB (carried only by artefacts that declare no dps)	-	UNMEASURED	data/machine2_cycle25_design_scan_k0_6.json
777768300256	1	0	-	-	UNRESOLVED-BY-KNOB (carried only by artefacts that declare no dps)	-	UNMEASURED	data/machine2_cycle25_design_scan_k0_4.json
7778195557	1	0	-	-	UNRESOLVED-BY-KNOB (carried only by artefacts that declare no dps)	-	UNMEASURED	data/machine2_cycle20_slide_K1_zeta_T45.666_e0.3_T600.json
777892637869	5	0	-	-	UNRESOLVED-BY-KNOB (carried only by artefacts that declare no dps)	-	UNMEASURED	data/m2_c37_published_constants_census.tsv
779568575621	1	0	-	-	UNRESOLVED-BY-KNOB (carried only by artefacts that declare no dps)	-	UNMEASURED	data/machine2_cycle25_design_scan_k2_4.json
7802535991	1	1	20,30	-	RANGE	-	UNMEASURED	data/machine2_cycle17_census.json
780539679994	1	0	-	-	UNRESOLVED-BY-KNOB (carried only by artefacts that declare no dps)	-	UNMEASURED	data/machine2_cycle19_nb_results.json
780843382612	2	1	130,150,175	-	RANGE	-	UNMEASURED	data/results/machine2_c36_dstar_fullprec.out
781334179560	1	0	-	-	UNRESOLVED-BY-KNOB (carried only by artefacts that declare no dps)	-	UNMEASURED	data/machine2_cycle16_ext_results.json
781906986596	3	0	-	-	UNRESOLVED-BY-KNOB (carried only by artefacts that declare no dps)	-	UNMEASURED	data/machine2_cycle29_s3_grade.out
781908630478	1	0	-	-	UNRESOLVED-BY-KNOB (carried only by artefacts that declare no dps)	-	UNMEASURED	data/machine2_cycle20_slide_K3_epstein_D7_T3.875_e0.15_T250.json
782026521634	1	0	-	-	UNRESOLVED-BY-KNOB (carried only by artefacts that declare no dps)	-	UNMEASURED	data/machine2_cycle23_design_scan.json
782272394040	1	0	-	-	UNRESOLVED-BY-KNOB (carried only by artefacts that declare no dps)	-	UNMEASURED	data/machine2_cycle20_slide_K3_epstein_D7_T3.875_e0.15_T250.json
782434348867	1	0	-	-	UNRESOLVED-BY-KNOB (carried only by artefacts that declare no dps)	-	UNMEASURED	data/machine2_cycle19_nb_results.json
782592728616	1	0	-	-	UNRESOLVED-BY-KNOB (carried only by artefacts that declare no dps)	-	UNMEASURED	data/machine2_cycle23_shifts.json
783746902076	1	0	-	-	UNRESOLVED-BY-KNOB (carried only by artefacts that declare no dps)	-	UNMEASURED	data/machine2_cycle25_design_scan_k2_4.json
784363511385	2	0	-	-	UNRESOLVED-BY-KNOB (carried only by artefacts that declare no dps)	-	UNMEASURED	data/m2_c37_published_constants_census.tsv
784473042747	2	0	-	-	UNRESOLVED-BY-KNOB (carried only by artefacts that declare no dps)	-	UNMEASURED	data/machine2_cycle23_scored.json
784652122030	1	0	-	-	UNRESOLVED-BY-KNOB (carried only by artefacts that declare no dps)	-	UNMEASURED	data/machine2_cycle20_mainW2.json
7847174866	1	0	-	-	UNRESOLVED-BY-KNOB (carried only by artefacts that declare no dps)	-	UNMEASURED	data/machine2_cycle24_groundtruth.out
784717486601	1	0	-	-	UNRESOLVED-BY-KNOB (carried only by artefacts that declare no dps)	-	UNMEASURED	data/machine2_cycle24_gt_basis7.json
785296253129	1	0	-	-	UNRESOLVED-BY-KNOB (carried only by artefacts that declare no dps)	-	UNMEASURED	data/machine2_cycle20_slide_K3_epstein_D7_T3.875_e0.15_T250.json
7853981653	1	0	-	-	UNRESOLVED-BY-KNOB (carried only by artefacts that declare no dps)	-	UNMEASURED	data/machine2_cycle20_gates.json
7853981699	1	0	-	-	UNRESOLVED-BY-KNOB (carried only by artefacts that declare no dps)	-	UNMEASURED	data/machine2_cycle20_gates.json
785774453562	1	0	-	-	UNRESOLVED-BY-KNOB (carried only by artefacts that declare no dps)	-	UNMEASURED	data/machine2_cycle20_slide_K3_epstein_D7_T3.875_e0.15_T250.json
786223704991	1	0	-	-	UNRESOLVED-BY-KNOB (carried only by artefacts that declare no dps)	-	UNMEASURED	data/machine2_cycle25_scored.json
786851719243	1	1	50	-	POINT	-	UNMEASURED	data/machine2_dn_dps50_n30.json
786888525323	5	0	-	-	UNRESOLVED-BY-KNOB (carried only by artefacts that declare no dps)	-	UNMEASURED	data/m2_c37_published_constants_census.tsv
7874457445	1	1	20,30	-	RANGE	-	UNMEASURED	data/machine2_cycle17_census.json
7876277768	1	1	30	-	POINT	-	UNMEASURED	data/machine2_cycle21_identity_referee.out
788153165717	2	0	-	-	UNRESOLVED-BY-KNOB (carried only by artefacts that declare no dps)	-	UNMEASURED	data/machine2_cycle25_prereg.json
788617623209	1	0	-	-	UNRESOLVED-BY-KNOB (carried only by artefacts that declare no dps)	-	UNMEASURED	data/machine2_cycle20_slide_K1_zeta_T45.666_e0.3_T600.json
788643533123	1	0	-	-	UNRESOLVED-BY-KNOB (carried only by artefacts that declare no dps)	-	UNMEASURED	data/machine2_floor_kernel_check.out
789018675811	1	1	40	-	POINT	-	UNMEASURED	data/machine2_cycle28_cover_all.json
789516072593	1	0	-	-	UNRESOLVED-BY-KNOB (carried only by artefacts that declare no dps)	-	UNMEASURED	data/machine2_cycle23_selfconsistent.json
7895769017	1	1	20,30	-	RANGE	-	UNMEASURED	data/machine2_cycle17_census.json
789735852442	1	0	-	-	UNRESOLVED-BY-KNOB (carried only by artefacts that declare no dps)	-	UNMEASURED	data/machine2_cycle20_mainW2.json
789805465667	2	0	-	-	UNRESOLVED-BY-KNOB (carried only by artefacts that declare no dps)	-	UNMEASURED	data/machine2_cycle19_nb_results.json
79047772127	1	0	-	-	UNRESOLVED-BY-KNOB (carried only by artefacts that declare no dps)	-	UNMEASURED	data/machine2_cycle25_scored.json
7908283718	1	0	-	-	UNRESOLVED-BY-KNOB (carried only by artefacts that declare no dps)	-	UNMEASURED	data/machine2_cycle23_shifts.json
792064330412	1	0	-	-	UNRESOLVED-BY-KNOB (carried only by artefacts that declare no dps)	-	UNMEASURED	data/machine2_cycle16_ext_results.json
792066165483	1	0	-	-	UNRESOLVED-BY-KNOB (carried only by artefacts that declare no dps)	-	UNMEASURED	data/machine2_cycle25_design_scan_k0_6.json
792393615355	1	0	-	-	UNRESOLVED-BY-KNOB (carried only by artefacts that declare no dps)	-	UNMEASURED	data/machine2_cycle25_design_scan_k0_6.json
792759856455	2	1	50	-	POINT	-	UNMEASURED	data/machine2_cycle15_fold_results4.json
792949913472	1	0	-	-	UNRESOLVED-BY-KNOB (carried only by artefacts that declare no dps)	-	UNMEASURED	data/machine2_cycle20_mainW2.json
793313877239	1	0	-	-	UNRESOLVED-BY-KNOB (carried only by artefacts that declare no dps)	-	UNMEASURED	data/machine2_c31_fitness_constants.json
793351545001	1	0	-	-	UNRESOLVED-BY-KNOB (carried only by artefacts that declare no dps)	-	UNMEASURED	data/machine2_cycle20_mainW2.json
793373750202	3	0	-	-	UNRESOLVED-BY-KNOB (carried only by artefacts that declare no dps)	-	UNMEASURED	data/m2_c37_published_constants_census.tsv
793582607867	1	0	-	-	UNRESOLVED-BY-KNOB (carried only by artefacts that declare no dps)	-	UNMEASURED	data/machine2_cycle25_design_scan_k2_4.json
793589264626	2	0	-	-	UNRESOLVED-BY-KNOB (carried only by artefacts that declare no dps)	-	UNMEASURED	data/machine2_cycle15_fold_results3.json
7936482168	2	0	-	-	UNRESOLVED-BY-KNOB (carried only by artefacts that declare no dps)	-	UNMEASURED	data/m2_c37_published_constants_census.tsv
793649707367	2	0	-	-	UNRESOLVED-BY-KNOB (carried only by artefacts that declare no dps)	-	UNMEASURED	data/machine2_cycle15_fold_results3.json
793655751923	2	0	-	-	UNRESOLVED-BY-KNOB (carried only by artefacts that declare no dps)	-	UNMEASURED	data/machine2_cycle15_fold_results3.json
793657095164	2	0	-	-	UNRESOLVED-BY-KNOB (carried only by artefacts that declare no dps)	-	UNMEASURED	data/machine2_cycle15_fold_results3.json
793663139782	2	0	-	-	UNRESOLVED-BY-KNOB (carried only by artefacts that declare no dps)	-	UNMEASURED	data/machine2_cycle15_fold_results3.json
793723588778	2	0	-	-	UNRESOLVED-BY-KNOB (carried only by artefacts that declare no dps)	-	UNMEASURED	data/machine2_cycle15_fold_results3.json
793849061685	1	0	-	-	UNRESOLVED-BY-KNOB (carried only by artefacts that declare no dps)	-	UNMEASURED	data/machine2_cycle20_mainW2.json
793913896869	1	0	-	-	UNRESOLVED-BY-KNOB (carried only by artefacts that declare no dps)	-	UNMEASURED	data/machine2_cycle23_selfconsistent.json
794151824044	1	0	-	-	UNRESOLVED-BY-KNOB (carried only by artefacts that declare no dps)	-	UNMEASURED	data/machine2_cycle25_design_scan_k2_4.json
794169753600	1	0	-	-	UNRESOLVED-BY-KNOB (carried only by artefacts that declare no dps)	-	UNMEASURED	data/machine2_cycle19_nb_results.json
795062406022	1	0	-	-	UNRESOLVED-BY-KNOB (carried only by artefacts that declare no dps)	-	UNMEASURED	data/machine2_cycle25_design_scan_k2_4.json
795138670365	2	0	-	-	UNRESOLVED-BY-KNOB (carried only by artefacts that declare no dps)	-	UNMEASURED	data/machine2_cycle16_ext_results.json
795581739713	4	1	45	-	POINT	-	UNMEASURED	data/c28resp/m2_census_m8_fromscratch.py
795777659411	1	0	-	-	UNRESOLVED-BY-KNOB (carried only by artefacts that declare no dps)	-	UNMEASURED	data/machine2_cycle20_mainW2.json
795807238955	1	0	-	-	UNRESOLVED-BY-KNOB (carried only by artefacts that declare no dps)	-	UNMEASURED	data/machine2_cycle20_mainW2.json
7960155811	1	0	-	-	UNRESOLVED-BY-KNOB (carried only by artefacts that declare no dps)	-	UNMEASURED	data/machine2_cycle23_shifts.json
796122791589	1	0	-	-	UNRESOLVED-BY-KNOB (carried only by artefacts that declare no dps)	-	UNMEASURED	data/machine2_cycle25_design_scan_k0_6.json
796259955421	1	0	-	-	UNRESOLVED-BY-KNOB (carried only by artefacts that declare no dps)	-	UNMEASURED	data/machine2_cycle15_fold_results2.json
796259955422	1	0	-	-	UNRESOLVED-BY-KNOB (carried only by artefacts that declare no dps)	-	UNMEASURED	data/machine2_cycle15_stage2.out
796263471828	2	0	-	-	UNRESOLVED-BY-KNOB (carried only by artefacts that declare no dps)	-	UNMEASURED	data/machine2_cycle15_fold_results.json
796263471829	2	0	-	-	UNRESOLVED-BY-KNOB (carried only by artefacts that declare no dps)	-	UNMEASURED	data/machine2_cycle15_stage2.out
796476095405	1	0	-	-	UNRESOLVED-BY-KNOB (carried only by artefacts that declare no dps)	-	UNMEASURED	data/machine2_cycle25_design_scan_k2_4.json
796533845981	1	0	-	-	UNRESOLVED-BY-KNOB (carried only by artefacts that declare no dps)	-	UNMEASURED	data/machine2_cycle20_mainW2.json
796943127415	1	0	-	-	UNRESOLVED-BY-KNOB (carried only by artefacts that declare no dps)	-	UNMEASURED	data/machine2_cycle25_design_scan_k0_6.json
796943194148	1	0	-	-	UNRESOLVED-BY-KNOB (carried only by artefacts that declare no dps)	-	UNMEASURED	data/machine2_cycle25_prereg.json
796943194149	2	0	-	-	UNRESOLVED-BY-KNOB (carried only by artefacts that declare no dps)	-	UNMEASURED	data/machine2_cycle25_bands.json
797851663327	1	0	-	-	UNRESOLVED-BY-KNOB (carried only by artefacts that declare no dps)	-	UNMEASURED	data/machine2_cycle25_design_scan_k0_4.json
797928018955	1	0	-	-	UNRESOLVED-BY-KNOB (carried only by artefacts that declare no dps)	-	UNMEASURED	data/machine2_cycle24_widthlaw.json
797998806910	1	0	-	-	UNRESOLVED-BY-KNOB (carried only by artefacts that declare no dps)	-	UNMEASURED	data/machine2_cycle20_mainW2.json
7980314821	1	1	60	-	POINT	-	UNMEASURED	data/machine2_c31b_scored.json
799161087537	1	0	-	-	UNRESOLVED-BY-KNOB (carried only by artefacts that declare no dps)	-	UNMEASURED	data/machine2_cycle19_nb_results.json
799436505893	1	0	-	-	UNRESOLVED-BY-KNOB (carried only by artefacts that declare no dps)	-	UNMEASURED	data/machine2_cycle20_mainW2.json
8001271304	1	0	-	-	UNRESOLVED-BY-KNOB (carried only by artefacts that declare no dps)	-	UNMEASURED	machine2-c34-the-Dstar-literal-is-removed-and-the-floor-is-not-a-number.md
800311158565	1	0	-	-	UNRESOLVED-BY-KNOB (carried only by artefacts that declare no dps)	-	UNMEASURED	data/machine2_cycle25_design_scan_k2_4.json
800828825019	1	0	-	-	UNRESOLVED-BY-KNOB (carried only by artefacts that declare no dps)	-	UNMEASURED	data/machine2_cycle25_design_scan_k2_4.json
800963599218	1	0	-	-	UNRESOLVED-BY-KNOB (carried only by artefacts that declare no dps)	-	UNMEASURED	data/machine2_cycle20_slide_K1_zeta_T0_e0.3_T600.json
801183273630	1	0	-	-	UNRESOLVED-BY-KNOB (carried only by artefacts that declare no dps)	-	UNMEASURED	data/machine2_cycle25_design_scan_k2_4.json
802916313841	1	0	-	-	UNRESOLVED-BY-KNOB (carried only by artefacts that declare no dps)	-	UNMEASURED	data/machine2_cycle25_design_scan_k0_6.json
803748454776	1	1	50	-	POINT	-	UNMEASURED	data/machine2_dn_dps50_n30.json
803856403823	2	0	-	-	UNRESOLVED-BY-KNOB (carried only by artefacts that declare no dps)	-	UNMEASURED	data/machine2_cycle19_nb_results.json
803889025034	1	0	-	-	UNRESOLVED-BY-KNOB (carried only by artefacts that declare no dps)	-	UNMEASURED	data/machine2_cycle25_design_scan_k2_4.json
804064970931	1	1	50	-	POINT	-	UNMEASURED	data/machine2_dn_dps50_n30.json
8044363477	1	1	20,30	-	RANGE	-	UNMEASURED	data/machine2_cycle17_census.json
805241475247	1	0	-	-	UNRESOLVED-BY-KNOB (carried only by artefacts that declare no dps)	-	UNMEASURED	data/machine2_cycle25_design_scan_k0_4.json
805764274927	1	1	90	25	POINT	-	UNMEASURED	data/machine2_c35_signgroup.json
806182263009	1	0	-	-	UNRESOLVED-BY-KNOB (carried only by artefacts that declare no dps)	-	UNMEASURED	data/machine2_cycle16_ext_results.json
80632074414	1	0	-	-	UNRESOLVED-BY-KNOB (carried only by artefacts that declare no dps)	-	UNMEASURED	data/machine2_cycle25_design_scan_k2_4.json
8075039400	2	0	-	-	UNRESOLVED-BY-KNOB (carried only by artefacts that declare no dps)	-	UNMEASURED	data/m2_c37_published_constants_census.tsv
807503944825	3	0	-	-	UNRESOLVED-BY-KNOB (carried only by artefacts that declare no dps)	-	UNMEASURED	data/m2_c37_published_constants_census.tsv
807849227508	1	0	-	-	UNRESOLVED-BY-KNOB (carried only by artefacts that declare no dps)	-	UNMEASURED	data/machine2_cycle23_design_scan.json
808091189294	1	0	-	-	UNRESOLVED-BY-KNOB (carried only by artefacts that declare no dps)	-	UNMEASURED	data/machine2_c31_fitness_constants.json
808171520327	1	0	-	-	UNRESOLVED-BY-KNOB (carried only by artefacts that declare no dps)	-	UNMEASURED	data/machine2_cycle23_shifts.json
8082537264	1	0	-	-	UNRESOLVED-BY-KNOB (carried only by artefacts that declare no dps)	-	UNMEASURED	data/machine2_cycle29_s3_scored.json
809328818056	1	0	-	-	UNRESOLVED-BY-KNOB (carried only by artefacts that declare no dps)	-	UNMEASURED	data/machine2_cycle25_design_scan_k0_6.json
809350483066	1	0	-	-	UNRESOLVED-BY-KNOB (carried only by artefacts that declare no dps)	-	UNMEASURED	data/machine2_cycle25_design_scan_k2_4.json
809370867904	1	0	-	-	UNRESOLVED-BY-KNOB (carried only by artefacts that declare no dps)	-	UNMEASURED	data/machine2_cycle23_selfconsistent.json
809490060442	1	0	-	-	UNRESOLVED-BY-KNOB (carried only by artefacts that declare no dps)	-	UNMEASURED	data/machine2_cycle25_design_scan_k2_4.json
809789783298	1	0	-	-	UNRESOLVED-BY-KNOB (carried only by artefacts that declare no dps)	-	UNMEASURED	data/machine2_cycle19_nb_results.json
810329609604	2	0	-	-	UNRESOLVED-BY-KNOB (carried only by artefacts that declare no dps)	-	UNMEASURED	data/machine2_cycle19_nb_results.json
811418373223	1	0	-	-	UNRESOLVED-BY-KNOB (carried only by artefacts that declare no dps)	-	UNMEASURED	data/machine2_c31_fitness_constants.json
811459973546	3	0	-	-	UNRESOLVED-BY-KNOB (carried only by artefacts that declare no dps)	-	UNMEASURED	data/m2_c37_published_constants_census.tsv
811484659752	1	0	-	-	UNRESOLVED-BY-KNOB (carried only by artefacts that declare no dps)	-	UNMEASURED	data/machine2_cycle23_ordcheck.json
811900406786	1	0	-	-	UNRESOLVED-BY-KNOB (carried only by artefacts that declare no dps)	-	UNMEASURED	data/machine2_cycle20_slide_K3_epstein_D7_T3.875_e0.15_T250.json
811935739307	1	0	-	-	UNRESOLVED-BY-KNOB (carried only by artefacts that declare no dps)	-	UNMEASURED	data/machine2_cycle23_selfconsistent.json
812967360449	1	0	-	-	UNRESOLVED-BY-KNOB (carried only by artefacts that declare no dps)	-	UNMEASURED	data/machine2_cycle19_nb_results.json
813281621034	6	3	60	-	POINT	-	UNMEASURED	data/m2_c37_published_constants_census.tsv
813333108004	1	0	-	-	UNRESOLVED-BY-KNOB (carried only by artefacts that declare no dps)	-	UNMEASURED	data/machine2_cycle23_selfconsistent.json
813904287765	1	0	-	-	UNRESOLVED-BY-KNOB (carried only by artefacts that declare no dps)	-	UNMEASURED	data/machine2_cycle25_design_scan_k0_4.json
813922544034	1	0	-	-	UNRESOLVED-BY-KNOB (carried only by artefacts that declare no dps)	-	UNMEASURED	data/machine2_c31_fitness_constants.json
815065589082	1	0	-	-	UNRESOLVED-BY-KNOB (carried only by artefacts that declare no dps)	-	UNMEASURED	data/machine2_cycle25_design_scan_k0_6.json
815375202167	1	0	-	-	UNRESOLVED-BY-KNOB (carried only by artefacts that declare no dps)	-	UNMEASURED	data/machine2_cycle25_design_scan_k2_4.json
8156473302	1	0	-	-	UNRESOLVED-BY-KNOB (carried only by artefacts that declare no dps)	-	UNMEASURED	data/machine2_cycle26_bandlaw.json
816431509632	1	0	-	-	UNRESOLVED-BY-KNOB (carried only by artefacts that declare no dps)	-	UNMEASURED	data/machine2_cycle20_slide_K1_zeta_T49.7738324_e0.3_T600.json
817078887503	2	1	90	25	POINT	-	UNMEASURED	data/m2_c37_published_constants_census.tsv
817225855653	1	0	-	-	UNRESOLVED-BY-KNOB (carried only by artefacts that declare no dps)	-	UNMEASURED	data/machine2_cycle16_ext_results.json
818081108275	1	0	-	-	UNRESOLVED-BY-KNOB (carried only by artefacts that declare no dps)	-	UNMEASURED	machine2-cycle8-oos-falsification-2026-09-03-RELAY-BY-astra-pa.md
818081108276	1	0	-	-	UNRESOLVED-BY-KNOB (carried only by artefacts that declare no dps)	-	UNMEASURED	machine2-cycle8-oos-falsification-2026-09-03-RELAY-BY-astra-pa.md
818560505231	1	0	-	-	UNRESOLVED-BY-KNOB (carried only by artefacts that declare no dps)	-	UNMEASURED	data/machine2_cycle20_mainW2.json
818577835443	1	0	-	-	UNRESOLVED-BY-KNOB (carried only by artefacts that declare no dps)	-	UNMEASURED	data/machine2_cycle20_instrumentB_K10W2.json
8186272903	1	0	-	-	UNRESOLVED-BY-KNOB (carried only by artefacts that declare no dps)	-	UNMEASURED	data/machine2_cycle26_bandlaw.json
818647819264	1	0	-	-	UNRESOLVED-BY-KNOB (carried only by artefacts that declare no dps)	-	UNMEASURED	data/machine2_cycle23_selfconsistent.json
818932994758	1	0	-	-	UNRESOLVED-BY-KNOB (carried only by artefacts that declare no dps)	-	UNMEASURED	data/machine2_cycle20_instrumentB_K10W2.json
821061522333	1	0	-	-	UNRESOLVED-BY-KNOB (carried only by artefacts that declare no dps)	-	UNMEASURED	data/machine2_cycle20_slide_K3_epstein_D7_T4.65_e0.15_T250.json
821599596965	1	0	-	-	UNRESOLVED-BY-KNOB (carried only by artefacts that declare no dps)	-	UNMEASURED	data/machine2_cycle25_design_scan_k0_6.json
821769488385	2	0	-	-	UNRESOLVED-BY-KNOB (carried only by artefacts that declare no dps)	-	UNMEASURED	data/machine2_cycle19_nb_results.json
822057559185	1	0	-	-	UNRESOLVED-BY-KNOB (carried only by artefacts that declare no dps)	-	UNMEASURED	data/machine2_cycle25_prereg.json
8220575592	3	0	-	-	UNRESOLVED-BY-KNOB (carried only by artefacts that declare no dps)	-	UNMEASURED	data/m2_c37_published_constants_census.tsv
822795281434	1	0	-	-	UNRESOLVED-BY-KNOB (carried only by artefacts that declare no dps)	-	UNMEASURED	data/machine2_cycle16_ext_results.json
823105055321	1	0	-	-	UNRESOLVED-BY-KNOB (carried only by artefacts that declare no dps)	-	UNMEASURED	data/machine2_cycle24_widthlaw.json
823330359279	1	0	-	-	UNRESOLVED-BY-KNOB (carried only by artefacts that declare no dps)	-	UNMEASURED	data/machine2_cycle25_design_scan_k2_4.json
824230443139	1	0	-	-	UNRESOLVED-BY-KNOB (carried only by artefacts that declare no dps)	-	UNMEASURED	data/machine2_c31_fitness_constants.json
824238483760	3	0	-	-	UNRESOLVED-BY-KNOB (carried only by artefacts that declare no dps)	-	UNMEASURED	data/m2_c37_published_constants_census.tsv
8242384838	1	0	-	-	UNRESOLVED-BY-KNOB (carried only by artefacts that declare no dps)	-	UNMEASURED	machine2-cycle23-REVEAL-and-letter-the-family-fires-my-prereg-falls-m1s-prediction-holds.md
824322934555	3	0	-	-	UNRESOLVED-BY-KNOB (carried only by artefacts that declare no dps)	-	UNMEASURED	data/machine2_c31_fitness.out
824368755493	1	0	-	-	UNRESOLVED-BY-KNOB (carried only by artefacts that declare no dps)	-	UNMEASURED	data/machine2_cycle15_fold_results.json
824485431628	1	0	-	-	UNRESOLVED-BY-KNOB (carried only by artefacts that declare no dps)	-	UNMEASURED	data/machine2_cycle25_design_scan_k0_6.json
825408438158	1	0	-	-	UNRESOLVED-BY-KNOB (carried only by artefacts that declare no dps)	-	UNMEASURED	data/machine2_cycle20_mainW2.json
825870215348	1	0	-	-	UNRESOLVED-BY-KNOB (carried only by artefacts that declare no dps)	-	UNMEASURED	data/machine2_cycle25_design_scan_k0_6.json
825905255389	1	0	-	-	UNRESOLVED-BY-KNOB (carried only by artefacts that declare no dps)	-	UNMEASURED	data/machine2_cycle25_scored.json
82601733965	1	0	-	-	UNRESOLVED-BY-KNOB (carried only by artefacts that declare no dps)	-	UNMEASURED	data/machine2_cycle25_scored.json
826495242633	1	0	-	-	UNRESOLVED-BY-KNOB (carried only by artefacts that declare no dps)	-	UNMEASURED	data/machine2_cycle25_design_scan_k0_6.json
82667603361	25	15	45,50,60,80,120,300	-	RANGE	-	UNMEASURED	data/c28resp/m2_c28r_btrunc.py
826676033611	7	4	45,50	-	RANGE	-	UNMEASURED	data/code/m2_c28_n6_basis.py
827230895197	1	0	-	-	UNRESOLVED-BY-KNOB (carried only by artefacts that declare no dps)	-	UNMEASURED	data/machine2_cycle24_widthlaw.json
827311448061	1	0	-	-	UNRESOLVED-BY-KNOB (carried only by artefacts that declare no dps)	-	UNMEASURED	data/machine2_cycle25_design_scan_k0_6.json
82737681693	1	0	-	-	UNRESOLVED-BY-KNOB (carried only by artefacts that declare no dps)	-	UNMEASURED	data/machine2_cycle23_selfconsistent.json
827458541316	1	0	-	-	UNRESOLVED-BY-KNOB (carried only by artefacts that declare no dps)	-	UNMEASURED	data/machine2_cycle25_design_scan_k0_4.json
827879590998	1	0	-	-	UNRESOLVED-BY-KNOB (carried only by artefacts that declare no dps)	-	UNMEASURED	data/machine2_cycle26_bandlaw.json
828134435740	1	0	-	-	UNRESOLVED-BY-KNOB (carried only by artefacts that declare no dps)	-	UNMEASURED	data/machine2_cycle16_ext_results.json
828290483576	1	0	-	-	UNRESOLVED-BY-KNOB (carried only by artefacts that declare no dps)	-	UNMEASURED	data/machine2_cycle23_selfconsistent.json
828402366864	1	0	-	-	UNRESOLVED-BY-KNOB (carried only by artefacts that declare no dps)	-	UNMEASURED	data/machine2_floor_kernel_check.out
8285494378	1	0	-	-	UNRESOLVED-BY-KNOB (carried only by artefacts that declare no dps)	-	UNMEASURED	data/machine2_cycle26_bandlaw.json
828876453605	1	0	-	-	UNRESOLVED-BY-KNOB (carried only by artefacts that declare no dps)	-	UNMEASURED	data/machine2_cycle25_design_scan_k0_4.json
829103808540	3	0	-	-	UNRESOLVED-BY-KNOB (carried only by artefacts that declare no dps)	-	UNMEASURED	data/m2_c37_published_constants_census.tsv
829430957094	1	0	-	-	UNRESOLVED-BY-KNOB (carried only by artefacts that declare no dps)	-	UNMEASURED	data/machine2_cycle25_scored.json
829541146953	1	0	-	-	UNRESOLVED-BY-KNOB (carried only by artefacts that declare no dps)	-	UNMEASURED	data/machine2_cycle25_scored.json
829722175913	1	0	-	-	UNRESOLVED-BY-KNOB (carried only by artefacts that declare no dps)	-	UNMEASURED	data/machine2_cycle25_design_scan_k0_4.json
82980344852	1	0	-	-	UNRESOLVED-BY-KNOB (carried only by artefacts that declare no dps)	-	UNMEASURED	data/machine2_cycle20_slide_K3_epstein_D7_T3.875_e0.15_T250.json
829890145307	1	0	-	-	UNRESOLVED-BY-KNOB (carried only by artefacts that declare no dps)	-	UNMEASURED	data/machine2_cycle15_fold_results.json
829894732161	1	0	-	-	UNRESOLVED-BY-KNOB (carried only by artefacts that declare no dps)	-	UNMEASURED	data/machine2_cycle15_fold_results.json
830210131996	1	0	-	-	UNRESOLVED-BY-KNOB (carried only by artefacts that declare no dps)	-	UNMEASURED	data/machine2_cycle25_scored.json
830319880382	1	0	-	-	UNRESOLVED-BY-KNOB (carried only by artefacts that declare no dps)	-	UNMEASURED	data/machine2_cycle25_scored.json
830320420125	1	0	-	-	UNRESOLVED-BY-KNOB (carried only by artefacts that declare no dps)	-	UNMEASURED	data/machine2_cycle16_scan_results.json
830488904907	1	0	-	-	UNRESOLVED-BY-KNOB (carried only by artefacts that declare no dps)	-	UNMEASURED	data/machine2_cycle20_slide_K1_zeta_T49.7738324_e0.3_T600.json
8314706495	1	0	-	-	UNRESOLVED-BY-KNOB (carried only by artefacts that declare no dps)	-	UNMEASURED	data/machine2_cycle26_bandlaw.json
831642682552	1	0	-	-	UNRESOLVED-BY-KNOB (carried only by artefacts that declare no dps)	-	UNMEASURED	data/machine2_cycle25_design_scan_k2_4.json
831723559094	2	0	-	-	UNRESOLVED-BY-KNOB (carried only by artefacts that declare no dps)	-	UNMEASURED	data/machine2_cycle25_prereg.json
831832420355	1	0	-	-	UNRESOLVED-BY-KNOB (carried only by artefacts that declare no dps)	-	UNMEASURED	data/machine2_cycle25_scored.json
832629415928	1	0	-	-	UNRESOLVED-BY-KNOB (carried only by artefacts that declare no dps)	-	UNMEASURED	data/machine2_cycle23_selfconsistent.json
833315129534	1	0	-	-	UNRESOLVED-BY-KNOB (carried only by artefacts that declare no dps)	-	UNMEASURED	data/machine2_cycle20_slide_K3_epstein_D7_T3.875_e0.15_T250.json
8340992487	4	0	-	-	UNRESOLVED-BY-KNOB (carried only by artefacts that declare no dps)	-	UNMEASURED	data/machine2_cycle25_bands.json
8341132602	1	0	-	-	UNRESOLVED-BY-KNOB (carried only by artefacts that declare no dps)	-	UNMEASURED	data/machine2_cycle26_bandlaw.json
834579689917	1	0	-	-	UNRESOLVED-BY-KNOB (carried only by artefacts that declare no dps)	-	UNMEASURED	data/machine2_cycle25_design_scan_k0_4.json
836833501483	1	0	-	-	UNRESOLVED-BY-KNOB (carried only by artefacts that declare no dps)	-	UNMEASURED	data/machine2_cycle23_design_scan.json
837077038545	1	0	-	-	UNRESOLVED-BY-KNOB (carried only by artefacts that declare no dps)	-	UNMEASURED	data/machine2_cycle20_slide_K3_epstein_D7_T3.875_e0.15_T250.json
837108721586	1	0	-	-	UNRESOLVED-BY-KNOB (carried only by artefacts that declare no dps)	-	UNMEASURED	data/machine2_cycle19_nb_results.json
837111211889	1	0	-	-	UNRESOLVED-BY-KNOB (carried only by artefacts that declare no dps)	-	UNMEASURED	data/machine2_cycle19_nb_results.json
837131819838	1	0	-	-	UNRESOLVED-BY-KNOB (carried only by artefacts that declare no dps)	-	UNMEASURED	data/machine2_cycle19_nb_results.json
837193974629	1	0	-	-	UNRESOLVED-BY-KNOB (carried only by artefacts that declare no dps)	-	UNMEASURED	data/machine2_cycle19_nb_results.json
837358598323	1	0	-	-	UNRESOLVED-BY-KNOB (carried only by artefacts that declare no dps)	-	UNMEASURED	data/machine2_cycle19_nb_results.json
837438031303	1	1	40	-	POINT	-	UNMEASURED	data/machine2_cycle28_cover_all.json
837901109090	1	0	-	-	UNRESOLVED-BY-KNOB (carried only by artefacts that declare no dps)	-	UNMEASURED	data/machine2_cycle19_nb_results.json
838038556659	1	0	-	-	UNRESOLVED-BY-KNOB (carried only by artefacts that declare no dps)	-	UNMEASURED	data/machine2_cycle23_shifts.json
838751794987	4	0	-	-	UNRESOLVED-BY-KNOB (carried only by artefacts that declare no dps)	-	UNMEASURED	data/m2_c37_published_constants_census.tsv
839313040941	2	0	-	-	UNRESOLVED-BY-KNOB (carried only by artefacts that declare no dps)	-	UNMEASURED	data/machine2_cycle16_ext_results.json
839423275999	1	0	-	-	UNRESOLVED-BY-KNOB (carried only by artefacts that declare no dps)	-	UNMEASURED	data/machine2_cycle20_slide_K1_zeta_T45.666_e0.3_T600.json
840048304193	1	0	-	-	UNRESOLVED-BY-KNOB (carried only by artefacts that declare no dps)	-	UNMEASURED	data/machine2_cycle19_nb_results.json
840133728663	1	0	-	-	UNRESOLVED-BY-KNOB (carried only by artefacts that declare no dps)	-	UNMEASURED	data/machine2_cycle16_gate1.json
840305615759	1	0	-	-	UNRESOLVED-BY-KNOB (carried only by artefacts that declare no dps)	-	UNMEASURED	data/machine2_cycle24_widthlaw.json
840482314786	1	0	-	-	UNRESOLVED-BY-KNOB (carried only by artefacts that declare no dps)	-	UNMEASURED	data/machine2_cycle27_s3_prereg.json
840665468515	1	0	-	-	UNRESOLVED-BY-KNOB (carried only by artefacts that declare no dps)	-	UNMEASURED	data/machine2_cycle23_selfconsistent.json
8409924998	5	1	40	-	POINT	-	UNMEASURED	data/machine2_cycle25_grade.json
841790342842	1	0	-	-	UNRESOLVED-BY-KNOB (carried only by artefacts that declare no dps)	-	UNMEASURED	data/machine2_cycle23_shifts.json
842419432774	1	0	-	-	UNRESOLVED-BY-KNOB (carried only by artefacts that declare no dps)	-	UNMEASURED	data/machine2_cycle29_s3_scored.json
8424194328	1	0	-	-	UNRESOLVED-BY-KNOB (carried only by artefacts that declare no dps)	-	UNMEASURED	data/machine2_cycle29_s3_scored.out
842598884591	1	0	-	-	UNRESOLVED-BY-KNOB (carried only by artefacts that declare no dps)	-	UNMEASURED	data/machine2_cycle16_ext_results.json
842854027009	1	0	-	-	UNRESOLVED-BY-KNOB (carried only by artefacts that declare no dps)	-	UNMEASURED	data/machine2_cycle23_selfconsistent.json
843197780603	1	0	-	-	UNRESOLVED-BY-KNOB (carried only by artefacts that declare no dps)	-	UNMEASURED	data/machine2_cycle25_prereg.json
843197780604	2	0	-	-	UNRESOLVED-BY-KNOB (carried only by artefacts that declare no dps)	-	UNMEASURED	data/machine2_cycle25_bands.json
8441838793	1	0	-	-	UNRESOLVED-BY-KNOB (carried only by artefacts that declare no dps)	-	UNMEASURED	data/machine2_cycle25_scored.out
844183879327	4	3	40	-	POINT	-	UNMEASURED	data/machine2_cycle25_scored.json
844281007491	1	0	-	-	UNRESOLVED-BY-KNOB (carried only by artefacts that declare no dps)	-	UNMEASURED	data/machine2_cycle19_nb_results.json
844626392762	1	0	-	-	UNRESOLVED-BY-KNOB (carried only by artefacts that declare no dps)	-	UNMEASURED	data/machine2_cycle19_nb_results.json
844668842817	4	0	-	-	UNRESOLVED-BY-KNOB (carried only by artefacts that declare no dps)	-	UNMEASURED	data/m2_c37_published_constants_census.tsv
844668842818	1	0	-	-	UNRESOLVED-BY-KNOB (carried only by artefacts that declare no dps)	-	UNMEASURED	data/machine2_cycle16_e1_recheck.out
844690485376	1	0	-	-	UNRESOLVED-BY-KNOB (carried only by artefacts that declare no dps)	-	UNMEASURED	data/machine2_cycle16_zeros_verified.json
844690485377	1	0	-	-	UNRESOLVED-BY-KNOB (carried only by artefacts that declare no dps)	-	UNMEASURED	data/machine2_cycle16_zeros_verified.out
844822878231	1	0	-	-	UNRESOLVED-BY-KNOB (carried only by artefacts that declare no dps)	-	UNMEASURED	data/machine2_cycle20_slide_K3_epstein_D7_T3.875_e0.15_T250.json
845265830042	1	0	-	-	UNRESOLVED-BY-KNOB (carried only by artefacts that declare no dps)	-	UNMEASURED	data/machine2_cycle20_slide_K3_epstein_D7_T4.65_e0.15_T250.json
845677775279	1	0	-	-	UNRESOLVED-BY-KNOB (carried only by artefacts that declare no dps)	-	UNMEASURED	data/machine2_cycle23_selfconsistent.json
846550608754	1	0	-	-	UNRESOLVED-BY-KNOB (carried only by artefacts that declare no dps)	-	UNMEASURED	data/machine2_cycle25_design_scan_k0_6.json
846907662750	1	0	-	-	UNRESOLVED-BY-KNOB (carried only by artefacts that declare no dps)	-	UNMEASURED	data/machine2_cycle24_widthlaw.json
847177347521	1	0	-	-	UNRESOLVED-BY-KNOB (carried only by artefacts that declare no dps)	-	UNMEASURED	data/machine2_cycle23_selfconsistent.json
847305457235	1	0	-	-	UNRESOLVED-BY-KNOB (carried only by artefacts that declare no dps)	-	UNMEASURED	data/machine2_cycle20_mainW2.json
847354929805	3	0	-	-	UNRESOLVED-BY-KNOB (carried only by artefacts that declare no dps)	-	UNMEASURED	data/m2_c37_published_constants_census.tsv
847585597853	1	0	-	-	UNRESOLVED-BY-KNOB (carried only by artefacts that declare no dps)	-	UNMEASURED	data/machine2_cycle23_selfconsistent.json
848600027288	2	0	-	-	UNRESOLVED-BY-KNOB (carried only by artefacts that declare no dps)	-	UNMEASURED	data/m2_c37_published_constants_census.tsv
8486000273	2	0	-	-	UNRESOLVED-BY-KNOB (carried only by artefacts that declare no dps)	-	UNMEASURED	data/machine2_cycle24_groundtruth.out
849254753678	1	0	-	-	UNRESOLVED-BY-KNOB (carried only by artefacts that declare no dps)	-	UNMEASURED	data/machine2_cycle19_nb_results.json
850776560481	1	0	-	-	UNRESOLVED-BY-KNOB (carried only by artefacts that declare no dps)	-	UNMEASURED	data/machine2_cycle20_slide_K1_zeta_T0_e0.3_T600.json
850815846293	3	1	45	-	POINT	-	UNMEASURED	data/c28resp/m2_census_m8_fromscratch.py
851261660721	1	0	-	-	UNRESOLVED-BY-KNOB (carried only by artefacts that declare no dps)	-	UNMEASURED	data/machine2_cycle29_s3_scored.json
8514328690	1	0	-	-	UNRESOLVED-BY-KNOB (carried only by artefacts that declare no dps)	-	UNMEASURED	machine2-cycle8-oos-falsification-2026-09-03-RELAY-BY-astra-pa.md
851988237646	1	0	-	-	UNRESOLVED-BY-KNOB (carried only by artefacts that declare no dps)	-	UNMEASURED	data/machine2_cycle19_nb_results.json
852649551075	1	0	-	-	UNRESOLVED-BY-KNOB (carried only by artefacts that declare no dps)	-	UNMEASURED	data/machine2_cycle25_design_scan_k0_4.json
852683682844	1	0	-	-	UNRESOLVED-BY-KNOB (carried only by artefacts that declare no dps)	-	UNMEASURED	data/machine2_cycle25_design_scan_k0_6.json
853270497190	1	0	-	-	UNRESOLVED-BY-KNOB (carried only by artefacts that declare no dps)	-	UNMEASURED	data/machine2_c31_fitness_constants.json
853379120999	1	0	-	-	UNRESOLVED-BY-KNOB (carried only by artefacts that declare no dps)	-	UNMEASURED	data/machine2_cycle19_nb_results.json
853498421563	1	0	-	-	UNRESOLVED-BY-KNOB (carried only by artefacts that declare no dps)	-	UNMEASURED	data/machine2_cycle23_design_scan.json
854814020099	2	0	-	-	UNRESOLVED-BY-KNOB (carried only by artefacts that declare no dps)	-	UNMEASURED	data/machine2_cycle25_prereg.json
854906684583	1	0	-	-	UNRESOLVED-BY-KNOB (carried only by artefacts that declare no dps)	-	UNMEASURED	data/machine2_cycle25_scored.json
855005204175	1	0	-	-	UNRESOLVED-BY-KNOB (carried only by artefacts that declare no dps)	-	UNMEASURED	data/machine2_cycle15_fold_results5.json
855377120205	1	0	-	-	UNRESOLVED-BY-KNOB (carried only by artefacts that declare no dps)	-	UNMEASURED	data/machine2_cycle25_scored.json
855469622717	1	0	-	-	UNRESOLVED-BY-KNOB (carried only by artefacts that declare no dps)	-	UNMEASURED	data/machine2_cycle25_scored.json
855935535079	1	0	-	-	UNRESOLVED-BY-KNOB (carried only by artefacts that declare no dps)	-	UNMEASURED	data/machine2_cycle19_nb_results.json
856519276238	1	0	-	-	UNRESOLVED-BY-KNOB (carried only by artefacts that declare no dps)	-	UNMEASURED	data/machine2_cycle25_design_scan_k0_4.json
856843944678	1	0	-	-	UNRESOLVED-BY-KNOB (carried only by artefacts that declare no dps)	-	UNMEASURED	data/machine2_cycle25_design_scan_k2_4.json
856938681589	1	0	-	-	UNRESOLVED-BY-KNOB (carried only by artefacts that declare no dps)	-	UNMEASURED	data/machine2_cycle24_widthlaw.json
857218307748	1	0	-	-	UNRESOLVED-BY-KNOB (carried only by artefacts that declare no dps)	-	UNMEASURED	data/machine2_c31_fitness_constants.json
858501821823	1	0	-	-	UNRESOLVED-BY-KNOB (carried only by artefacts that declare no dps)	-	UNMEASURED	data/machine2_cycle19_nb_results.json
859338679982	1	0	-	-	UNRESOLVED-BY-KNOB (carried only by artefacts that declare no dps)	-	UNMEASURED	data/machine2_cycle19_nb_results.json
859626921603	1	0	-	-	UNRESOLVED-BY-KNOB (carried only by artefacts that declare no dps)	-	UNMEASURED	data/machine2_cycle19_nb_results.json
860712339423	1	0	-	-	UNRESOLVED-BY-KNOB (carried only by artefacts that declare no dps)	-	UNMEASURED	data/machine2_cycle26_bandlaw.json
860870961492	1	0	-	-	UNRESOLVED-BY-KNOB (carried only by artefacts that declare no dps)	-	UNMEASURED	data/machine2_cycle16_zeros_verified.json
861098591014	1	0	-	-	UNRESOLVED-BY-KNOB (carried only by artefacts that declare no dps)	-	UNMEASURED	data/machine2_cycle19_nb_results.json
861400226229	1	0	-	-	UNRESOLVED-BY-KNOB (carried only by artefacts that declare no dps)	-	UNMEASURED	data/machine2_cycle16_low_results.json
863105020740	1	1	90	25	POINT	-	UNMEASURED	data/machine2_c35_signgroup.json
8632805553	1	0	-	-	UNRESOLVED-BY-KNOB (carried only by artefacts that declare no dps)	-	UNMEASURED	data/machine2_cycle26_bandlaw.json
864232898446	1	0	-	-	UNRESOLVED-BY-KNOB (carried only by artefacts that declare no dps)	-	UNMEASURED	data/machine2_cycle25_design_scan_k2_4.json
864290200072	1	0	-	-	UNRESOLVED-BY-KNOB (carried only by artefacts that declare no dps)	-	UNMEASURED	data/machine2_cycle24_widthlaw.json
864469136644	1	1	40	-	POINT	-	UNMEASURED	data/machine2_cycle28_cover_all.json
864523636535	1	0	-	-	UNRESOLVED-BY-KNOB (carried only by artefacts that declare no dps)	-	UNMEASURED	data/machine2_cycle19_nb_results.json
86453635891	1	0	-	-	UNRESOLVED-BY-KNOB (carried only by artefacts that declare no dps)	-	UNMEASURED	data/machine2_cycle25_design_scan_k0_4.json
866213671771	1	0	-	-	UNRESOLVED-BY-KNOB (carried only by artefacts that declare no dps)	-	UNMEASURED	data/machine2_cycle25_design_scan_k2_4.json
866987954549	1	0	-	-	UNRESOLVED-BY-KNOB (carried only by artefacts that declare no dps)	-	UNMEASURED	data/machine2_cycle20_slide_K3_epstein_D7_T3.875_e0.15_T250.json
867102597842	3	3	90,125,150	25,30	RANGE	-	UNMEASURED	data/m2_c38_runs.json
867793429398	1	0	-	-	UNRESOLVED-BY-KNOB (carried only by artefacts that declare no dps)	-	UNMEASURED	data/machine2_cycle20_mainW2.json
868280133241	1	0	-	-	UNRESOLVED-BY-KNOB (carried only by artefacts that declare no dps)	-	UNMEASURED	data/machine2_cycle19_nb_results.json
868285299436	1	0	-	-	UNRESOLVED-BY-KNOB (carried only by artefacts that declare no dps)	-	UNMEASURED	data/machine2_cycle20_mainW2.json
8685786799	1	0	-	-	UNRESOLVED-BY-KNOB (carried only by artefacts that declare no dps)	-	UNMEASURED	data/machine2_cycle23_design_scan.json
869723582114	2	0	-	-	UNRESOLVED-BY-KNOB (carried only by artefacts that declare no dps)	-	UNMEASURED	data/machine2_cycle19_nb_results.json
869784331104	1	0	-	-	UNRESOLVED-BY-KNOB (carried only by artefacts that declare no dps)	-	UNMEASURED	data/machine2_cycle20_mainW2.json
869921757020	2	2	90,125,150	25,30	RANGE	-	UNMEASURED	data/m2_c38_runs.json
869921757021	2	0	-	-	UNRESOLVED-BY-KNOB (carried only by artefacts that declare no dps)	-	UNMEASURED	data/m2_c38_score2.out
870037875557	1	0	-	-	UNRESOLVED-BY-KNOB (carried only by artefacts that declare no dps)	-	UNMEASURED	data/machine2_cycle15_fold_results.json
870179518639	2	0	-	-	UNRESOLVED-BY-KNOB (carried only by artefacts that declare no dps)	-	UNMEASURED	data/machine2_cycle15_fold_results8.json
870339280029	1	0	-	-	UNRESOLVED-BY-KNOB (carried only by artefacts that declare no dps)	-	UNMEASURED	data/machine2_cycle20_slide_K3_epstein_D7_T3.875_e0.15_T250.json
870445577636	1	0	-	-	UNRESOLVED-BY-KNOB (carried only by artefacts that declare no dps)	-	UNMEASURED	data/machine2_c31_fitness_constants.json
872233189584	1	0	-	-	UNRESOLVED-BY-KNOB (carried only by artefacts that declare no dps)	-	UNMEASURED	data/machine2_cycle15_fold_results.json
872443818873	1	0	-	-	UNRESOLVED-BY-KNOB (carried only by artefacts that declare no dps)	-	UNMEASURED	data/machine2_cycle16_ext_results.json
874252746131	3	0	-	-	UNRESOLVED-BY-KNOB (carried only by artefacts that declare no dps)	-	UNMEASURED	data/m2_c37_published_constants_census.tsv
874448282124	1	0	-	-	UNRESOLVED-BY-KNOB (carried only by artefacts that declare no dps)	-	UNMEASURED	data/machine2_cycle19_nb_results.json
874697032148	1	0	-	-	UNRESOLVED-BY-KNOB (carried only by artefacts that declare no dps)	-	UNMEASURED	data/machine2_cycle25_design_scan_k0_4.json
874780202405	1	0	-	-	UNRESOLVED-BY-KNOB (carried only by artefacts that declare no dps)	-	UNMEASURED	data/machine2_cycle23_sweep_c.json
875907670566	1	0	-	-	UNRESOLVED-BY-KNOB (carried only by artefacts that declare no dps)	-	UNMEASURED	data/machine2_cycle20_slide_K1_zeta_T49.7738324_e0.3_T600.json
8759327045	2	0	-	-	UNRESOLVED-BY-KNOB (carried only by artefacts that declare no dps)	-	UNMEASURED	data/m2_c37_g00.out
875932704544	1	1	90,125	-	RANGE	-	UNMEASURED	data/m2_c38_score.out
876517801703	1	0	-	-	UNRESOLVED-BY-KNOB (carried only by artefacts that declare no dps)	-	UNMEASURED	data/machine2_cycle23_selfconsistent.json
876590284865	1	0	-	-	UNRESOLVED-BY-KNOB (carried only by artefacts that declare no dps)	-	UNMEASURED	data/machine2_cycle19_nb_results.json
877278688595	1	0	-	-	UNRESOLVED-BY-KNOB (carried only by artefacts that declare no dps)	-	UNMEASURED	data/machine2_cycle19_nb_results.json
877950633882	1	0	-	-	UNRESOLVED-BY-KNOB (carried only by artefacts that declare no dps)	-	UNMEASURED	data/machine2_cycle23_selfconsistent.json
877982039210	1	0	-	-	UNRESOLVED-BY-KNOB (carried only by artefacts that declare no dps)	-	UNMEASURED	data/machine2_cycle25_design_scan_k2_4.json
878090250818	1	0	-	-	UNRESOLVED-BY-KNOB (carried only by artefacts that declare no dps)	-	UNMEASURED	data/machine2_cycle23_selfconsistent.json
878280386153	1	0	-	-	UNRESOLVED-BY-KNOB (carried only by artefacts that declare no dps)	-	UNMEASURED	data/machine2_cycle15_fold_results7.json
878280947192	1	0	-	-	UNRESOLVED-BY-KNOB (carried only by artefacts that declare no dps)	-	UNMEASURED	data/machine2_cycle16_gate1.json
878282072619	1	0	-	-	UNRESOLVED-BY-KNOB (carried only by artefacts that declare no dps)	-	UNMEASURED	data/machine2_cycle16_gate1.json
878545640178	1	0	-	-	UNRESOLVED-BY-KNOB (carried only by artefacts that declare no dps)	-	UNMEASURED	data/machine2_cycle20_slide_K1_zeta_T49.7738324_e0.3_T600.json
879025482133	1	0	-	-	UNRESOLVED-BY-KNOB (carried only by artefacts that declare no dps)	-	UNMEASURED	data/machine2_cycle19_nb_results.json
879279978851	1	0	-	-	UNRESOLVED-BY-KNOB (carried only by artefacts that declare no dps)	-	UNMEASURED	data/machine2_cycle15_fold_results.json
880445729448	1	0	-	-	UNRESOLVED-BY-KNOB (carried only by artefacts that declare no dps)	-	UNMEASURED	data/machine2_cycle25_design_scan_k0_4.json
881397102969	1	0	-	-	UNRESOLVED-BY-KNOB (carried only by artefacts that declare no dps)	-	UNMEASURED	data/machine2_cycle20_mainW2.json
881515013196	1	0	-	-	UNRESOLVED-BY-KNOB (carried only by artefacts that declare no dps)	-	UNMEASURED	data/machine2_cycle25_design_scan_k2_4.json
882262518766	1	0	-	-	UNRESOLVED-BY-KNOB (carried only by artefacts that declare no dps)	-	UNMEASURED	data/machine2_cycle20_slide_K3_epstein_D7_T4.65_e0.15_T250.json
883179641359	1	0	-	-	UNRESOLVED-BY-KNOB (carried only by artefacts that declare no dps)	-	UNMEASURED	data/machine2_cycle20_slide_K1_zeta_T45.666_e0.3_T600.json
883255594411	1	0	-	-	UNRESOLVED-BY-KNOB (carried only by artefacts that declare no dps)	-	UNMEASURED	data/machine2_cycle16_ext_results.json
883487411517	1	0	-	-	UNRESOLVED-BY-KNOB (carried only by artefacts that declare no dps)	-	UNMEASURED	data/machine2_cycle16_ext_results.json
884164943494	1	0	-	-	UNRESOLVED-BY-KNOB (carried only by artefacts that declare no dps)	-	UNMEASURED	data/machine2_cycle20_slide_K1_zeta_T45.666_e0.3_T600.json
884649143371	1	0	-	-	UNRESOLVED-BY-KNOB (carried only by artefacts that declare no dps)	-	UNMEASURED	data/machine2_cycle25_design_scan_k2_4.json
884848414607	1	0	-	-	UNRESOLVED-BY-KNOB (carried only by artefacts that declare no dps)	-	UNMEASURED	data/machine2_cycle25_design_scan_k0_6.json
884965354386	1	0	-	-	UNRESOLVED-BY-KNOB (carried only by artefacts that declare no dps)	-	UNMEASURED	data/machine2_cycle20_slide_K1_zeta_T45.666_e0.3_T600.json
8864860075	2	1	40	-	POINT	-	UNMEASURED	data/machine2_cycle25_scored.json
886521101226	1	1	40	-	POINT	-	UNMEASURED	data/machine2_cycle28_cover_all.json
8869280309	1	0	-	-	UNRESOLVED-BY-KNOB (carried only by artefacts that declare no dps)	-	UNMEASURED	data/machine2_cycle25_scored.out
886928030918	3	2	40	-	POINT	-	UNMEASURED	data/machine2_cycle25_scored.json
888091112076	4	0	-	-	UNRESOLVED-BY-KNOB (carried only by artefacts that declare no dps)	-	UNMEASURED	data/m2_c37_published_constants_census.tsv
888275147777	1	0	-	-	UNRESOLVED-BY-KNOB (carried only by artefacts that declare no dps)	-	UNMEASURED	data/machine2_c31_fitness_constants.json
888280238978	1	0	-	-	UNRESOLVED-BY-KNOB (carried only by artefacts that declare no dps)	-	UNMEASURED	data/machine2_cycle25_design_scan_k0_4.json
888313039525	1	0	-	-	UNRESOLVED-BY-KNOB (carried only by artefacts that declare no dps)	-	UNMEASURED	data/machine2_cycle25_design_scan_k0_4.json
889697685395	2	0	-	-	UNRESOLVED-BY-KNOB (carried only by artefacts that declare no dps)	-	UNMEASURED	data/machine2_cycle23_design_scan.json
891446788972	1	0	-	-	UNRESOLVED-BY-KNOB (carried only by artefacts that declare no dps)	-	UNMEASURED	data/machine2_cycle25_design_scan_k0_6.json
892723764356	1	0	-	-	UNRESOLVED-BY-KNOB (carried only by artefacts that declare no dps)	-	UNMEASURED	data/machine2_cycle25_design_scan_k0_4.json
893696438331	1	0	-	-	UNRESOLVED-BY-KNOB (carried only by artefacts that declare no dps)	-	UNMEASURED	data/machine2_cycle19_nb_results.json
894783443045	1	0	-	-	UNRESOLVED-BY-KNOB (carried only by artefacts that declare no dps)	-	UNMEASURED	data/machine2_cycle16_ext_results.json
895136985183	1	0	-	-	UNRESOLVED-BY-KNOB (carried only by artefacts that declare no dps)	-	UNMEASURED	data/machine2_cycle23_shifts.json
896004288059	1	0	-	-	UNRESOLVED-BY-KNOB (carried only by artefacts that declare no dps)	-	UNMEASURED	data/machine2_cycle25_design_scan_k0_6.json
896104602242	1	0	-	-	UNRESOLVED-BY-KNOB (carried only by artefacts that declare no dps)	-	UNMEASURED	data/machine2_cycle25_design_scan_k2_4.json
897594300050	1	0	-	-	UNRESOLVED-BY-KNOB (carried only by artefacts that declare no dps)	-	UNMEASURED	data/machine2_cycle16_low_results.json
897812443373	1	0	-	-	UNRESOLVED-BY-KNOB (carried only by artefacts that declare no dps)	-	UNMEASURED	data/machine2_cycle25_design_scan_k2_4.json
898393794823	5	2	60	-	POINT	-	UNMEASURED	data/code/machine2_c31_oos_runner.py
89885743125	1	0	-	-	UNRESOLVED-BY-KNOB (carried only by artefacts that declare no dps)	-	UNMEASURED	data/machine2_cycle23_selfconsistent.json
899254180639	1	0	-	-	UNRESOLVED-BY-KNOB (carried only by artefacts that declare no dps)	-	UNMEASURED	data/machine2_cycle25_bands.json
8995399717	1	0	-	-	UNRESOLVED-BY-KNOB (carried only by artefacts that declare no dps)	-	UNMEASURED	machine2-cycle23-REVEAL-and-letter-the-family-fires-my-prereg-falls-m1s-prediction-holds.md
899539971714	3	0	-	-	UNRESOLVED-BY-KNOB (carried only by artefacts that declare no dps)	-	UNMEASURED	data/m2_c37_published_constants_census.tsv
89971417564	5	0	-	-	UNRESOLVED-BY-KNOB (carried only by artefacts that declare no dps)	-	UNMEASURED	data/m2_c37_published_constants_census.tsv
900290433379	1	0	-	-	UNRESOLVED-BY-KNOB (carried only by artefacts that declare no dps)	-	UNMEASURED	data/machine2_cycle24_widthlaw.json
900648829902	1	0	-	-	UNRESOLVED-BY-KNOB (carried only by artefacts that declare no dps)	-	UNMEASURED	data/machine2_cycle16_scan_results.json
901165961093	1	0	-	-	UNRESOLVED-BY-KNOB (carried only by artefacts that declare no dps)	-	UNMEASURED	data/machine2_cycle25_design_scan_k0_4.json
901546847758	1	0	-	-	UNRESOLVED-BY-KNOB (carried only by artefacts that declare no dps)	-	UNMEASURED	data/machine2_cycle25_design_scan_k0_6.json
901626573783	1	0	-	-	UNRESOLVED-BY-KNOB (carried only by artefacts that declare no dps)	-	UNMEASURED	data/machine2_cycle24_gt_basis7.json
9016265738	1	0	-	-	UNRESOLVED-BY-KNOB (carried only by artefacts that declare no dps)	-	UNMEASURED	data/machine2_cycle24_groundtruth.out
901710957754	1	0	-	-	UNRESOLVED-BY-KNOB (carried only by artefacts that declare no dps)	-	UNMEASURED	data/machine2_cycle20_slide_K1_zeta_T45.666_e0.3_T600.json
902156368639	1	0	-	-	UNRESOLVED-BY-KNOB (carried only by artefacts that declare no dps)	-	UNMEASURED	data/machine2_cycle29_s3_scored.json
902302335046	8	0	-	-	UNRESOLVED-BY-KNOB (carried only by artefacts that declare no dps)	-	UNMEASURED	data/m2_c37_published_constants_census.tsv
902303375381	1	0	-	-	UNRESOLVED-BY-KNOB (carried only by artefacts that declare no dps)	-	UNMEASURED	data/machine2_cycle27_s3_prereg.json
902303375382	1	0	-	-	UNRESOLVED-BY-KNOB (carried only by artefacts that declare no dps)	-	UNMEASURED	data/machine2_cycle27_s3_prereg.out
902496046844	1	0	-	-	UNRESOLVED-BY-KNOB (carried only by artefacts that declare no dps)	-	UNMEASURED	data/machine2_cycle27_s3_prereg.json
902496046845	2	0	-	-	UNRESOLVED-BY-KNOB (carried only by artefacts that declare no dps)	-	UNMEASURED	data/machine2_cycle27_s3_prereg.out
902541159463	1	0	-	-	UNRESOLVED-BY-KNOB (carried only by artefacts that declare no dps)	-	UNMEASURED	data/machine2_cycle24_widthlaw.json
903782095983	1	0	-	-	UNRESOLVED-BY-KNOB (carried only by artefacts that declare no dps)	-	UNMEASURED	data/machine2_cycle20_mainW2.json
90432189169	1	0	-	-	UNRESOLVED-BY-KNOB (carried only by artefacts that declare no dps)	-	UNMEASURED	data/machine2_cycle20_mainW2.json
904599584760	1	0	-	-	UNRESOLVED-BY-KNOB (carried only by artefacts that declare no dps)	-	UNMEASURED	data/machine2_cycle16_gate1.json
905574596805	1	0	-	-	UNRESOLVED-BY-KNOB (carried only by artefacts that declare no dps)	-	UNMEASURED	data/machine2_cycle16_ext_results.json
906505052390	2	0	-	-	UNRESOLVED-BY-KNOB (carried only by artefacts that declare no dps)	-	UNMEASURED	data/m2_c37_published_constants_census.tsv
906664972341	1	1	40	-	POINT	-	UNMEASURED	data/machine2_transfer_checks.out
90666508943	1	1	40	-	POINT	-	UNMEASURED	data/machine2_transfer_checks.out
907224414594	1	0	-	-	UNRESOLVED-BY-KNOB (carried only by artefacts that declare no dps)	-	UNMEASURED	data/machine2_cycle20_slide_K1_zeta_T45.666_e0.3_T600.json
908623483953	1	0	-	-	UNRESOLVED-BY-KNOB (carried only by artefacts that declare no dps)	-	UNMEASURED	data/machine2_cycle24_widthlaw.json
908693161399	1	0	-	-	UNRESOLVED-BY-KNOB (carried only by artefacts that declare no dps)	-	UNMEASURED	data/machine2_cycle20_mainW2.json
90913754808	1	0	-	-	UNRESOLVED-BY-KNOB (carried only by artefacts that declare no dps)	-	UNMEASURED	data/machine2_cycle23_selfconsistent.json
9092237299	1	1	20,30	-	RANGE	-	UNMEASURED	data/machine2_cycle17_census.json
909652679953	1	0	-	-	UNRESOLVED-BY-KNOB (carried only by artefacts that declare no dps)	-	UNMEASURED	data/machine2_cycle16_low_results.json
9099432054	1	0	-	-	UNRESOLVED-BY-KNOB (carried only by artefacts that declare no dps)	-	UNMEASURED	data/machine2_cycle25_bands.json
910058348968	1	0	-	-	UNRESOLVED-BY-KNOB (carried only by artefacts that declare no dps)	-	UNMEASURED	data/machine2_cycle16_scan_results.json
910556589189	1	0	-	-	UNRESOLVED-BY-KNOB (carried only by artefacts that declare no dps)	-	UNMEASURED	data/machine2_cycle16_ext_results.json
910613568039	5	0	-	-	UNRESOLVED-BY-KNOB (carried only by artefacts that declare no dps)	-	UNMEASURED	data/m2_c37_published_constants_census.tsv
910635432106	2	0	-	-	UNRESOLVED-BY-KNOB (carried only by artefacts that declare no dps)	-	UNMEASURED	data/machine2_cycle16_zeros_verified.json
911294376365	6	0	-	-	UNRESOLVED-BY-KNOB (carried only by artefacts that declare no dps)	-	UNMEASURED	data/machine2_cycle29_s3_branch_recheck.json
9112953617	1	0	-	-	UNRESOLVED-BY-KNOB (carried only by artefacts that declare no dps)	-	UNMEASURED	data/machine2_cycle27_s3_prereg.out
911295361700	1	0	-	-	UNRESOLVED-BY-KNOB (carried only by artefacts that declare no dps)	-	UNMEASURED	data/machine2_cycle27_s3_prereg.json
911471184986	1	0	-	-	UNRESOLVED-BY-KNOB (carried only by artefacts that declare no dps)	-	UNMEASURED	data/machine2_cycle27_s3_prereg.json
911471184987	1	0	-	-	UNRESOLVED-BY-KNOB (carried only by artefacts that declare no dps)	-	UNMEASURED	data/machine2_cycle27_s3_prereg.out
911496229929	1	1	90,125	-	RANGE	-	UNMEASURED	data/m2_c38_score.out
911666332681	1	1	40	-	POINT	-	UNMEASURED	data/machine2_cycle28_cover_all.json
911970761660	1	0	-	-	UNRESOLVED-BY-KNOB (carried only by artefacts that declare no dps)	-	UNMEASURED	data/machine2_cycle16_low_results.json
913177987632	1	0	-	-	UNRESOLVED-BY-KNOB (carried only by artefacts that declare no dps)	-	UNMEASURED	data/machine2_cycle24_widthlaw.json
913762038251	1	0	-	-	UNRESOLVED-BY-KNOB (carried only by artefacts that declare no dps)	-	UNMEASURED	data/machine2_cycle25_design_scan_k2_4.json
913785306478	1	0	-	-	UNRESOLVED-BY-KNOB (carried only by artefacts that declare no dps)	-	UNMEASURED	data/machine2_cycle25_design_scan_k0_6.json
915022806982	1	0	-	-	UNRESOLVED-BY-KNOB (carried only by artefacts that declare no dps)	-	UNMEASURED	data/machine2_cycle19_nb_results.json
915519346941	2	0	-	-	UNRESOLVED-BY-KNOB (carried only by artefacts that declare no dps)	-	UNMEASURED	data/machine2_cycle27_s3_prereg.json
916078288750	1	0	-	-	UNRESOLVED-BY-KNOB (carried only by artefacts that declare no dps)	-	UNMEASURED	data/machine2_cycle16_scan_results.json
916859602774	1	0	-	-	UNRESOLVED-BY-KNOB (carried only by artefacts that declare no dps)	-	UNMEASURED	data/machine2_cycle20_slide_K3_epstein_D7_T3.875_e0.15_T250.json
917757601056	6	0	-	-	UNRESOLVED-BY-KNOB (carried only by artefacts that declare no dps)	-	UNMEASURED	data/m2_c37_published_constants_census.tsv
9177576011	1	0	-	-	UNRESOLVED-BY-KNOB (carried only by artefacts that declare no dps)	-	UNMEASURED	data/machine2_cycle25_prereg.json
9187139074	1	0	-	-	UNRESOLVED-BY-KNOB (carried only by artefacts that declare no dps)	-	UNMEASURED	data/machine2_cycle23_design_scan.json
918728993908	1	0	-	-	UNRESOLVED-BY-KNOB (carried only by artefacts that declare no dps)	-	UNMEASURED	data/machine2_cycle23_selfconsistent.json
918838685319	1	0	-	-	UNRESOLVED-BY-KNOB (carried only by artefacts that declare no dps)	-	UNMEASURED	data/machine2_cycle20_slide_K1_zeta_T0_e0.3_T600.json
9189435583	1	0	-	-	UNRESOLVED-BY-KNOB (carried only by artefacts that declare no dps)	-	UNMEASURED	data/machine2_cycle23_shifts.json
919743961583	1	0	-	-	UNRESOLVED-BY-KNOB (carried only by artefacts that declare no dps)	-	UNMEASURED	data/machine2_cycle19_nb_results.json
920264830170	1	0	-	-	UNRESOLVED-BY-KNOB (carried only by artefacts that declare no dps)	-	UNMEASURED	data/machine2_cycle19_nb_results.json
921136399542	1	0	-	-	UNRESOLVED-BY-KNOB (carried only by artefacts that declare no dps)	-	UNMEASURED	data/machine2_cycle20_slide_K1_zeta_T49.7738324_e0.3_T600.json
921370533958	2	1	90	25	POINT	-	UNMEASURED	data/m2_c37_published_constants_census.tsv
922611196807	1	0	-	-	UNRESOLVED-BY-KNOB (carried only by artefacts that declare no dps)	-	UNMEASURED	data/machine2_cycle19_nb_results.json
922668961096	2	0	-	-	UNRESOLVED-BY-KNOB (carried only by artefacts that declare no dps)	-	UNMEASURED	data/m2_c37_published_constants_census.tsv
922741375789	1	0	-	-	UNRESOLVED-BY-KNOB (carried only by artefacts that declare no dps)	-	UNMEASURED	data/machine2_cycle25_design_scan_k0_4.json
9228018752	1	0	-	-	UNRESOLVED-BY-KNOB (carried only by artefacts that declare no dps)	-	UNMEASURED	data/machine2_cycle20_gates.json
922831343435	2	0	-	-	UNRESOLVED-BY-KNOB (carried only by artefacts that declare no dps)	-	UNMEASURED	data/machine2_cycle27_s3_prereg.json
923558322081	1	0	-	-	UNRESOLVED-BY-KNOB (carried only by artefacts that declare no dps)	-	UNMEASURED	data/machine2_cycle20_slide_K3_epstein_D7_T3.875_e0.15_T250.json
924006726137	4	0	-	-	UNRESOLVED-BY-KNOB (carried only by artefacts that declare no dps)	-	UNMEASURED	data/m2_c37_published_constants_census.tsv
924006726138	1	0	-	-	UNRESOLVED-BY-KNOB (carried only by artefacts that declare no dps)	-	UNMEASURED	data/machine2_cycle16_e1_recheck.out
924030358614	2	0	-	-	UNRESOLVED-BY-KNOB (carried only by artefacts that declare no dps)	-	UNMEASURED	data/machine2_cycle16_zeros_verified.json
924918992705	4	0	-	-	UNRESOLVED-BY-KNOB (carried only by artefacts that declare no dps)	-	UNMEASURED	data/m2_c37_published_constants_census.tsv
925392511083	1	0	-	-	UNRESOLVED-BY-KNOB (carried only by artefacts that declare no dps)	-	UNMEASURED	data/machine2_cycle25_design_scan_k2_4.json
925925925925	1	0	-	-	UNRESOLVED-BY-KNOB (carried only by artefacts that declare no dps)	-	UNMEASURED	data/machine2_cycle20_slide_K1_zeta_T0_e0.3_T600.json
925925925926	1	0	-	-	UNRESOLVED-BY-KNOB (carried only by artefacts that declare no dps)	-	UNMEASURED	data/machine2_cycle20_slide_K1_zeta_T0_e0.3_T600.json
926200241357	1	0	-	-	UNRESOLVED-BY-KNOB (carried only by artefacts that declare no dps)	-	UNMEASURED	data/machine2_cycle29_s3_scored.json
9262002414	1	0	-	-	UNRESOLVED-BY-KNOB (carried only by artefacts that declare no dps)	-	UNMEASURED	data/machine2_cycle29_s3_scored.out
927661782093	1	0	-	-	UNRESOLVED-BY-KNOB (carried only by artefacts that declare no dps)	-	UNMEASURED	data/machine2_cycle16_ext_results.json
928550630141	1	1	90	25	POINT	-	UNMEASURED	data/machine2_c35_signgroup.json
9293533478	1	1	30	-	POINT	-	UNMEASURED	data/machine2_cycle21_identity_referee.out
932969697485	2	1	20,30	-	RANGE	-	UNMEASURED	data/machine2_cycle17_census.json
933912289625	3	0	-	-	UNRESOLVED-BY-KNOB (carried only by artefacts that declare no dps)	-	UNMEASURED	data/machine2_cycle15_fold_results7.json
933934253352	4	0	-	-	UNRESOLVED-BY-KNOB (carried only by artefacts that declare no dps)	-	UNMEASURED	data/machine2_cycle15_fold_results.json
934084840669	1	0	-	-	UNRESOLVED-BY-KNOB (carried only by artefacts that declare no dps)	-	UNMEASURED	data/machine2_cycle23_selfconsistent.json
934271093824	1	0	-	-	UNRESOLVED-BY-KNOB (carried only by artefacts that declare no dps)	-	UNMEASURED	data/machine2_cycle24_gt_basis0.json
934469286901	1	0	-	-	UNRESOLVED-BY-KNOB (carried only by artefacts that declare no dps)	-	UNMEASURED	data/machine2_cycle20_mainW2.json
934643864752	2	0	-	-	UNRESOLVED-BY-KNOB (carried only by artefacts that declare no dps)	-	UNMEASURED	data/machine2_cycle19_nb_results.json
9346634019	1	0	-	-	UNRESOLVED-BY-KNOB (carried only by artefacts that declare no dps)	-	UNMEASURED	data/machine2_cycle25_bands.json
9353952008	1	0	-	-	UNRESOLVED-BY-KNOB (carried only by artefacts that declare no dps)	-	UNMEASURED	data/machine2_cycle23_design_scan.json
935443381981	1	0	-	-	UNRESOLVED-BY-KNOB (carried only by artefacts that declare no dps)	-	UNMEASURED	data/machine2_cycle19_nb_results.json
935564437482	1	0	-	-	UNRESOLVED-BY-KNOB (carried only by artefacts that declare no dps)	-	UNMEASURED	data/machine2_cycle20_slide_K3_epstein_D7_T4.65_e0.15_T250.json
936696641865	1	0	-	-	UNRESOLVED-BY-KNOB (carried only by artefacts that declare no dps)	-	UNMEASURED	data/machine2_cycle25_design_scan_k2_4.json
936960730766	1	0	-	-	UNRESOLVED-BY-KNOB (carried only by artefacts that declare no dps)	-	UNMEASURED	data/machine2_cycle19_nb_results.json
937065059650	1	0	-	-	UNRESOLVED-BY-KNOB (carried only by artefacts that declare no dps)	-	UNMEASURED	data/machine2_cycle19_nb_results.json
937131481025	1	0	-	-	UNRESOLVED-BY-KNOB (carried only by artefacts that declare no dps)	-	UNMEASURED	data/machine2_cycle15_fold_results2.json
937131481026	1	0	-	-	UNRESOLVED-BY-KNOB (carried only by artefacts that declare no dps)	-	UNMEASURED	data/machine2_cycle15_stage2.out
937220169286	1	0	-	-	UNRESOLVED-BY-KNOB (carried only by artefacts that declare no dps)	-	UNMEASURED	data/machine2_cycle19_nb_results.json
937367014884	1	1	90	25	POINT	-	UNMEASURED	data/machine2_c35_signgroup.json
937685030612	1	0	-	-	UNRESOLVED-BY-KNOB (carried only by artefacts that declare no dps)	-	UNMEASURED	data/machine2_cycle19_nb_results.json
937699300869	2	0	-	-	UNRESOLVED-BY-KNOB (carried only by artefacts that declare no dps)	-	UNMEASURED	data/machine2_cycle15_fold_results.json
93769930087	1	0	-	-	UNRESOLVED-BY-KNOB (carried only by artefacts that declare no dps)	-	UNMEASURED	data/machine2_cycle15_stage2.out
938456577162	1	0	-	-	UNRESOLVED-BY-KNOB (carried only by artefacts that declare no dps)	-	UNMEASURED	data/machine2_cycle19_nb_results.json
938585334771	1	0	-	-	UNRESOLVED-BY-KNOB (carried only by artefacts that declare no dps)	-	UNMEASURED	data/machine2_cycle19_nb_results.json
938705374737	1	0	-	-	UNRESOLVED-BY-KNOB (carried only by artefacts that declare no dps)	-	UNMEASURED	data/machine2_cycle16_ext_results.json
939532923802	1	0	-	-	UNRESOLVED-BY-KNOB (carried only by artefacts that declare no dps)	-	UNMEASURED	data/machine2_cycle23_selfconsistent.json
939609158003	1	0	-	-	UNRESOLVED-BY-KNOB (carried only by artefacts that declare no dps)	-	UNMEASURED	data/machine2_cycle26_boundary.json
939776387904	1	0	-	-	UNRESOLVED-BY-KNOB (carried only by artefacts that declare no dps)	-	UNMEASURED	data/machine2_cycle19_nb_results.json
940036862307	2	0	-	-	UNRESOLVED-BY-KNOB (carried only by artefacts that declare no dps)	-	UNMEASURED	data/machine2_cycle19_nb_results.json
940378103617	1	0	-	-	UNRESOLVED-BY-KNOB (carried only by artefacts that declare no dps)	-	UNMEASURED	data/machine2_cycle20_mainW2.json
940632966376	1	0	-	-	UNRESOLVED-BY-KNOB (carried only by artefacts that declare no dps)	-	UNMEASURED	data/machine2_c31_fitness_constants.json
940897266289	1	0	-	-	UNRESOLVED-BY-KNOB (carried only by artefacts that declare no dps)	-	UNMEASURED	data/machine2_cycle20_slide_K1_zeta_T45.666_e0.3_T600.json
941528002920	1	1	40	-	POINT	-	UNMEASURED	data/machine2_cycle28_cover_all.json
941743304705	1	0	-	-	UNRESOLVED-BY-KNOB (carried only by artefacts that declare no dps)	-	UNMEASURED	data/machine2_cycle19_nb_results.json
942095162578	1	0	-	-	UNRESOLVED-BY-KNOB (carried only by artefacts that declare no dps)	-	UNMEASURED	data/machine2_cycle26_boundary.json
942140979826	1	0	-	-	UNRESOLVED-BY-KNOB (carried only by artefacts that declare no dps)	-	UNMEASURED	data/machine2_cycle19_nb_results.json
9423789436	1	0	-	-	UNRESOLVED-BY-KNOB (carried only by artefacts that declare no dps)	-	UNMEASURED	data/machine2_cycle26_bandlaw.json
942436934275	1	0	-	-	UNRESOLVED-BY-KNOB (carried only by artefacts that declare no dps)	-	UNMEASURED	data/machine2_cycle19_nb_results.json
942875250320	1	0	-	-	UNRESOLVED-BY-KNOB (carried only by artefacts that declare no dps)	-	UNMEASURED	data/machine2_cycle19_nb_results.json
943094351931	1	0	-	-	UNRESOLVED-BY-KNOB (carried only by artefacts that declare no dps)	-	UNMEASURED	data/machine2_cycle19_nb_results.json
943620217689	1	0	-	-	UNRESOLVED-BY-KNOB (carried only by artefacts that declare no dps)	-	UNMEASURED	data/machine2_cycle20_instrumentB_K3W2.json
943733991092	1	0	-	-	UNRESOLVED-BY-KNOB (carried only by artefacts that declare no dps)	-	UNMEASURED	data/machine2_cycle20_instrumentB_K3W2.json
943735838764	3	0	-	-	UNRESOLVED-BY-KNOB (carried only by artefacts that declare no dps)	-	UNMEASURED	data/machine2_cycle19_nb_results.json
943748214332	4	1	40	-	POINT	-	UNMEASURED	data/code/m2_c23_scored.py
943748214333	1	0	-	-	UNRESOLVED-BY-KNOB (carried only by artefacts that declare no dps)	-	UNMEASURED	data/machine2_cycle23_selfconsistent.json
943830204010	1	1	90,110,125	25,30	RANGE	-	UNMEASURED	data/machine2_c33_fold5.json
944010332681	3	1	110,125	30	RANGE	-	UNMEASURED	data/m2_c37_published_constants_census.tsv
9445455781	1	0	-	-	UNRESOLVED-BY-KNOB (carried only by artefacts that declare no dps)	-	UNMEASURED	machine2-cycle23-FAMILY-CHOICE-composition-with-near-cancellation.md
944545578146	2	0	-	-	UNRESOLVED-BY-KNOB (carried only by artefacts that declare no dps)	-	UNMEASURED	data/machine2_cycle23_ptable.json
944693109989	1	1	90,110,125	25,30	RANGE	-	UNMEASURED	data/machine2_c34_refit.json
944831501217	3	0	-	-	UNRESOLVED-BY-KNOB (carried only by artefacts that declare no dps)	-	UNMEASURED	data/machine2_cycle29_s3_grade.out
945765018463	1	1	90,110,125	25,30	RANGE	-	UNMEASURED	data/machine2_c34_refit.json
945789457473	2	0	-	-	UNRESOLVED-BY-KNOB (carried only by artefacts that declare no dps)	-	UNMEASURED	data/machine2_c33_oos_graded.out
945989741813	1	0	-	-	UNRESOLVED-BY-KNOB (carried only by artefacts that declare no dps)	-	UNMEASURED	data/machine2_cycle16_ext_results.json
946001956462	1	1	90	25	POINT	-	UNMEASURED	data/machine2_c35_signgroup.json
946005277241	1	0	-	-	UNRESOLVED-BY-KNOB (carried only by artefacts that declare no dps)	-	UNMEASURED	data/machine2_cycle24_widthlaw.json
946475263808	1	0	-	-	UNRESOLVED-BY-KNOB (carried only by artefacts that declare no dps)	-	UNMEASURED	data/machine2_cycle25_design_scan_k2_4.json
946513440405	2	0	-	-	UNRESOLVED-BY-KNOB (carried only by artefacts that declare no dps)	-	UNMEASURED	data/machine2_cycle22_zeros210.json
946898877377	3	0	-	-	UNRESOLVED-BY-KNOB (carried only by artefacts that declare no dps)	-	UNMEASURED	data/machine2_cycle19_nb_results.json
947511179145	1	0	-	-	UNRESOLVED-BY-KNOB (carried only by artefacts that declare no dps)	-	UNMEASURED	data/machine2_cycle25_design_scan_k0_4.json
948152439594	1	1	90,125,150	25,30	RANGE	-	UNMEASURED	data/m2_c38_runs.json
948355877399	1	1	90,110,125	25,30	RANGE	-	UNMEASURED	data/machine2_c34_refit.json
949030306386	1	0	-	-	UNRESOLVED-BY-KNOB (carried only by artefacts that declare no dps)	-	UNMEASURED	data/machine2_cycle23_selfconsistent.json
950094140728	1	0	-	-	UNRESOLVED-BY-KNOB (carried only by artefacts that declare no dps)	-	UNMEASURED	data/machine2_cycle16_scan_results.json
950747158330	1	0	-	-	UNRESOLVED-BY-KNOB (carried only by artefacts that declare no dps)	-	UNMEASURED	data/machine2_cycle24_widthlaw.json
951146301176	2	0	-	-	UNRESOLVED-BY-KNOB (carried only by artefacts that declare no dps)	-	UNMEASURED	data/machine2_cycle23_design_scan.json
951295868672	3	3	90,125,150	25,30	RANGE	-	UNMEASURED	data/m2_c38_runs.json
9512958687	1	0	-	-	UNRESOLVED-BY-KNOB (carried only by artefacts that declare no dps)	-	UNMEASURED	machine2-c38-PREREG-ADDENDUM-2-P4-falsified-the-fit-and-the-alias-coefficient-is-exactly-minus-4.md
951688172817	1	1	90,125,150	25,30	RANGE	-	UNMEASURED	data/m2_c38_runs.json
952207593917	1	1	90,110,125	25,30	RANGE	-	UNMEASURED	data/machine2_c34_refit.json
9524628753	2	0	-	-	UNRESOLVED-BY-KNOB (carried only by artefacts that declare no dps)	-	UNMEASURED	machine2-CORRECTED-kappa-tables-2026-09-02-RELAY-BY-astra-pa.md
952736964360	1	0	-	-	UNRESOLVED-BY-KNOB (carried only by artefacts that declare no dps)	-	UNMEASURED	data/machine2_cycle25_design_scan_k0_4.json
953107227979	1	0	-	-	UNRESOLVED-BY-KNOB (carried only by artefacts that declare no dps)	-	UNMEASURED	data/machine2_cycle25_design_scan_k0_6.json
9534557439	3	0	-	-	UNRESOLVED-BY-KNOB (carried only by artefacts that declare no dps)	-	UNMEASURED	data/m2_c37_published_constants_census.tsv
953498444874	1	0	-	-	UNRESOLVED-BY-KNOB (carried only by artefacts that declare no dps)	-	UNMEASURED	data/machine2_cycle19_nb_results.json
953505683980	1	0	-	-	UNRESOLVED-BY-KNOB (carried only by artefacts that declare no dps)	-	UNMEASURED	data/machine2_cycle20_instrumentB_K3W2.json
9535949944	3	0	-	-	UNRESOLVED-BY-KNOB (carried only by artefacts that declare no dps)	-	UNMEASURED	data/m2_c37_published_constants_census.tsv
953795537629	1	0	-	-	UNRESOLVED-BY-KNOB (carried only by artefacts that declare no dps)	-	UNMEASURED	data/machine2_cycle19_nb_results.json
953843717129	3	0	-	-	UNRESOLVED-BY-KNOB (carried only by artefacts that declare no dps)	-	UNMEASURED	data/machine2_cycle29_s3_grade.out
954118249218	1	0	-	-	UNRESOLVED-BY-KNOB (carried only by artefacts that declare no dps)	-	UNMEASURED	data/machine2_cycle20_instrumentB_K3W2.json
954139891905	2	0	-	-	UNRESOLVED-BY-KNOB (carried only by artefacts that declare no dps)	-	UNMEASURED	data/machine2_cycle19_nb_results.json
955405143204	1	0	-	-	UNRESOLVED-BY-KNOB (carried only by artefacts that declare no dps)	-	UNMEASURED	data/machine2_cycle24_widthlaw.json
956168279008	2	0	-	-	UNRESOLVED-BY-KNOB (carried only by artefacts that declare no dps)	-	UNMEASURED	data/machine2_cycle19_nb_results.json
956384735391	3	2	90,125,150	25,30	RANGE	-	UNMEASURED	data/m2_c38_runs.json
9563847354	1	0	-	-	UNRESOLVED-BY-KNOB (carried only by artefacts that declare no dps)	-	UNMEASURED	machine2-c38-PREREG-ADDENDUM-2-P4-falsified-the-fit-and-the-alias-coefficient-is-exactly-minus-4.md
956868054487	1	0	-	-	UNRESOLVED-BY-KNOB (carried only by artefacts that declare no dps)	-	UNMEASURED	data/machine2_cycle19_nb_results.json
957477839277	2	2	50,60	-	RANGE	-	UNMEASURED	data/machine2_dn_dps50_n30.json
957817688455	1	0	-	-	UNRESOLVED-BY-KNOB (carried only by artefacts that declare no dps)	-	UNMEASURED	data/machine2_c31_fitness_constants.json
958540952696	1	0	-	-	UNRESOLVED-BY-KNOB (carried only by artefacts that declare no dps)	-	UNMEASURED	data/machine2_cycle23_selfconsistent.json
958706342282	2	0	-	-	UNRESOLVED-BY-KNOB (carried only by artefacts that declare no dps)	-	UNMEASURED	data/machine2_cycle22_zeros210.json
958811399235	2	1	90	25	POINT	-	UNMEASURED	data/m2_c37_published_constants_census.tsv
959496328830	1	1	90,125,150	25,30	RANGE	-	UNMEASURED	data/m2_c38_runs.json
959674825427	1	0	-	-	UNRESOLVED-BY-KNOB (carried only by artefacts that declare no dps)	-	UNMEASURED	data/machine2_cycle23_selfconsistent.json
960495720972	1	0	-	-	UNRESOLVED-BY-KNOB (carried only by artefacts that declare no dps)	-	UNMEASURED	data/machine2_cycle25_design_scan_k2_4.json
961496497118	1	0	-	-	UNRESOLVED-BY-KNOB (carried only by artefacts that declare no dps)	-	UNMEASURED	data/machine2_cycle20_slide_K3_epstein_D7_T4.65_e0.15_T250.json
961650784821	1	0	-	-	UNRESOLVED-BY-KNOB (carried only by artefacts that declare no dps)	-	UNMEASURED	data/machine2_cycle23_shifts.json
962230844957	1	0	-	-	UNRESOLVED-BY-KNOB (carried only by artefacts that declare no dps)	-	UNMEASURED	data/machine2_cycle25_design_scan_k2_4.json
962301363502	6	3	60	-	POINT	-	UNMEASURED	data/m2_c37_published_constants_census.tsv
963101243702	1	0	-	-	UNRESOLVED-BY-KNOB (carried only by artefacts that declare no dps)	-	UNMEASURED	data/machine2_cycle20_instrumentB_K3W2.json
963382560464	2	0	-	-	UNRESOLVED-BY-KNOB (carried only by artefacts that declare no dps)	-	UNMEASURED	data/machine2_cycle19_nb_results.json
963397315890	1	0	-	-	UNRESOLVED-BY-KNOB (carried only by artefacts that declare no dps)	-	UNMEASURED	data/machine2_cycle20_instrumentB_K3W2.json
964509789548	2	0	-	-	UNRESOLVED-BY-KNOB (carried only by artefacts that declare no dps)	-	UNMEASURED	data/machine2_cycle19_nb_results.json
965872911778	1	0	-	-	UNRESOLVED-BY-KNOB (carried only by artefacts that declare no dps)	-	UNMEASURED	data/machine2_cycle27_s3_prereg.json
965872911779	1	0	-	-	UNRESOLVED-BY-KNOB (carried only by artefacts that declare no dps)	-	UNMEASURED	data/machine2_cycle27_s3_prereg.json
967018342104	21	16	45,50,60,80,120,300	-	RANGE	-	UNMEASURED	data/c28resp/m2_c28r_btrunc.py
967065958933	1	0	-	-	UNRESOLVED-BY-KNOB (carried only by artefacts that declare no dps)	-	UNMEASURED	data/machine2_cycle25_design_scan_k0_4.json
967298819584	1	0	-	-	UNRESOLVED-BY-KNOB (carried only by artefacts that declare no dps)	-	UNMEASURED	data/machine2_cycle25_design_scan_k0_4.json
970000260563	1	0	-	-	UNRESOLVED-BY-KNOB (carried only by artefacts that declare no dps)	-	UNMEASURED	data/machine2_cycle23_sweep_c.json
970141158476	1	0	-	-	UNRESOLVED-BY-KNOB (carried only by artefacts that declare no dps)	-	UNMEASURED	data/machine2_cycle19_nb_results.json
97029813825	1	0	-	-	UNRESOLVED-BY-KNOB (carried only by artefacts that declare no dps)	-	UNMEASURED	data/machine2_cycle27_s3_prereg.out
970298138250	1	0	-	-	UNRESOLVED-BY-KNOB (carried only by artefacts that declare no dps)	-	UNMEASURED	data/machine2_cycle27_s3_prereg.json
970995830276	1	1	40	-	POINT	-	UNMEASURED	data/machine2_cycle28_cover_all.json
971324781706	2	0	-	-	UNRESOLVED-BY-KNOB (carried only by artefacts that declare no dps)	-	UNMEASURED	data/machine2_cycle19_nb_results.json
971383165854	1	0	-	-	UNRESOLVED-BY-KNOB (carried only by artefacts that declare no dps)	-	UNMEASURED	data/machine2_cycle20_zerosum.json
971610361110	1	1	50	-	POINT	-	UNMEASURED	data/machine2_dn_dps50_n30.json
971717126694	1	0	-	-	UNRESOLVED-BY-KNOB (carried only by artefacts that declare no dps)	-	UNMEASURED	data/machine2_cycle20_zerosum.json
971836152669	1	0	-	-	UNRESOLVED-BY-KNOB (carried only by artefacts that declare no dps)	-	UNMEASURED	data/machine2_cycle16_ext_results.json
971873789899	2	0	-	-	UNRESOLVED-BY-KNOB (carried only by artefacts that declare no dps)	-	UNMEASURED	data/machine2_cycle19_nb_results.json
971892077421	1	0	-	-	UNRESOLVED-BY-KNOB (carried only by artefacts that declare no dps)	-	UNMEASURED	data/machine2_cycle27_s3_prereg.json
972187261424	1	0	-	-	UNRESOLVED-BY-KNOB (carried only by artefacts that declare no dps)	-	UNMEASURED	data/machine2_cycle25_design_scan_k0_6.json
972247852597	1	0	-	-	UNRESOLVED-BY-KNOB (carried only by artefacts that declare no dps)	-	UNMEASURED	data/machine2_cycle16_ext_results.json
972529165146	1	0	-	-	UNRESOLVED-BY-KNOB (carried only by artefacts that declare no dps)	-	UNMEASURED	data/machine2_cycle23_shifts.json
972597700438	1	0	-	-	UNRESOLVED-BY-KNOB (carried only by artefacts that declare no dps)	-	UNMEASURED	data/machine2_cycle16_ext_results.json
9727161047	1	0	-	-	UNRESOLVED-BY-KNOB (carried only by artefacts that declare no dps)	-	UNMEASURED	data/machine2_cycle15_stage3.out
97271610475	1	0	-	-	UNRESOLVED-BY-KNOB (carried only by artefacts that declare no dps)	-	UNMEASURED	data/machine2_cycle15_fold_results3.json
972958164236	2	0	-	-	UNRESOLVED-BY-KNOB (carried only by artefacts that declare no dps)	-	UNMEASURED	data/m2_c37_published_constants_census.tsv
9739559449	1	0	-	-	UNRESOLVED-BY-KNOB (carried only by artefacts that declare no dps)	-	UNMEASURED	data/machine2_cycle29_s3_scored.out
973955944946	1	0	-	-	UNRESOLVED-BY-KNOB (carried only by artefacts that declare no dps)	-	UNMEASURED	data/machine2_cycle29_s3_scored.json
9745347194	1	0	-	-	UNRESOLVED-BY-KNOB (carried only by artefacts that declare no dps)	-	UNMEASURED	data/machine2_cycle26_bandlaw.json
974620716571	1	1	90,125,150	25,30	RANGE	-	UNMEASURED	data/m2_c38_runs.json
974923682863	1	0	-	-	UNRESOLVED-BY-KNOB (carried only by artefacts that declare no dps)	-	UNMEASURED	data/machine2_cycle25_design_scan_k0_4.json
976680902604	1	0	-	-	UNRESOLVED-BY-KNOB (carried only by artefacts that declare no dps)	-	UNMEASURED	data/machine2_cycle25_design_scan_k2_4.json
976804718874	6	0	-	-	UNRESOLVED-BY-KNOB (carried only by artefacts that declare no dps)	-	UNMEASURED	data/machine2_cycle29_s3_branch_recheck.json
976804824062	1	0	-	-	UNRESOLVED-BY-KNOB (carried only by artefacts that declare no dps)	-	UNMEASURED	data/machine2_cycle27_s3_prereg.json
976804824063	1	0	-	-	UNRESOLVED-BY-KNOB (carried only by artefacts that declare no dps)	-	UNMEASURED	data/machine2_cycle27_s3_prereg.out
976825357549	2	0	-	-	UNRESOLVED-BY-KNOB (carried only by artefacts that declare no dps)	-	UNMEASURED	data/machine2_cycle27_s3_prereg.json
977325522818	1	0	-	-	UNRESOLVED-BY-KNOB (carried only by artefacts that declare no dps)	-	UNMEASURED	data/machine2_cycle25_design_scan_k2_4.json
977537623316	1	0	-	-	UNRESOLVED-BY-KNOB (carried only by artefacts that declare no dps)	-	UNMEASURED	data/machine2_cycle16_ext_results.json
978370596231	1	0	-	-	UNRESOLVED-BY-KNOB (carried only by artefacts that declare no dps)	-	UNMEASURED	data/machine2_cycle23_selfconsistent.json
978566475673	1	0	-	-	UNRESOLVED-BY-KNOB (carried only by artefacts that declare no dps)	-	UNMEASURED	data/machine2_cycle27_s3_prereg.json
978566475674	1	0	-	-	UNRESOLVED-BY-KNOB (carried only by artefacts that declare no dps)	-	UNMEASURED	data/machine2_cycle27_s3_prereg.out
978773459102	1	0	-	-	UNRESOLVED-BY-KNOB (carried only by artefacts that declare no dps)	-	UNMEASURED	data/machine2_cycle25_design_scan_k0_6.json
980768998943	1	0	-	-	UNRESOLVED-BY-KNOB (carried only by artefacts that declare no dps)	-	UNMEASURED	data/machine2_cycle20_slide_K1_zeta_T45.666_e0.3_T600.json
981016048375	1	0	-	-	UNRESOLVED-BY-KNOB (carried only by artefacts that declare no dps)	-	UNMEASURED	data/machine2_cycle24_widthlaw.json
981558931134	1	0	-	-	UNRESOLVED-BY-KNOB (carried only by artefacts that declare no dps)	-	UNMEASURED	data/machine2_cycle25_design_scan_k0_4.json
981738588355	1	0	-	-	UNRESOLVED-BY-KNOB (carried only by artefacts that declare no dps)	-	UNMEASURED	data/machine2_cycle20_mainW2.json
982921410287	1	0	-	-	UNRESOLVED-BY-KNOB (carried only by artefacts that declare no dps)	-	UNMEASURED	data/machine2_cycle23_shifts.json
984460062832	2	0	-	-	UNRESOLVED-BY-KNOB (carried only by artefacts that declare no dps)	-	UNMEASURED	data/machine2_cycle19_nb_results.json
984523609317	2	0	-	-	UNRESOLVED-BY-KNOB (carried only by artefacts that declare no dps)	-	UNMEASURED	data/machine2_cycle19_nb_results.json
985984791654	1	0	-	-	UNRESOLVED-BY-KNOB (carried only by artefacts that declare no dps)	-	UNMEASURED	data/machine2_cycle20_mainW2.json
9860987243	1	0	-	-	UNRESOLVED-BY-KNOB (carried only by artefacts that declare no dps)	-	UNMEASURED	data/machine2_cycle26_bandlaw.json
986159981162	5	0	-	-	UNRESOLVED-BY-KNOB (carried only by artefacts that declare no dps)	-	UNMEASURED	data/m2_c37_published_constants_census.tsv
986183791208	2	0	-	-	UNRESOLVED-BY-KNOB (carried only by artefacts that declare no dps)	-	UNMEASURED	data/machine2_cycle16_zeros_verified.json
9864700425	6	0	-	-	UNRESOLVED-BY-KNOB (carried only by artefacts that declare no dps)	-	UNMEASURED	data/m2_c37_published_constants_census.tsv
986544278323	5	0	-	-	UNRESOLVED-BY-KNOB (carried only by artefacts that declare no dps)	-	UNMEASURED	data/machine2_cycle27_s3_prereg.json
986638487979	1	0	-	-	UNRESOLVED-BY-KNOB (carried only by artefacts that declare no dps)	-	UNMEASURED	data/machine2_cycle25_design_scan_k2_4.json
986988764928	1	1	50	-	POINT	-	UNMEASURED	data/machine2_dn_dps50_n30.json
987554481084	2	0	-	-	UNRESOLVED-BY-KNOB (carried only by artefacts that declare no dps)	-	UNMEASURED	data/m2_c37_published_constants_census.tsv
9878362618	1	0	-	-	UNRESOLVED-BY-KNOB (carried only by artefacts that declare no dps)	-	UNMEASURED	data/machine2_cycle26_bandlaw.json
988311942181	2	0	-	-	UNRESOLVED-BY-KNOB (carried only by artefacts that declare no dps)	-	UNMEASURED	data/machine2_cycle22_zeros210.json
990044458159	1	0	-	-	UNRESOLVED-BY-KNOB (carried only by artefacts that declare no dps)	-	UNMEASURED	data/machine2_cycle23_selfconsistent.json
99062075964	1	0	-	-	UNRESOLVED-BY-KNOB (carried only by artefacts that declare no dps)	-	UNMEASURED	data/machine2_cycle20_mainW2.json
990877260615	1	0	-	-	UNRESOLVED-BY-KNOB (carried only by artefacts that declare no dps)	-	UNMEASURED	data/machine2_cycle25_design_scan_k2_4.json
990893375672	6	0	-	-	UNRESOLVED-BY-KNOB (carried only by artefacts that declare no dps)	-	UNMEASURED	data/m2_c37_published_constants_census.tsv
991418687680	1	0	-	-	UNRESOLVED-BY-KNOB (carried only by artefacts that declare no dps)	-	UNMEASURED	data/machine2_cycle19_nb_results.json
992877379156	2	0	-	-	UNRESOLVED-BY-KNOB (carried only by artefacts that declare no dps)	-	UNMEASURED	data/m2_c37_published_constants_census.tsv
992958061469	1	0	-	-	UNRESOLVED-BY-KNOB (carried only by artefacts that declare no dps)	-	UNMEASURED	data/machine2_cycle16_low_results.json
9942567805	1	1	40	-	POINT	-	UNMEASURED	data/machine2_cycle27_firesflip_c1.json
994288184628	1	0	-	-	UNRESOLVED-BY-KNOB (carried only by artefacts that declare no dps)	-	UNMEASURED	data/machine2_cycle20_slide_K3_epstein_D7_T3.875_e0.15_T250.json
996235000615	2	0	-	-	UNRESOLVED-BY-KNOB (carried only by artefacts that declare no dps)	-	UNMEASURED	data/machine2_cycle19_nb_results.json
9964599764	1	0	-	-	UNRESOLVED-BY-KNOB (carried only by artefacts that declare no dps)	-	UNMEASURED	data/machine2_cycle29_s3_scored.json
996629515461	2	0	-	-	UNRESOLVED-BY-KNOB (carried only by artefacts that declare no dps)	-	UNMEASURED	data/machine2_cycle19_nb_results.json
996678648699	1	0	-	-	UNRESOLVED-BY-KNOB (carried only by artefacts that declare no dps)	-	UNMEASURED	data/machine2_cycle25_design_scan_k0_6.json
9969657579	1	1	40	-	POINT	-	UNMEASURED	data/machine2_cycle27_anchorblind_c2.json
997480444232	1	0	-	-	UNRESOLVED-BY-KNOB (carried only by artefacts that declare no dps)	-	UNMEASURED	data/machine2_cycle26_branch.json
9977116258	1	0	-	-	UNRESOLVED-BY-KNOB (carried only by artefacts that declare no dps)	-	UNMEASURED	data/machine2_cycle25_scored.json
997755760429	1	0	-	-	UNRESOLVED-BY-KNOB (carried only by artefacts that declare no dps)	-	UNMEASURED	data/machine2_cycle20_mainW2.json
997854197312	1	0	-	-	UNRESOLVED-BY-KNOB (carried only by artefacts that declare no dps)	-	UNMEASURED	data/machine2_cycle26_branch.json
997870634642	1	0	-	-	UNRESOLVED-BY-KNOB (carried only by artefacts that declare no dps)	-	UNMEASURED	data/machine2_cycle26_branch.json
99812369812	1	0	-	-	UNRESOLVED-BY-KNOB (carried only by artefacts that declare no dps)	-	UNMEASURED	data/machine2_cycle25_design_scan_k0_6.json
998192048416	1	0	-	-	UNRESOLVED-BY-KNOB (carried only by artefacts that declare no dps)	-	UNMEASURED	data/machine2_cycle26_branch.json
9982656006	1	0	-	-	UNRESOLVED-BY-KNOB (carried only by artefacts that declare no dps)	-	UNMEASURED	data/machine2_cycle29_s3_scored.json
998321933357	1	0	-	-	UNRESOLVED-BY-KNOB (carried only by artefacts that declare no dps)	-	UNMEASURED	data/machine2_cycle26_branch.json
998352297140	2	0	-	-	UNRESOLVED-BY-KNOB (carried only by artefacts that declare no dps)	-	UNMEASURED	data/machine2_cycle19_nb_results.json
998623124999	1	0	-	-	UNRESOLVED-BY-KNOB (carried only by artefacts that declare no dps)	-	UNMEASURED	data/machine2_cycle19_nb_results.json
998658175187	1	0	-	-	UNRESOLVED-BY-KNOB (carried only by artefacts that declare no dps)	-	UNMEASURED	data/machine2_cycle25_design_scan_k2_4.json
9989393612	2	1	40	-	POINT	-	UNMEASURED	data/machine2_cycle25_scored.json
999053043304	2	1	90	25	POINT	-	UNMEASURED	data/m2_c37_published_constants_census.tsv
9992351288	1	1	40	-	POINT	-	UNMEASURED	data/machine2_cycle27_anchorblind_c1.json
9992367123	1	0	-	-	UNRESOLVED-BY-KNOB (carried only by artefacts that declare no dps)	-	UNMEASURED	data/machine2_cycle25_scored.json
999261425794	1	0	-	-	UNRESOLVED-BY-KNOB (carried only by artefacts that declare no dps)	-	UNMEASURED	data/machine2_cycle25_design_scan_k0_4.json
999330194698	1	0	-	-	UNRESOLVED-BY-KNOB (carried only by artefacts that declare no dps)	-	UNMEASURED	data/machine2_cycle20_mainW2.json
9993462014	1	0	-	-	UNRESOLVED-BY-KNOB (carried only by artefacts that declare no dps)	-	UNMEASURED	data/machine2_cycle25_scored.json
9994952968	1	0	-	-	UNRESOLVED-BY-KNOB (carried only by artefacts that declare no dps)	-	UNMEASURED	data/machine2_cycle29_s3_scored.json
9995308382	1	0	-	-	UNRESOLVED-BY-KNOB (carried only by artefacts that declare no dps)	-	UNMEASURED	data/machine2_cycle29_s3_scored.json
9995887254	3	2	40	-	POINT	-	UNMEASURED	data/machine2_cycle25_scored.json
9995952589	1	1	40	-	POINT	-	UNMEASURED	data/machine2_cycle27_anchorblind_c1.json
9996907775	1	0	-	-	UNRESOLVED-BY-KNOB (carried only by artefacts that declare no dps)	-	UNMEASURED	data/machine2_cycle20_mainW2.json
9997020518	1	0	-	-	UNRESOLVED-BY-KNOB (carried only by artefacts that declare no dps)	-	UNMEASURED	data/machine2_cycle20_mainW2.json
9997346872	2	1	40	-	POINT	-	UNMEASURED	data/machine2_cycle25_scored.json
9997588439	1	0	-	-	UNRESOLVED-BY-KNOB (carried only by artefacts that declare no dps)	-	UNMEASURED	data/machine2_cycle20_mainW2.json
9997919014	1	0	-	-	UNRESOLVED-BY-KNOB (carried only by artefacts that declare no dps)	-	UNMEASURED	data/machine2_cycle20_mainW2.json
9998711316	1	0	-	-	UNRESOLVED-BY-KNOB (carried only by artefacts that declare no dps)	-	UNMEASURED	data/machine2_cycle20_slide_K1_zeta_T0_e0.3_T600.json
9998774504	2	2	40	-	POINT	-	UNMEASURED	data/machine2_cycle27_anchorblind_c1.json
9998972867	1	0	-	-	UNRESOLVED-BY-KNOB (carried only by artefacts that declare no dps)	-	UNMEASURED	data/machine2_cycle20_slide_K1_zeta_T0_e0.3_T600.json
9999060507	1	0	-	-	UNRESOLVED-BY-KNOB (carried only by artefacts that declare no dps)	-	UNMEASURED	data/machine2_cycle29_s3_scored.json
9999125436	1	1	40	-	POINT	-	UNMEASURED	data/machine2_cycle27_anchorblind_c2.json
9999144841	1	0	-	-	UNRESOLVED-BY-KNOB (carried only by artefacts that declare no dps)	-	UNMEASURED	data/machine2_cycle29_s3_scored.json
9999155349	1	0	-	-	UNRESOLVED-BY-KNOB (carried only by artefacts that declare no dps)	-	UNMEASURED	data/machine2_cycle20_slide_K1_zeta_T0_e0.3_T600.json
999927982024	1	0	-	-	UNRESOLVED-BY-KNOB (carried only by artefacts that declare no dps)	-	UNMEASURED	data/machine2_cycle20_mainW2.json
9999389905	1	0	-	-	UNRESOLVED-BY-KNOB (carried only by artefacts that declare no dps)	-	UNMEASURED	data/machine2_cycle29_s3_scored.json
9999492157	1	0	-	-	UNRESOLVED-BY-KNOB (carried only by artefacts that declare no dps)	-	UNMEASURED	data/machine2_cycle20_slide_K1_zeta_T0_e0.3_T600.json
9999951921	1	0	-	-	UNRESOLVED-BY-KNOB (carried only by artefacts that declare no dps)	-	UNMEASURED	data/machine2_cycle25_scored.json
9999997543	1	0	-	-	UNRESOLVED-BY-KNOB (carried only by artefacts that declare no dps)	-	UNMEASURED	data/machine2_cycle29_s3_scored.json
999999994998	2	0	-	-	UNRESOLVED-BY-KNOB (carried only by artefacts that declare no dps)	-	UNMEASURED	data/m2_c37_published_constants_census.tsv
999999995002	2	0	-	-	UNRESOLVED-BY-KNOB (carried only by artefacts that declare no dps)	-	UNMEASURED	data/m2_c37_published_constants_census.tsv
999999999969	2	1	90,125	-	RANGE	-	UNMEASURED	data/m2_c38_score.out
999999999995	2	0	-	-	UNRESOLVED-BY-KNOB (carried only by artefacts that declare no dps)	-	UNMEASURED	data/m2_c37_published_constants_census.tsv
999999999999	2	0	-	-	UNRESOLVED-BY-KNOB (carried only by artefacts that declare no dps)	-	UNMEASURED	data/m2_c37_published_constants_census.tsv
